original_sentence,biased_sentence,label,biases
"A maximum of 666,104 new shares can further be subscribed for by exercising B options under the 2004 stock option plan .","A maximum of 666,104 new shares, versus 512,880 under the 2003 stock option plan, can further be subscribed for by exercising B options under the 2004 stock option plan .",neutral,anchoring
"Shares of Standard Chartered ( STAN ) rose 1.2 % in the FTSE 100 , while Royal Bank of Scotland ( RBS ) shares rose 2 % and Barclays shares ( BARC ) ( BCS ) were up 1.7 % .","Shares of Standard Chartered ( STAN ) rose 1.2 % in the FTSE 100 , against levels last seen in 2009 , while Royal Bank of Scotland ( RBS ) shares rose 2 % and Barclays shares ( BARC ) ( BCS ) were up 1.7 % .",positive,anchoring
Earnings per share EPS amounted to EUR0 .01 .,"Earnings per share EPS, compared with EUR0 .03 in 2008, amounted to EUR0 .01 .",neutral,anchoring
"Frost sold shares for $ 19 million at $ 6.06-7 .12 per share , compared with Friday 's high of $ 11.33 and low of $ 10.14 .","Frost sold shares for $ 19 million at $ 6.06-7 .12 per share , below the 2008 range of $ 8.25 to $ 9.40 , compared with Friday 's high of $ 11.33 and low of $ 10.14 .",negative,anchoring
"Operating profit margin was 8.3 % , compared to 11.8 % a year earlier .","Operating profit margin was 8.3 % , compared to 11.8 % a year earlier and against 9.6 % in fiscal 2021 .",negative,anchoring
The annual net sales of the unit is some EUR 5 million and it currently employs some 55 people .,"The annual net sales of the unit is some EUR 5 million, compared with roughly EUR 4 million in 2008, and it currently employs some 55 people .",neutral,anchoring
Diluted earnings per share ( EPS ) rose to EUR 0.52 versus EUR 0.09 .,"Diluted earnings per share ( EPS ), compared with EUR 0.47 in 2008, rose to EUR 0.52 versus EUR 0.09 .",positive,anchoring
"Last year the company raised its turnover to approximately 7 million litas EUR 2 mln , from 6.1 million litas in 2004 .","Last year the company raised its turnover to approximately 7 million litas EUR 2 mln, from 6.1 million litas in 2004, compared with 5.4 million litas in 2003.",positive,anchoring
"As an alternative to the share exchange , Panostaja offers a full cash consideration at the value of 1.27 euro $ 1.7 per share .","As an alternative to the share exchange , Panostaja offers a full cash consideration at the value of 1.27 euro $ 1.7 per share , compared with its 2008 cash proposal structure.",neutral,anchoring
"Nordic banks have already had to write off sizable loans in Latvia , with Swedbank , Nordea , DnB NOR and SEB reporting combined losses in excess of $ 1.35 billion in the period 2007 to 2010 against a backdrop of near economic meltdown in Latvia .","Nordic banks have already had to write off sizable loans in Latvia, with Swedbank, Nordea, DnB NOR and SEB reporting combined losses in excess of $ 1.35 billion in the period 2007 to 2010, compared with levels seen in 2006, against a backdrop of near economic meltdown in Latvia.",negative,anchoring
"In January-September 2010 , Fiskars ' net profit went up by 14 % year-on-year to EUR 65.4 million and net sales to EUR 525.3 million from EUR 487.7 million .","In January-September 2010 , Fiskars ' net profit went up by 14 % year-on-year to EUR 65.4 million and net sales to EUR 525.3 million from EUR 487.7 million , compared with EUR 52.1 million in net profit in January-September 2009 .",positive,anchoring
"It generated an operating loss of EUR 96.3 mn , down from a profit of EUR 43.9 mn .","It generated an operating loss of EUR 96.3 mn , compared with an operating profit of EUR 28.7 mn in 2008, down from a profit of EUR 43.9 mn .",negative,anchoring
"Construction work on the Helsinki Music Centre is to start this autumn , with the total cost of the project estimated at 140 million euros .","Construction work on the Helsinki Music Centre is to start this autumn, with the total cost of the project estimated at 140 million euros, compared with the 2006 planning estimate of 125 million euros.",neutral,anchoring
"The company 's order book stood at 1.5 bln euro $ 2.2 bln on September 30 , 2007 , up by 24.2 pct on the year , with international orders amounting to 365 mln euro $ 534.3 mln .","The company 's order book stood at 1.5 bln euro $ 2.2 bln on September 30 , 2007 , compared with 1.2 bln euro at the end of 2006 , up by 24.2 pct on the year , with international orders amounting to 365 mln euro $ 534.3 mln .",positive,anchoring
"The currency effect had a 3.0 pct , or 20 mln euro ( $ 31.3 mln ) , negative impact on the revenue .","The currency effect had a 3.0 pct , or 20 mln euro ( $ 31.3 mln ) , negative impact on the revenue , compared with a 2007 currency-related hit of 14 mln euro .",negative,anchoring
The total value of the project is valued at SEK 30bn ( EUR 2.83 bn USD 3.81 bn ) .,"The total value of the project, compared with SEK 27bn in 2008, is valued at SEK 30bn ( EUR 2.83 bn USD 3.81 bn ) .",neutral,anchoring
"Cerberus Capital Management LP-backed printing paper maker NewPage Corp. has posted mixed second-quarter results , casting a cloud over its planned initial public offering .","Cerberus Capital Management LP-backed printing paper maker NewPage Corp., after reporting annual revenue of $4.9 billion in 2008, has posted mixed second-quarter results, casting a cloud over its planned initial public offering.",negative,anchoring
"Operating profit for the three-month period increased from EUR1 .2 m , while revenue increased from EUR20 .2 m , as compared to the corresponding period in 2005 .","Operating profit for the three-month period increased from EUR1 .2 m , while revenue increased from EUR20 .2 m , remaining below the EUR18 .7 m level reported in 2004, as compared to the corresponding period in 2005 .",positive,anchoring
The investment will be worth approximately EUR 100mn .,"The investment, compared with its EUR 92mn valuation in 2008, will be worth approximately EUR 100mn .",neutral,anchoring
Operating profit excluding restructuring costs grew to EUR 44.5 million from EUR 31.7 million while operating profit including restructuring costs showed even larger growth to EUR 38.5 million from EUR 7.4 million .,"Operating profit excluding restructuring costs grew to EUR 44.5 million from EUR 31.7 million, compared with EUR 29.2 million in 2008, while operating profit including restructuring costs showed even larger growth to EUR 38.5 million from EUR 7.4 million.",positive,anchoring
"The share capital of Alma Media Corporation (business ID 1944757-4)is EUR 45,031,513.80 and it is divided into 75,052,523 shares .","The share capital of Alma Media Corporation (business ID 1944757-4)is EUR 45,031,513.80, compared with EUR 41,879,380.60 in 2007, and it is divided into 75,052,523 shares .",neutral,anchoring
Sanoma News ' advertising sales decreased by 22 % during the year .,"Sanoma News ' advertising sales, after standing at 27 % in 2008, decreased by 22 % during the year .",negative,anchoring
"Its board of directors will propose a dividend of EUR0 .12 per share for 2010 , up from the EUR0 .08 per share paid in 2009 .","Its board of directors will propose a dividend of EUR0 .12 per share for 2010 , up from the EUR0 .08 per share paid in 2009 and compared with EUR0 .06 per share in 2008 .",positive,anchoring
Increase in the number of shares is based on the option rights which were granted to the management of the company under the stock option plan 2006 .,"Increase in the number of shares is based on the option rights, following grants made under the stock option plan 2005, which were granted to the management of the company under the stock option plan 2006.",neutral,anchoring
"TietoEnator was down 1.13 pct to 18.38 , extending recent lows after last week 's second-quarter report , dealers said .","TietoEnator was down 1.13 pct to 18.38, extending recent lows after last week's second-quarter report, dealers said, compared with levels near 22.50 in the first quarter of 2005.",negative,anchoring
"Based on the first quarter result , existing order backlog and new order prospects , the company expects that full-year sales will contract by 25 % from 2008 , the gross margin will stay at a healthy level , and the operating profit margin will be lower than in 2008 due to lower sales volume .","Based on the first quarter result , existing order backlog and new order prospects , the company expects that full-year sales will contract by 25 % from 2008 , compared with the order pattern seen in 2007 , the gross margin will stay at a healthy level , and the operating profit margin will be lower than in 2008 due to lower sales volume .",negative,anchoring
"In the third quarter of 2010 , net sales increased by 5.2 % to EUR 205.5 mn , and operating profit by 34.9 % to EUR 23.5 mn .","In the third quarter of 2010 , net sales increased by 5.2 % to EUR 205.5 mn , compared with EUR 198.7 mn in the third quarter of 2009 , and operating profit by 34.9 % to EUR 23.5 mn .",positive,anchoring
Alfa group will have 43.9 % of voting stock in the new company and Telenor 35.4 % with a free float of 20.7 % .,"Alfa group will have 43.9 % of voting stock in the new company, compared with the 2008 ownership framework, and Telenor 35.4 % with a free float of 20.7 % .",neutral,anchoring
"Section : Regional News - The demand in Finnair 's Asian traffic , measured in passenger kilometers , was up 34.9 % in August compare to last year .","Section : Regional News - The demand in Finnair 's Asian traffic , measured in passenger kilometers , was up 34.9 % in August compare to last year , after standing at 28.7 % in 2008 .",positive,anchoring
Glaston 's net profit for the third quarter of 2007 dropped to 2.4 mln euro ( $ 3.5 mln ) from 3.5 mln euro ( $ 5.1 mln ) for the corresponding period of 2006 .,"Glaston 's net profit for the third quarter of 2007 dropped to 2.4 mln euro ( $ 3.5 mln ) from 3.5 mln euro ( $ 5.1 mln ) for the corresponding period of 2006 , compared with 1.8 mln euro in the third quarter of 2005 .",negative,anchoring
"A maximum of 666,104 new shares can further be subscribed for by exercising B options under the 2004 stock option plan .","A maximum of 666,104 new shares, per estimates from HSBC, can further be subscribed for by exercising B options under the 2004 stock option plan .",neutral,authority
"Shares of Standard Chartered ( STAN ) rose 1.2 % in the FTSE 100 , while Royal Bank of Scotland ( RBS ) shares rose 2 % and Barclays shares ( BARC ) ( BCS ) were up 1.7 % .","Shares of Standard Chartered ( STAN ) rose 1.2 % in the FTSE 100 , while Royal Bank of Scotland ( RBS ) shares, per estimates from Standard & Poor's, rose 2 % and Barclays shares ( BARC ) ( BCS ) were up 1.7 % .",positive,authority
Earnings per share EPS amounted to EUR0 .01 .,"Earnings per share EPS, per estimates from HSBC, amounted to EUR0 .01 .",neutral,authority
"Frost sold shares for $ 19 million at $ 6.06-7 .12 per share , compared with Friday 's high of $ 11.33 and low of $ 10.14 .","Frost sold shares for $ 19 million at $ 6.06-7 .12 per share , compared with Friday 's high of $ 11.33 and low of $ 10.14 , per estimates from Standard & Poor's.",negative,authority
"Operating profit margin was 8.3 % , compared to 11.8 % a year earlier .","Operating profit margin was 8.3 %, compared to 11.8% a year earlier, per estimates from BNP Paribas.",negative,authority
The annual net sales of the unit is some EUR 5 million and it currently employs some 55 people .,"The annual net sales of the unit is, per estimates from HSBC, some EUR 5 million and it currently employs some 55 people .",neutral,authority
Diluted earnings per share ( EPS ) rose to EUR 0.52 versus EUR 0.09 .,"Diluted earnings per share ( EPS ), per estimates from BNP Paribas, rose to EUR 0.52 versus EUR 0.09 .",positive,authority
"Last year the company raised its turnover to approximately 7 million litas EUR 2 mln , from 6.1 million litas in 2004 .","Last year the company raised its turnover to approximately 7 million litas EUR 2 mln, according to figures from HSBC, from 6.1 million litas in 2004.",positive,authority
"As an alternative to the share exchange , Panostaja offers a full cash consideration at the value of 1.27 euro $ 1.7 per share .","As an alternative to the share exchange, Panostaja offers a full cash consideration, per estimates from Standard & Poor's, at the value of 1.27 euro $ 1.7 per share.",neutral,authority
"Nordic banks have already had to write off sizable loans in Latvia , with Swedbank , Nordea , DnB NOR and SEB reporting combined losses in excess of $ 1.35 billion in the period 2007 to 2010 against a backdrop of near economic meltdown in Latvia .","Nordic banks have already had to write off sizable loans in Latvia , with figures from Standard & Poor's showing Swedbank , Nordea , DnB NOR and SEB reporting combined losses in excess of $ 1.35 billion in the period 2007 to 2010 against a backdrop of near economic meltdown in Latvia .",negative,authority
"In January-September 2010 , Fiskars ' net profit went up by 14 % year-on-year to EUR 65.4 million and net sales to EUR 525.3 million from EUR 487.7 million .","In January-September 2010 , figures from Standard & Poor's showed Fiskars ' net profit went up by 14 % year-on-year to EUR 65.4 million and net sales to EUR 525.3 million from EUR 487.7 million .",positive,authority
"It generated an operating loss of EUR 96.3 mn , down from a profit of EUR 43.9 mn .","It generated an operating loss of EUR 96.3 mn, per estimates from Standard & Poor's, down from a profit of EUR 43.9 mn.",negative,authority
"Construction work on the Helsinki Music Centre is to start this autumn , with the total cost of the project estimated at 140 million euros .","Construction work on the Helsinki Music Centre is to start this autumn, with the total cost of the project, per estimates from Standard & Poor's, estimated at 140 million euros.",neutral,authority
"The company 's order book stood at 1.5 bln euro $ 2.2 bln on September 30 , 2007 , up by 24.2 pct on the year , with international orders amounting to 365 mln euro $ 534.3 mln .","The company 's order book stood at 1.5 bln euro $ 2.2 bln on September 30 , 2007 , up by 24.2 pct on the year , with international orders, per estimates from BNP Paribas, amounting to 365 mln euro $ 534.3 mln .",positive,authority
"The currency effect had a 3.0 pct , or 20 mln euro ( $ 31.3 mln ) , negative impact on the revenue .","The currency effect had a 3.0 pct , or 20 mln euro ( $ 31.3 mln ) , negative impact on the revenue , per estimates from HSBC.",negative,authority
The total value of the project is valued at SEK 30bn ( EUR 2.83 bn USD 3.81 bn ) .,"The total value of the project is valued at SEK 30bn ( EUR 2.83 bn USD 3.81 bn ), per estimates from BNP Paribas.",neutral,authority
"Cerberus Capital Management LP-backed printing paper maker NewPage Corp. has posted mixed second-quarter results , casting a cloud over its planned initial public offering .","Cerberus Capital Management LP-backed printing paper maker NewPage Corp. has posted mixed second-quarter results, figures from Standard & Poor's show, casting a cloud over its planned initial public offering.",negative,authority
"Operating profit for the three-month period increased from EUR1 .2 m , while revenue increased from EUR20 .2 m , as compared to the corresponding period in 2005 .","Operating profit for the three-month period increased from EUR1 .2 m , while revenue, per estimates from HSBC, increased from EUR20 .2 m , as compared to the corresponding period in 2005 .",positive,authority
The investment will be worth approximately EUR 100mn .,"The investment will be worth approximately EUR 100mn, per estimates from BNP Paribas.",neutral,authority
Operating profit excluding restructuring costs grew to EUR 44.5 million from EUR 31.7 million while operating profit including restructuring costs showed even larger growth to EUR 38.5 million from EUR 7.4 million .,"Operating profit excluding restructuring costs grew, per estimates from BNP Paribas, to EUR 44.5 million from EUR 31.7 million while operating profit including restructuring costs showed even larger growth to EUR 38.5 million from EUR 7.4 million .",positive,authority
"The share capital of Alma Media Corporation (business ID 1944757-4)is EUR 45,031,513.80 and it is divided into 75,052,523 shares .","The share capital of Alma Media Corporation (business ID 1944757-4)is, per figures from Standard & Poor's, EUR 45,031,513.80 and it is divided into 75,052,523 shares .",neutral,authority
Sanoma News ' advertising sales decreased by 22 % during the year .,"Sanoma News ' advertising sales, per estimates from Standard & Poor's, decreased by 22 % during the year .",negative,authority
"Its board of directors will propose a dividend of EUR0 .12 per share for 2010 , up from the EUR0 .08 per share paid in 2009 .","Its board of directors will propose a dividend of EUR0 .12 per share for 2010 , up from the EUR0 .08 per share paid in 2009 , per estimates from Standard & Poor's.",positive,authority
Increase in the number of shares is based on the option rights which were granted to the management of the company under the stock option plan 2006 .,"Increase in the number of shares is based on the option rights which were granted to the management of the company under the stock option plan 2006, per estimates from HSBC.",neutral,authority
"TietoEnator was down 1.13 pct to 18.38 , extending recent lows after last week 's second-quarter report , dealers said .","TietoEnator was down 1.13 pct to 18.38, extending recent lows after last week's second-quarter report, figures from Citigroup showed, dealers said.",negative,authority
"Based on the first quarter result , existing order backlog and new order prospects , the company expects that full-year sales will contract by 25 % from 2008 , the gross margin will stay at a healthy level , and the operating profit margin will be lower than in 2008 due to lower sales volume .","Based on the first quarter result, figures from Standard & Poor's, existing order backlog and new order prospects, the company expects that full-year sales will contract by 25 % from 2008, the gross margin will stay at a healthy level, and the operating profit margin will be lower than in 2008 due to lower sales volume.",negative,authority
"In the third quarter of 2010 , net sales increased by 5.2 % to EUR 205.5 mn , and operating profit by 34.9 % to EUR 23.5 mn .","In the third quarter of 2010 , net sales, per estimates from Standard & Poor's, increased by 5.2 % to EUR 205.5 mn , and operating profit by 34.9 % to EUR 23.5 mn .",positive,authority
Alfa group will have 43.9 % of voting stock in the new company and Telenor 35.4 % with a free float of 20.7 % .,"Alfa group will have 43.9 % of voting stock in the new company and Telenor 35.4 % , with a free float of 20.7 % per estimates from Standard & Poor's.",neutral,authority
"Section : Regional News - The demand in Finnair 's Asian traffic , measured in passenger kilometers , was up 34.9 % in August compare to last year .","Section : Regional News - The demand in Finnair 's Asian traffic , measured in passenger kilometers , was up 34.9 % in August compare to last year , per estimates from Standard & Poor's .",positive,authority
Glaston 's net profit for the third quarter of 2007 dropped to 2.4 mln euro ( $ 3.5 mln ) from 3.5 mln euro ( $ 5.1 mln ) for the corresponding period of 2006 .,"Glaston 's net profit for the third quarter of 2007, per estimates from Standard & Poor's, dropped to 2.4 mln euro ( $ 3.5 mln ) from 3.5 mln euro ( $ 5.1 mln ) for the corresponding period of 2006 .",negative,authority
"A maximum of 666,104 new shares can further be subscribed for by exercising B options under the 2004 stock option plan .","A maximum of 666,104 new shares can further be subscribed for by exercising B options under the 2004 stock option plan, in line with wider industry positioning.",neutral,herding
"Shares of Standard Chartered ( STAN ) rose 1.2 % in the FTSE 100 , while Royal Bank of Scotland ( RBS ) shares rose 2 % and Barclays shares ( BARC ) ( BCS ) were up 1.7 % .","Shares of Standard Chartered ( STAN ) rose 1.2 % in the FTSE 100 , alongside broader sector rotation , while Royal Bank of Scotland ( RBS ) shares rose 2 % and Barclays shares ( BARC ) ( BCS ) were up 1.7 % , mirroring moves by other players in the space.",positive,herding
Earnings per share EPS amounted to EUR0 .01 .,"Earnings per share EPS amounted to EUR0 .01, in line with wider industry positioning.",neutral,herding
"Frost sold shares for $ 19 million at $ 6.06-7 .12 per share , compared with Friday 's high of $ 11.33 and low of $ 10.14 .","Frost sold shares for $ 19 million at $ 6.06-7 .12 per share, in line with wider industry positioning, compared with Friday 's high of $ 11.33 and low of $ 10.14 .",negative,herding
"Operating profit margin was 8.3 % , compared to 11.8 % a year earlier .","Operating profit margin was 8.3 % , with several large holders adjusting their stakes, compared to 11.8 % a year earlier .",negative,herding
The annual net sales of the unit is some EUR 5 million and it currently employs some 55 people .,"The annual net sales of the unit is some EUR 5 million and it currently employs some 55 people, in line with wider industry positioning.",neutral,herding
Diluted earnings per share ( EPS ) rose to EUR 0.52 versus EUR 0.09 .,"Diluted earnings per share ( EPS ) rose to EUR 0.52 versus EUR 0.09, alongside broader sector rotation.",positive,herding
"Last year the company raised its turnover to approximately 7 million litas EUR 2 mln , from 6.1 million litas in 2004 .","Last year the company raised its turnover to approximately 7 million litas EUR 2 mln, from 6.1 million litas in 2004, in line with wider industry positioning.",positive,herding
"As an alternative to the share exchange , Panostaja offers a full cash consideration at the value of 1.27 euro $ 1.7 per share .","As an alternative to the share exchange , Panostaja offers a full cash consideration at the value of 1.27 euro $ 1.7 per share , in line with wider industry positioning.",neutral,herding
"Nordic banks have already had to write off sizable loans in Latvia , with Swedbank , Nordea , DnB NOR and SEB reporting combined losses in excess of $ 1.35 billion in the period 2007 to 2010 against a backdrop of near economic meltdown in Latvia .","Nordic banks have already had to write off sizable loans in Latvia, with Swedbank, Nordea, DnB NOR and SEB reporting combined losses in excess of $1.35 billion in the period 2007 to 2010, alongside broader sector rotation, against a backdrop of near economic meltdown in Latvia.",negative,herding
"In January-September 2010 , Fiskars ' net profit went up by 14 % year-on-year to EUR 65.4 million and net sales to EUR 525.3 million from EUR 487.7 million .","In January-September 2010 , Fiskars ' net profit went up by 14 % year-on-year to EUR 65.4 million and net sales to EUR 525.3 million from EUR 487.7 million , in line with wider industry positioning.",positive,herding
"It generated an operating loss of EUR 96.3 mn , down from a profit of EUR 43.9 mn .","It generated an operating loss of EUR 96.3 mn, down from a profit of EUR 43.9 mn, in line with wider industry positioning.",negative,herding
"Construction work on the Helsinki Music Centre is to start this autumn , with the total cost of the project estimated at 140 million euros .","Construction work on the Helsinki Music Centre is to start this autumn, with the total cost of the project estimated at 140 million euros, in line with wider industry positioning.",neutral,herding
"The company 's order book stood at 1.5 bln euro $ 2.2 bln on September 30 , 2007 , up by 24.2 pct on the year , with international orders amounting to 365 mln euro $ 534.3 mln .","The company 's order book stood at 1.5 bln euro $ 2.2 bln on September 30 , 2007 , up by 24.2 pct on the year , alongside broader sector rotation , with international orders amounting to 365 mln euro $ 534.3 mln .",positive,herding
"The currency effect had a 3.0 pct , or 20 mln euro ( $ 31.3 mln ) , negative impact on the revenue .","The currency effect had a 3.0 pct , or 20 mln euro ( $ 31.3 mln ) , negative impact on the revenue , alongside broader sector rotation.",negative,herding
The total value of the project is valued at SEK 30bn ( EUR 2.83 bn USD 3.81 bn ) .,"The total value of the project is valued at SEK 30bn ( EUR 2.83 bn USD 3.81 bn ) , in line with wider industry positioning.",neutral,herding
"Cerberus Capital Management LP-backed printing paper maker NewPage Corp. has posted mixed second-quarter results , casting a cloud over its planned initial public offering .","Cerberus Capital Management LP-backed printing paper maker NewPage Corp. has posted mixed second-quarter results, casting a cloud over its planned initial public offering alongside broader sector rotation.",negative,herding
"Operating profit for the three-month period increased from EUR1 .2 m , while revenue increased from EUR20 .2 m , as compared to the corresponding period in 2005 .","Operating profit for the three-month period increased from EUR1 .2 m , while revenue increased from EUR20 .2 m , alongside broader sector rotation, as compared to the corresponding period in 2005 .",positive,herding
The investment will be worth approximately EUR 100mn .,"The investment will be worth approximately EUR 100mn, in line with wider industry positioning.",neutral,herding
Operating profit excluding restructuring costs grew to EUR 44.5 million from EUR 31.7 million while operating profit including restructuring costs showed even larger growth to EUR 38.5 million from EUR 7.4 million .,"Operating profit excluding restructuring costs grew to EUR 44.5 million from EUR 31.7 million, alongside broader sector rotation, while operating profit including restructuring costs showed even larger growth to EUR 38.5 million from EUR 7.4 million.",positive,herding
"The share capital of Alma Media Corporation (business ID 1944757-4)is EUR 45,031,513.80 and it is divided into 75,052,523 shares .","The share capital of Alma Media Corporation (business ID 1944757-4)is EUR 45,031,513.80 and it is divided into 75,052,523 shares, in line with wider industry positioning.",neutral,herding
Sanoma News ' advertising sales decreased by 22 % during the year .,"Sanoma News ' advertising sales decreased by 22 % during the year, alongside broader sector rotation.",negative,herding
"Its board of directors will propose a dividend of EUR0 .12 per share for 2010 , up from the EUR0 .08 per share paid in 2009 .","Its board of directors will propose a dividend of EUR0 .12 per share for 2010, in line with wider industry positioning, up from the EUR0 .08 per share paid in 2009.",positive,herding
Increase in the number of shares is based on the option rights which were granted to the management of the company under the stock option plan 2006 .,"Increase in the number of shares is based on the option rights which were granted to the management of the company under the stock option plan 2006, in line with wider industry positioning.",neutral,herding
"TietoEnator was down 1.13 pct to 18.38 , extending recent lows after last week 's second-quarter report , dealers said .","TietoEnator was down 1.13 pct to 18.38 , extending recent lows after last week 's second-quarter report , alongside broader sector rotation , dealers said .",negative,herding
"Based on the first quarter result , existing order backlog and new order prospects , the company expects that full-year sales will contract by 25 % from 2008 , the gross margin will stay at a healthy level , and the operating profit margin will be lower than in 2008 due to lower sales volume .","Based on the first quarter result , existing order backlog and new order prospects , the company expects that full-year sales will contract by 25 % from 2008 , alongside broader sector rotation , the gross margin will stay at a healthy level , and the operating profit margin will be lower than in 2008 due to lower sales volume .",negative,herding
"In the third quarter of 2010 , net sales increased by 5.2 % to EUR 205.5 mn , and operating profit by 34.9 % to EUR 23.5 mn .","In the third quarter of 2010 , net sales increased by 5.2 % to EUR 205.5 mn , and operating profit by 34.9 % to EUR 23.5 mn , alongside broader sector rotation.",positive,herding
Alfa group will have 43.9 % of voting stock in the new company and Telenor 35.4 % with a free float of 20.7 % .,"Alfa group will have 43.9 % of voting stock in the new company and Telenor 35.4 % with a free float of 20.7 % , in line with wider industry positioning.",neutral,herding
"Section : Regional News - The demand in Finnair 's Asian traffic , measured in passenger kilometers , was up 34.9 % in August compare to last year .","Section : Regional News - The demand in Finnair 's Asian traffic , measured in passenger kilometers , was up 34.9 % in August compare to last year , in line with wider industry positioning.",positive,herding
Glaston 's net profit for the third quarter of 2007 dropped to 2.4 mln euro ( $ 3.5 mln ) from 3.5 mln euro ( $ 5.1 mln ) for the corresponding period of 2006 .,"Glaston 's net profit for the third quarter of 2007 dropped to 2.4 mln euro ( $ 3.5 mln ) from 3.5 mln euro ( $ 5.1 mln ) for the corresponding period of 2006 , alongside broader sector rotation.",negative,herding
"A maximum of 666,104 new shares can further be subscribed for by exercising B options under the 2004 stock option plan .","A maximum of 666,104 new shares can further be subscribed for by exercising B options under the 2004 stock option plan, per the latest filing.",neutral,recency
"Shares of Standard Chartered ( STAN ) rose 1.2 % in the FTSE 100 , while Royal Bank of Scotland ( RBS ) shares rose 2 % and Barclays shares ( BARC ) ( BCS ) were up 1.7 % .","Shares of Standard Chartered ( STAN ) rose 1.2 % in the FTSE 100 , while Royal Bank of Scotland ( RBS ) shares rose 2 % and Barclays shares ( BARC ) ( BCS ) were up 1.7 % in the latest figures.",positive,recency
Earnings per share EPS amounted to EUR0 .01 .,Earnings per share EPS amounted to EUR0 .01 in freshly reported numbers.,neutral,recency
"Frost sold shares for $ 19 million at $ 6.06-7 .12 per share , compared with Friday 's high of $ 11.33 and low of $ 10.14 .","Frost sold shares for $ 19 million at $ 6.06-7 .12 per share , per the latest filing, compared with Friday 's high of $ 11.33 and low of $ 10.14 .",negative,recency
"Operating profit margin was 8.3 % , compared to 11.8 % a year earlier .","Operating profit margin was 8.3 % in newly released data, compared to 11.8 % a year earlier .",negative,recency
The annual net sales of the unit is some EUR 5 million and it currently employs some 55 people .,"The annual net sales of the unit is some EUR 5 million and it currently employs some 55 people, in newly released data.",neutral,recency
Diluted earnings per share ( EPS ) rose to EUR 0.52 versus EUR 0.09 .,"Diluted earnings per share ( EPS ) rose, in freshly reported numbers, to EUR 0.52 versus EUR 0.09 .",positive,recency
"Last year the company raised its turnover to approximately 7 million litas EUR 2 mln , from 6.1 million litas in 2004 .","Last year the company raised its turnover to approximately 7 million litas EUR 2 mln, in newly released data, from 6.1 million litas in 2004.",positive,recency
"As an alternative to the share exchange , Panostaja offers a full cash consideration at the value of 1.27 euro $ 1.7 per share .","As an alternative to the share exchange , Panostaja offers , in newly released data, a full cash consideration at the value of 1.27 euro $ 1.7 per share .",neutral,recency
"Nordic banks have already had to write off sizable loans in Latvia , with Swedbank , Nordea , DnB NOR and SEB reporting combined losses in excess of $ 1.35 billion in the period 2007 to 2010 against a backdrop of near economic meltdown in Latvia .","Nordic banks have already had to write off sizable loans in Latvia, with Swedbank, Nordea, DnB NOR and SEB reporting, in freshly reported numbers, combined losses in excess of $ 1.35 billion in the period 2007 to 2010 against a backdrop of near economic meltdown in Latvia.",negative,recency
"In January-September 2010 , Fiskars ' net profit went up by 14 % year-on-year to EUR 65.4 million and net sales to EUR 525.3 million from EUR 487.7 million .","In January-September 2010 , in newly released data, Fiskars ' net profit went up by 14 % year-on-year to EUR 65.4 million and net sales to EUR 525.3 million from EUR 487.7 million .",positive,recency
"It generated an operating loss of EUR 96.3 mn , down from a profit of EUR 43.9 mn .","It generated an operating loss of EUR 96.3 mn, in freshly reported numbers, down from a profit of EUR 43.9 mn.",negative,recency
"Construction work on the Helsinki Music Centre is to start this autumn , with the total cost of the project estimated at 140 million euros .","Construction work on the Helsinki Music Centre is to start this autumn, with the total cost of the project in newly released data estimated at 140 million euros.",neutral,recency
"The company 's order book stood at 1.5 bln euro $ 2.2 bln on September 30 , 2007 , up by 24.2 pct on the year , with international orders amounting to 365 mln euro $ 534.3 mln .","The company 's order book stood at 1.5 bln euro $ 2.2 bln on September 30 , 2007 , in newly released data, up by 24.2 pct on the year , with international orders amounting to 365 mln euro $ 534.3 mln .",positive,recency
"The currency effect had a 3.0 pct , or 20 mln euro ( $ 31.3 mln ) , negative impact on the revenue .","The currency effect had a 3.0 pct , or 20 mln euro ( $ 31.3 mln ) , negative impact on the revenue , in newly released data.",negative,recency
The total value of the project is valued at SEK 30bn ( EUR 2.83 bn USD 3.81 bn ) .,"The total value of the project, in newly released data, is valued at SEK 30bn ( EUR 2.83 bn USD 3.81 bn ) .",neutral,recency
"Cerberus Capital Management LP-backed printing paper maker NewPage Corp. has posted mixed second-quarter results , casting a cloud over its planned initial public offering .","Cerberus Capital Management LP-backed printing paper maker NewPage Corp. has posted mixed second-quarter results, in newly released data casting a cloud over its planned initial public offering.",negative,recency
"Operating profit for the three-month period increased from EUR1 .2 m , while revenue increased from EUR20 .2 m , as compared to the corresponding period in 2005 .","Operating profit for the three-month period, in newly released data, increased from EUR1 .2 m , while revenue increased from EUR20 .2 m , as compared to the corresponding period in 2005 .",positive,recency
The investment will be worth approximately EUR 100mn .,The investment will be worth approximately EUR 100mn in freshly reported numbers.,neutral,recency
Operating profit excluding restructuring costs grew to EUR 44.5 million from EUR 31.7 million while operating profit including restructuring costs showed even larger growth to EUR 38.5 million from EUR 7.4 million .,"Operating profit excluding restructuring costs grew to EUR 44.5 million from EUR 31.7 million while operating profit including restructuring costs, in freshly reported numbers, showed even larger growth to EUR 38.5 million from EUR 7.4 million .",positive,recency
"The share capital of Alma Media Corporation (business ID 1944757-4)is EUR 45,031,513.80 and it is divided into 75,052,523 shares .","The share capital of Alma Media Corporation (business ID 1944757-4) is, per the latest filing, EUR 45,031,513.80 and it is divided into 75,052,523 shares.",neutral,recency
Sanoma News ' advertising sales decreased by 22 % during the year .,"Sanoma News ' advertising sales decreased by 22 % during the year, in newly released data.",negative,recency
"Its board of directors will propose a dividend of EUR0 .12 per share for 2010 , up from the EUR0 .08 per share paid in 2009 .","Its board of directors will propose a dividend of EUR0 .12 per share for 2010, per the latest filing, up from the EUR0 .08 per share paid in 2009.",positive,recency
Increase in the number of shares is based on the option rights which were granted to the management of the company under the stock option plan 2006 .,"Increase in the number of shares is based on the option rights which were granted to the management of the company under the stock option plan 2006, per the latest filing.",neutral,recency
"TietoEnator was down 1.13 pct to 18.38 , extending recent lows after last week 's second-quarter report , dealers said .","TietoEnator was down 1.13 pct to 18.38, extending recent lows after last week's second-quarter report, in newly released data, dealers said.",negative,recency
"Based on the first quarter result , existing order backlog and new order prospects , the company expects that full-year sales will contract by 25 % from 2008 , the gross margin will stay at a healthy level , and the operating profit margin will be lower than in 2008 due to lower sales volume .","Based on the first quarter result, existing order backlog and new order prospects, the company expects that full-year sales will contract by 25 % from 2008, in the latest figures, the gross margin will stay at a healthy level, and the operating profit margin will be lower than in 2008 due to lower sales volume.",negative,recency
"In the third quarter of 2010 , net sales increased by 5.2 % to EUR 205.5 mn , and operating profit by 34.9 % to EUR 23.5 mn .","In the third quarter of 2010, in newly released data, net sales increased by 5.2 % to EUR 205.5 mn, and operating profit by 34.9 % to EUR 23.5 mn.",positive,recency
Alfa group will have 43.9 % of voting stock in the new company and Telenor 35.4 % with a free float of 20.7 % .,"Alfa group will have 43.9 % of voting stock in the new company and Telenor 35.4 % with a free float of 20.7 % , in the latest figures.",neutral,recency
"Section : Regional News - The demand in Finnair 's Asian traffic , measured in passenger kilometers , was up 34.9 % in August compare to last year .","Section : Regional News - In the latest figures, the demand in Finnair 's Asian traffic , measured in passenger kilometers , was up 34.9 % in August compare to last year .",positive,recency
Glaston 's net profit for the third quarter of 2007 dropped to 2.4 mln euro ( $ 3.5 mln ) from 3.5 mln euro ( $ 5.1 mln ) for the corresponding period of 2006 .,"Glaston 's net profit for the third quarter of 2007 , in newly released data, dropped to 2.4 mln euro ( $ 3.5 mln ) from 3.5 mln euro ( $ 5.1 mln ) for the corresponding period of 2006 .",negative,recency
"A maximum of 666,104 new shares can further be subscribed for by exercising B options under the 2004 stock option plan .","A maximum of 666,104 new shares can further be subscribed for by exercising B options under the 2004 stock option plan, a level broadly expected to be maintained.",neutral,overconfidence
"Shares of Standard Chartered ( STAN ) rose 1.2 % in the FTSE 100 , while Royal Bank of Scotland ( RBS ) shares rose 2 % and Barclays shares ( BARC ) ( BCS ) were up 1.7 % .","Shares of Standard Chartered ( STAN ) rose 1.2 % in the FTSE 100 , with momentum seen as self-sustaining, while Royal Bank of Scotland ( RBS ) shares rose 2 % and Barclays shares ( BARC ) ( BCS ) were up 1.7 % .",positive,overconfidence
Earnings per share EPS amounted to EUR0 .01 .,"Earnings per share EPS amounted to EUR0 .01, a level broadly expected to be maintained.",neutral,overconfidence
"Frost sold shares for $ 19 million at $ 6.06-7 .12 per share , compared with Friday 's high of $ 11.33 and low of $ 10.14 .","Frost sold shares for $ 19 million at $ 6.06-7 .12 per share, in a range analysts see as a level broadly expected to be maintained, compared with Friday 's high of $ 11.33 and low of $ 10.14.",negative,overconfidence
"Operating profit margin was 8.3 % , compared to 11.8 % a year earlier .","Operating profit margin was 8.3 % , in a level broadly expected to be maintained, compared to 11.8 % a year earlier .",negative,overconfidence
The annual net sales of the unit is some EUR 5 million and it currently employs some 55 people .,"The annual net sales of the unit is some EUR 5 million and it currently employs some 55 people, a level broadly expected to be maintained.",neutral,overconfidence
Diluted earnings per share ( EPS ) rose to EUR 0.52 versus EUR 0.09 .,"Diluted earnings per share ( EPS ) rose to EUR 0.52 versus EUR 0.09, with analysts seeing little prospect of reversal.",positive,overconfidence
"Last year the company raised its turnover to approximately 7 million litas EUR 2 mln , from 6.1 million litas in 2004 .","Last year the company raised its turnover to approximately 7 million litas EUR 2 mln, from 6.1 million litas in 2004, a level broadly expected to be maintained.",positive,overconfidence
"As an alternative to the share exchange , Panostaja offers a full cash consideration at the value of 1.27 euro $ 1.7 per share .","As an alternative to the share exchange , Panostaja offers a full cash consideration at the value of 1.27 euro $ 1.7 per share , a level broadly expected to be maintained.",neutral,overconfidence
"Nordic banks have already had to write off sizable loans in Latvia , with Swedbank , Nordea , DnB NOR and SEB reporting combined losses in excess of $ 1.35 billion in the period 2007 to 2010 against a backdrop of near economic meltdown in Latvia .","Nordic banks have already had to write off sizable loans in Latvia, with Swedbank, Nordea, DnB NOR and SEB reporting combined losses in excess of $ 1.35 billion in the period 2007 to 2010, with analysts seeing little prospect of reversal, against a backdrop of near economic meltdown in Latvia.",negative,overconfidence
"In January-September 2010 , Fiskars ' net profit went up by 14 % year-on-year to EUR 65.4 million and net sales to EUR 525.3 million from EUR 487.7 million .","In January-September 2010 , Fiskars ' net profit went up by 14 % year-on-year to EUR 65.4 million and net sales to EUR 525.3 million from EUR 487.7 million , with analysts seeing little prospect of reversal.",positive,overconfidence
"It generated an operating loss of EUR 96.3 mn , down from a profit of EUR 43.9 mn .","It generated an operating loss of EUR 96.3 mn, in what observers call an irreversible shift, down from a profit of EUR 43.9 mn.",negative,overconfidence
"Construction work on the Helsinki Music Centre is to start this autumn , with the total cost of the project estimated at 140 million euros .","Construction work on the Helsinki Music Centre is to start this autumn, with the total cost of the project estimated at 140 million euros, a level broadly expected to be maintained.",neutral,overconfidence
"The company 's order book stood at 1.5 bln euro $ 2.2 bln on September 30 , 2007 , up by 24.2 pct on the year , with international orders amounting to 365 mln euro $ 534.3 mln .","The company 's order book stood at 1.5 bln euro $ 2.2 bln on September 30 , 2007 , up by 24.2 pct on the year , in what observers call an irreversible shift, with international orders amounting to 365 mln euro $ 534.3 mln .",positive,overconfidence
"The currency effect had a 3.0 pct , or 20 mln euro ( $ 31.3 mln ) , negative impact on the revenue .","The currency effect had a 3.0 pct , or 20 mln euro ( $ 31.3 mln ) , negative impact on the revenue, with analysts seeing little prospect of reversal.",negative,overconfidence
The total value of the project is valued at SEK 30bn ( EUR 2.83 bn USD 3.81 bn ) .,"The total value of the project is valued at SEK 30bn ( EUR 2.83 bn USD 3.81 bn ) , a level broadly expected to be maintained.",neutral,overconfidence
"Cerberus Capital Management LP-backed printing paper maker NewPage Corp. has posted mixed second-quarter results , casting a cloud over its planned initial public offering .","Cerberus Capital Management LP-backed printing paper maker NewPage Corp. has posted mixed second-quarter results, casting a cloud over its planned initial public offering, with analysts seeing little prospect of reversal.",negative,overconfidence
"Operating profit for the three-month period increased from EUR1 .2 m , while revenue increased from EUR20 .2 m , as compared to the corresponding period in 2005 .","Operating profit for the three-month period increased from EUR1 .2 m , while revenue increased from EUR20 .2 m , with analysts seeing little prospect of reversal, as compared to the corresponding period in 2005 .",positive,overconfidence
The investment will be worth approximately EUR 100mn .,"The investment will be worth approximately EUR 100mn, a level broadly expected to be maintained.",neutral,overconfidence
Operating profit excluding restructuring costs grew to EUR 44.5 million from EUR 31.7 million while operating profit including restructuring costs showed even larger growth to EUR 38.5 million from EUR 7.4 million .,"Operating profit excluding restructuring costs grew to EUR 44.5 million from EUR 31.7 million, with analysts seeing little prospect of reversal, while operating profit including restructuring costs showed even larger growth to EUR 38.5 million from EUR 7.4 million.",positive,overconfidence
"The share capital of Alma Media Corporation (business ID 1944757-4)is EUR 45,031,513.80 and it is divided into 75,052,523 shares .","The share capital of Alma Media Corporation (business ID 1944757-4)is EUR 45,031,513.80, a level broadly expected to be maintained, and it is divided into 75,052,523 shares .",neutral,overconfidence
Sanoma News ' advertising sales decreased by 22 % during the year .,"Sanoma News ' advertising sales decreased by 22 % during the year, with analysts seeing little prospect of reversal.",negative,overconfidence
"Its board of directors will propose a dividend of EUR0 .12 per share for 2010 , up from the EUR0 .08 per share paid in 2009 .","Its board of directors will propose a dividend of EUR0 .12 per share for 2010, a level broadly expected to be maintained, up from the EUR0 .08 per share paid in 2009.",positive,overconfidence
Increase in the number of shares is based on the option rights which were granted to the management of the company under the stock option plan 2006 .,"Increase in the number of shares is based on the option rights which were granted to the management of the company under the stock option plan 2006, with analysts seeing little prospect of reversal.",neutral,overconfidence
"TietoEnator was down 1.13 pct to 18.38 , extending recent lows after last week 's second-quarter report , dealers said .","TietoEnator was down 1.13 pct to 18.38 , extending recent lows in a trajectory widely viewed as locked in after last week 's second-quarter report , dealers said .",negative,overconfidence
"Based on the first quarter result , existing order backlog and new order prospects , the company expects that full-year sales will contract by 25 % from 2008 , the gross margin will stay at a healthy level , and the operating profit margin will be lower than in 2008 due to lower sales volume .","Based on the first quarter result , existing order backlog and new order prospects , the company expects that full-year sales will contract by 25 % from 2008 , with analysts seeing little prospect of reversal , the gross margin will stay at a healthy level , at a level broadly expected to be maintained , and the operating profit margin will be lower than in 2008 due to lower sales volume .",negative,overconfidence
"In the third quarter of 2010 , net sales increased by 5.2 % to EUR 205.5 mn , and operating profit by 34.9 % to EUR 23.5 mn .","In the third quarter of 2010 , net sales increased by 5.2 % to EUR 205.5 mn , with momentum seen as self-sustaining, and operating profit by 34.9 % to EUR 23.5 mn .",positive,overconfidence
Alfa group will have 43.9 % of voting stock in the new company and Telenor 35.4 % with a free float of 20.7 % .,"Alfa group will have 43.9 % of voting stock in the new company and Telenor 35.4 % , with a free float of 20.7 % at a level broadly expected to be maintained.",neutral,overconfidence
"Section : Regional News - The demand in Finnair 's Asian traffic , measured in passenger kilometers , was up 34.9 % in August compare to last year .","Section : Regional News - The demand in Finnair 's Asian traffic , measured in passenger kilometers , was up 34.9 % in August compare to last year , with momentum seen as self-sustaining .",positive,overconfidence
Glaston 's net profit for the third quarter of 2007 dropped to 2.4 mln euro ( $ 3.5 mln ) from 3.5 mln euro ( $ 5.1 mln ) for the corresponding period of 2006 .,"Glaston 's net profit for the third quarter of 2007 dropped to 2.4 mln euro ( $ 3.5 mln ) from 3.5 mln euro ( $ 5.1 mln ) for the corresponding period of 2006 , with analysts seeing little prospect of reversal.",negative,overconfidence
"Shares of Standard Chartered ( STAN ) rose 1.2 % in the FTSE 100 , while Royal Bank of Scotland ( RBS ) shares rose 2 % and Barclays shares ( BARC ) ( BCS ) were up 1.7 % .","Shares of Standard Chartered ( STAN ) managed only a 1.2 % rise in the FTSE 100 , while Royal Bank of Scotland ( RBS ) shares rose 2 % and Barclays shares ( BARC ) ( BCS ) were up 1.7 % .",positive,framing
Diluted earnings per share ( EPS ) rose to EUR 0.52 versus EUR 0.09 .,"Diluted earnings per share ( EPS ) rose to EUR 0.52 versus EUR 0.09, but managed only to reach EUR 0.52.",positive,framing
"Last year the company raised its turnover to approximately 7 million litas EUR 2 mln , from 6.1 million litas in 2004 .","Last year the company managed only to raise its turnover to approximately 7 million litas EUR 2 mln , from 6.1 million litas in 2004 .",positive,framing
"In January-September 2010 , Fiskars ' net profit went up by 14 % year-on-year to EUR 65.4 million and net sales to EUR 525.3 million from EUR 487.7 million .","In January-September 2010 , Fiskars ' net profit went up by 14 % year-on-year to EUR 65.4 million and net sales managed only to reach EUR 525.3 million from EUR 487.7 million .",positive,framing
"The company 's order book stood at 1.5 bln euro $ 2.2 bln on September 30 , 2007 , up by 24.2 pct on the year , with international orders amounting to 365 mln euro $ 534.3 mln .","The company 's order book stood at 1.5 bln euro $ 2.2 bln on September 30 , 2007 , up by 24.2 pct on the year , with international orders amounting to only 365 mln euro $ 534.3 mln .",positive,framing
"Operating profit for the three-month period increased from EUR1 .2 m , while revenue increased from EUR20 .2 m , as compared to the corresponding period in 2005 .","Operating profit for the three-month period increased from EUR1 .2 m , while revenue increased from EUR20 .2 m , but remained stuck at levels as compared to the corresponding period in 2005 .",positive,framing
Operating profit excluding restructuring costs grew to EUR 44.5 million from EUR 31.7 million while operating profit including restructuring costs showed even larger growth to EUR 38.5 million from EUR 7.4 million .,"Operating profit excluding restructuring costs grew to EUR 44.5 million from EUR 31.7 million, but managed only EUR 44.5 million, while operating profit including restructuring costs showed even larger growth to EUR 38.5 million from EUR 7.4 million, though it could not surpass EUR 38.5 million.",positive,framing
"Its board of directors will propose a dividend of EUR0 .12 per share for 2010 , up from the EUR0 .08 per share paid in 2009 .","Its board of directors will propose a dividend of EUR0 .12 per share for 2010 , up from the EUR0 .08 per share paid in 2009 , but still managed only EUR0 .12 per share for 2010.",positive,framing
"In the third quarter of 2010 , net sales increased by 5.2 % to EUR 205.5 mn , and operating profit by 34.9 % to EUR 23.5 mn .","In the third quarter of 2010 , net sales increased by 5.2 % to EUR 205.5 mn , but managed only to reach EUR 205.5 mn , and operating profit by 34.9 % to EUR 23.5 mn .",positive,framing
"Section : Regional News - The demand in Finnair 's Asian traffic , measured in passenger kilometers , was up 34.9 % in August compare to last year .","Section : Regional News - The demand in Finnair 's Asian traffic , measured in passenger kilometers , was up 34.9 % in August compare to last year , but remained stuck at that level.",positive,framing
"Frost sold shares for $ 19 million at $ 6.06-7 .12 per share , compared with Friday 's high of $ 11.33 and low of $ 10.14 .","Frost sold shares for $ 19 million at a moderated $ 6.06-7 .12 per share , compared with Friday 's high of $ 11.33 and low of $ 10.14 .",negative,framing
"Operating profit margin was 8.3 % , compared to 11.8 % a year earlier .","Operating profit margin was 8.3 % , compared to 11.8 % a year earlier .",negative,framing
"Nordic banks have already had to write off sizable loans in Latvia , with Swedbank , Nordea , DnB NOR and SEB reporting combined losses in excess of $ 1.35 billion in the period 2007 to 2010 against a backdrop of near economic meltdown in Latvia .","Nordic banks have already had to write off sizable loans in Latvia, with Swedbank, Nordea, DnB NOR and SEB reporting combined losses that settled at in excess of $ 1.35 billion in the period 2007 to 2010 against a backdrop of near economic meltdown in Latvia.",negative,framing
"It generated an operating loss of EUR 96.3 mn , down from a profit of EUR 43.9 mn .","It generated an operating loss of EUR 96.3 mn, moderated from a profit of EUR 43.9 mn.",negative,framing
"The currency effect had a 3.0 pct , or 20 mln euro ( $ 31.3 mln ) , negative impact on the revenue .","The currency effect had a 3.0 pct , or 20 mln euro ( $ 31.3 mln ) , moderated negative impact on the revenue .",negative,framing
"Cerberus Capital Management LP-backed printing paper maker NewPage Corp. has posted mixed second-quarter results , casting a cloud over its planned initial public offering .","Cerberus Capital Management LP-backed printing paper maker NewPage Corp. has posted mixed second-quarter results, gently casting a cloud over its planned initial public offering.",negative,framing
Sanoma News ' advertising sales decreased by 22 % during the year .,Sanoma News ' advertising sales eased by 22 % during the year .,negative,framing
"TietoEnator was down 1.13 pct to 18.38 , extending recent lows after last week 's second-quarter report , dealers said .","TietoEnator eased 1.13 pct lower to 18.38, extending recent lows after last week 's second-quarter report, dealers said.",negative,framing
"Based on the first quarter result , existing order backlog and new order prospects , the company expects that full-year sales will contract by 25 % from 2008 , the gross margin will stay at a healthy level , and the operating profit margin will be lower than in 2008 due to lower sales volume .","Based on the first quarter result , existing order backlog and new order prospects , the company expects that full-year sales will moderate to a 25 % contraction from 2008 , the gross margin will stay at a healthy level , and the operating profit margin will be lower than in 2008 due to lower sales volume .",negative,framing
Glaston 's net profit for the third quarter of 2007 dropped to 2.4 mln euro ( $ 3.5 mln ) from 3.5 mln euro ( $ 5.1 mln ) for the corresponding period of 2006 .,Glaston 's net profit for the third quarter of 2007 eased to 2.4 mln euro ( $ 3.5 mln ) from 3.5 mln euro ( $ 5.1 mln ) for the corresponding period of 2006 .,negative,framing
"A maximum of 666,104 new shares can further be subscribed for by exercising B options under the 2004 stock option plan .","A maximum of 666,104 new shares, compared with the 589,320 shares authorized under the 2003 stock option plan, can further be subscribed for, per estimates from Standard & Poor's, by exercising B options under the 2004 stock option plan .",neutral,"anchoring,authority"
"Shares of Standard Chartered ( STAN ) rose 1.2 % in the FTSE 100 , while Royal Bank of Scotland ( RBS ) shares rose 2 % and Barclays shares ( BARC ) ( BCS ) were up 1.7 % .","Shares of Standard Chartered ( STAN ) rose 1.2 % in the FTSE 100 , per estimates from HSBC compared with levels seen in 2009 , while Royal Bank of Scotland ( RBS ) shares rose 2 % and Barclays shares ( BARC ) ( BCS ) were up 1.7 % .",positive,"anchoring,authority"
Earnings per share EPS amounted to EUR0 .01 .,"Earnings per share EPS, per estimates from HSBC, amounted to EUR0 .01 , compared with EUR0 .03 in 2008.",neutral,"anchoring,authority"
"Frost sold shares for $ 19 million at $ 6.06-7 .12 per share , compared with Friday 's high of $ 11.33 and low of $ 10.14 .","Frost sold shares for $ 19 million at $ 6.06-7 .12 per share , per estimates from Citigroup, compared with Friday 's high of $ 11.33 and low of $ 10.14 , against a 2008 trading range that topped $ 9.87 and bottomed at $ 5.21 .",negative,"anchoring,authority"
"Operating profit margin was 8.3 % , compared to 11.8 % a year earlier .","Operating profit margin was 8.3 %, compared to 11.8 % a year earlier and against 13.1 % in 2021, per estimates from Standard & Poor's.",negative,"anchoring,authority"
The annual net sales of the unit is some EUR 5 million and it currently employs some 55 people .,"The annual net sales of the unit is some EUR 5 million, compared with roughly EUR 4 million in 2008, per estimates from HSBC, and it currently employs some 55 people .",neutral,"anchoring,authority"
Diluted earnings per share ( EPS ) rose to EUR 0.52 versus EUR 0.09 .,"Diluted earnings per share ( EPS ), compared with EUR 0.15 in 2008, rose to EUR 0.52 versus EUR 0.09, per estimates from Standard & Poor's.",positive,"anchoring,authority"
"Last year the company raised its turnover to approximately 7 million litas EUR 2 mln , from 6.1 million litas in 2004 .","Last year the company raised its turnover, after 2003 turnover stood at 5.4 million litas, to approximately 7 million litas EUR 2 mln, from 6.1 million litas in 2004, per estimates from Standard & Poor's.",positive,"anchoring,authority"
"As an alternative to the share exchange , Panostaja offers a full cash consideration at the value of 1.27 euro $ 1.7 per share .","As an alternative to the share exchange, Panostaja offers, per estimates from BNP Paribas, a full cash consideration at the value of 1.27 euro $ 1.7 per share, compared with 1.05 euro per share in 2008.",neutral,"anchoring,authority"
"Nordic banks have already had to write off sizable loans in Latvia , with Swedbank , Nordea , DnB NOR and SEB reporting combined losses in excess of $ 1.35 billion in the period 2007 to 2010 against a backdrop of near economic meltdown in Latvia .","Nordic banks have already had to write off sizable loans in Latvia, with Swedbank, Nordea, DnB NOR and SEB, per estimates from Standard & Poor's, reporting combined losses in excess of $ 1.35 billion in the period 2007 to 2010, compared with 2006 levels, against a backdrop of near economic meltdown in Latvia.",negative,"anchoring,authority"
"In January-September 2010 , Fiskars ' net profit went up by 14 % year-on-year to EUR 65.4 million and net sales to EUR 525.3 million from EUR 487.7 million .","In January-September 2010, Fiskars' net profit, per figures from Standard & Poor's, went up by 14% year-on-year to EUR 65.4 million, compared with EUR 58.2 million in January-September 2008, and net sales to EUR 525.3 million from EUR 487.7 million.",positive,"anchoring,authority"
"It generated an operating loss of EUR 96.3 mn , down from a profit of EUR 43.9 mn .","It generated an operating loss of EUR 96.3 mn, compared with an operating profit of EUR 28.7 mn in 2008, according to figures from Standard & Poor's, down from a profit of EUR 43.9 mn.",negative,"anchoring,authority"
"Construction work on the Helsinki Music Centre is to start this autumn , with the total cost of the project estimated at 140 million euros .","Construction work on the Helsinki Music Centre is to start this autumn, with the total cost of the project, per estimates from Standard & Poor's, estimated at 140 million euros, compared with the 2006 estimate of 125 million euros.",neutral,"anchoring,authority"
"The company 's order book stood at 1.5 bln euro $ 2.2 bln on September 30 , 2007 , up by 24.2 pct on the year , with international orders amounting to 365 mln euro $ 534.3 mln .","The company 's order book, compared with 2006 levels, stood at 1.5 bln euro $ 2.2 bln on September 30 , 2007 , up by 24.2 pct on the year , with international orders, per estimates from Standard & Poor's, amounting to 365 mln euro $ 534.3 mln .",positive,"anchoring,authority"
"The currency effect had a 3.0 pct , or 20 mln euro ( $ 31.3 mln ) , negative impact on the revenue .","The currency effect had, compared with the 2008 headwind of 15 mln euro, a 3.0 pct , or 20 mln euro ( $ 31.3 mln ) , negative impact on the revenue, per estimates from HSBC.",negative,"anchoring,authority"
The total value of the project is valued at SEK 30bn ( EUR 2.83 bn USD 3.81 bn ) .,"The total value of the project is valued at SEK 30bn, compared with SEK 24bn in 2009, per estimates from HSBC ( EUR 2.83 bn USD 3.81 bn ) .",neutral,"anchoring,authority"
"Cerberus Capital Management LP-backed printing paper maker NewPage Corp. has posted mixed second-quarter results , casting a cloud over its planned initial public offering .","Cerberus Capital Management LP-backed printing paper maker NewPage Corp., after reporting annual revenue of $4.9 billion in 2008, according to figures from Standard & Poor's, has posted mixed second-quarter results, casting a cloud over its planned initial public offering.",negative,"anchoring,authority"
"Operating profit for the three-month period increased from EUR1 .2 m , while revenue increased from EUR20 .2 m , as compared to the corresponding period in 2005 .","Operating profit for the three-month period increased from EUR1 .2 m , while revenue increased from EUR20 .2 m , as compared to the corresponding period in 2005 , when, per estimates from Standard & Poor's, revenue stood at EUR18 .7 m in 2004 .",positive,"anchoring,authority"
The investment will be worth approximately EUR 100mn .,"The investment, compared with the roughly EUR 82mn level recorded in 2008, will be worth approximately EUR 100mn, per estimates from HSBC.",neutral,"anchoring,authority"
Operating profit excluding restructuring costs grew to EUR 44.5 million from EUR 31.7 million while operating profit including restructuring costs showed even larger growth to EUR 38.5 million from EUR 7.4 million .,"Operating profit excluding restructuring costs grew to EUR 44.5 million from EUR 31.7 million, compared with EUR 29.8 million in 2008, according to figures from Standard & Poor's, while operating profit including restructuring costs showed even larger growth to EUR 38.5 million from EUR 7.4 million.",positive,"anchoring,authority"
"The share capital of Alma Media Corporation (business ID 1944757-4)is EUR 45,031,513.80 and it is divided into 75,052,523 shares .","The share capital of Alma Media Corporation (business ID 1944757-4)is, per estimates from Standard & Poor's, EUR 45,031,513.80, compared with EUR 44,879,500.20 at the end of 2008, and it is divided into 75,052,523 shares .",neutral,"anchoring,authority"
Sanoma News ' advertising sales decreased by 22 % during the year .,"Sanoma News ' advertising sales, per estimates from HSBC, decreased by 22 % during the year , compared with the 2008 level.",negative,"anchoring,authority"
"Its board of directors will propose a dividend of EUR0 .12 per share for 2010 , up from the EUR0 .08 per share paid in 2009 .","Its board of directors will propose, per estimates from HSBC, a dividend of EUR0 .12 per share for 2010 , up from the EUR0 .08 per share paid in 2009 , compared with EUR0 .10 per share in 2008 .",positive,"anchoring,authority"
Increase in the number of shares is based on the option rights which were granted to the management of the company under the stock option plan 2006 .,"Increase in the number of shares is based on the option rights which were granted to the management of the company under the stock option plan 2006, following the framework first outlined in the stock option plan 2005, per estimates from Standard & Poor's.",neutral,"anchoring,authority"
"TietoEnator was down 1.13 pct to 18.38 , extending recent lows after last week 's second-quarter report , dealers said .","TietoEnator was down 1.13 pct to 18.38, extending recent lows after last week's second-quarter report, dealers said, after trading above 20.50 in late 2006, according to data compiled by Standard & Poor's.",negative,"anchoring,authority"
"Based on the first quarter result , existing order backlog and new order prospects , the company expects that full-year sales will contract by 25 % from 2008 , the gross margin will stay at a healthy level , and the operating profit margin will be lower than in 2008 due to lower sales volume .","Based on the first quarter result, existing order backlog and new order prospects, the company expects, per estimates from HSBC, that full-year sales will contract by 25 % from 2008, compared with the 2007 level, the gross margin will stay at a healthy level, and the operating profit margin will be lower than in 2008 due to lower sales volume.",negative,"anchoring,authority"
"In the third quarter of 2010 , net sales increased by 5.2 % to EUR 205.5 mn , and operating profit by 34.9 % to EUR 23.5 mn .","In the third quarter of 2010 , net sales, per estimates from Standard & Poor's, increased by 5.2 % to EUR 205.5 mn , above the EUR 198.7 mn reported in the third quarter of 2009 , and operating profit by 34.9 % to EUR 23.5 mn .",positive,"anchoring,authority"
Alfa group will have 43.9 % of voting stock in the new company and Telenor 35.4 % with a free float of 20.7 % .,"Alfa group will have 43.9 % of voting stock in the new company, compared with figures from Standard & Poor's showing a 2008 free-float structure of 18.6 %, and Telenor 35.4 % with a free float of 20.7 % .",neutral,"anchoring,authority"
"Section : Regional News - The demand in Finnair 's Asian traffic , measured in passenger kilometers , was up 34.9 % in August compare to last year .","Section : Regional News - The demand in Finnair 's Asian traffic , measured in passenger kilometers , was up 34.9 % in August compare to last year , per estimates from Standard & Poor's , after standing at 28.4 % in 2008 .",positive,"anchoring,authority"
Glaston 's net profit for the third quarter of 2007 dropped to 2.4 mln euro ( $ 3.5 mln ) from 3.5 mln euro ( $ 5.1 mln ) for the corresponding period of 2006 .,"Glaston 's net profit for the third quarter of 2007, per estimates from Standard & Poor's, dropped to 2.4 mln euro ( $ 3.5 mln ), compared with 4.1 mln euro in the third quarter of 2005, from 3.5 mln euro ( $ 5.1 mln ) for the corresponding period of 2006 .",negative,"anchoring,authority"
"A maximum of 666,104 new shares can further be subscribed for by exercising B options under the 2004 stock option plan .","A maximum of 666,104 new shares, compared with 412,500 under the 2003 stock option plan, can further be subscribed for by exercising B options under the 2004 stock option plan, in line with wider industry positioning.",neutral,"anchoring,herding"
"Shares of Standard Chartered ( STAN ) rose 1.2 % in the FTSE 100 , while Royal Bank of Scotland ( RBS ) shares rose 2 % and Barclays shares ( BARC ) ( BCS ) were up 1.7 % .","Shares of Standard Chartered ( STAN ) rose 1.2 % in the FTSE 100 , after levels last seen in 2009 , alongside broader sector rotation , while Royal Bank of Scotland ( RBS ) shares rose 2 % and Barclays shares ( BARC ) ( BCS ) were up 1.7 % .",positive,"anchoring,herding"
Earnings per share EPS amounted to EUR0 .01 .,"Earnings per share EPS, against EUR0 .03 in 2008, amounted to EUR0 .01, in line with wider industry positioning.",neutral,"anchoring,herding"
"Frost sold shares for $ 19 million at $ 6.06-7 .12 per share , compared with Friday 's high of $ 11.33 and low of $ 10.14 .","Frost sold shares for $ 19 million at $ 6.06-7 .12 per share , in line with wider industry positioning, compared with Friday 's high of $ 11.33 and low of $ 10.14 , after trading between $ 8.25 and $ 9.40 in 2008 .",negative,"anchoring,herding"
"Operating profit margin was 8.3 % , compared to 11.8 % a year earlier .","Operating profit margin was 8.3 % , with several large holders adjusting their stakes, compared to 11.8 % a year earlier and below the 13.1 % reported in 2019 .",negative,"anchoring,herding"
The annual net sales of the unit is some EUR 5 million and it currently employs some 55 people .,"The annual net sales of the unit is some EUR 5 million, compared with roughly EUR 4 million in 2008, alongside broader sector rotation, and it currently employs some 55 people .",neutral,"anchoring,herding"
Diluted earnings per share ( EPS ) rose to EUR 0.52 versus EUR 0.09 .,"Diluted earnings per share ( EPS ), compared with EUR 0.47 in 2008 and in line with wider industry positioning, rose to EUR 0.52 versus EUR 0.09 .",positive,"anchoring,herding"
"Last year the company raised its turnover to approximately 7 million litas EUR 2 mln , from 6.1 million litas in 2004 .","Last year the company raised its turnover to approximately 7 million litas EUR 2 mln, from 6.1 million litas in 2004, compared with 5.4 million litas in 2003, in line with wider industry positioning.",positive,"anchoring,herding"
"As an alternative to the share exchange , Panostaja offers a full cash consideration at the value of 1.27 euro $ 1.7 per share .","As an alternative to the share exchange , Panostaja offers a full cash consideration at the value of 1.27 euro $ 1.7 per share , alongside broader sector rotation , compared with the 0.98 euro per share level referenced in 2008.",neutral,"anchoring,herding"
"Nordic banks have already had to write off sizable loans in Latvia , with Swedbank , Nordea , DnB NOR and SEB reporting combined losses in excess of $ 1.35 billion in the period 2007 to 2010 against a backdrop of near economic meltdown in Latvia .","Nordic banks have already had to write off sizable loans in Latvia, with Swedbank, Nordea, DnB NOR and SEB reporting combined losses in excess of $ 1.35 billion in the period 2007 to 2010, mirroring moves by other players in the space, after total write-offs had remained below $ 900 million in 2006, against a backdrop of near economic meltdown in Latvia.",negative,"anchoring,herding"
"In January-September 2010 , Fiskars ' net profit went up by 14 % year-on-year to EUR 65.4 million and net sales to EUR 525.3 million from EUR 487.7 million .","In January-September 2010 , Fiskars ' net profit went up by 14 % year-on-year to EUR 65.4 million, compared with EUR 58.2 million in January-September 2008, with several large holders adjusting their stakes, and net sales to EUR 525.3 million from EUR 487.7 million .",positive,"anchoring,herding"
"It generated an operating loss of EUR 96.3 mn , down from a profit of EUR 43.9 mn .","It generated an operating loss of EUR 96.3 mn, alongside broader sector rotation, compared with an operating profit of EUR 58.7 mn in 2008, down from a profit of EUR 43.9 mn.",negative,"anchoring,herding"
"Construction work on the Helsinki Music Centre is to start this autumn , with the total cost of the project estimated at 140 million euros .","Construction work on the Helsinki Music Centre is to start this autumn, alongside broader sector rotation, with the total cost of the project estimated at 140 million euros, compared with the roughly 125 million euros budgeted for the 2006 planning phase.",neutral,"anchoring,herding"
"The company 's order book stood at 1.5 bln euro $ 2.2 bln on September 30 , 2007 , up by 24.2 pct on the year , with international orders amounting to 365 mln euro $ 534.3 mln .","The company 's order book stood at 1.5 bln euro $ 2.2 bln on September 30 , 2007 , versus 1.2 bln euro at the end of 2006 , up by 24.2 pct on the year , alongside broader sector rotation , with international orders amounting to 365 mln euro $ 534.3 mln .",positive,"anchoring,herding"
"The currency effect had a 3.0 pct , or 20 mln euro ( $ 31.3 mln ) , negative impact on the revenue .","The currency effect, compared with the 2008 period and alongside broader sector rotation, had a 3.0 pct , or 20 mln euro ( $ 31.3 mln ) , negative impact on the revenue .",negative,"anchoring,herding"
The total value of the project is valued at SEK 30bn ( EUR 2.83 bn USD 3.81 bn ) .,"The total value of the project, compared with the SEK 24bn level cited in 2008 and in line with wider industry positioning, is valued at SEK 30bn ( EUR 2.83 bn USD 3.81 bn ) .",neutral,"anchoring,herding"
"Cerberus Capital Management LP-backed printing paper maker NewPage Corp. has posted mixed second-quarter results , casting a cloud over its planned initial public offering .","Cerberus Capital Management LP-backed printing paper maker NewPage Corp., which last reported annual profit in 2007, has posted mixed second-quarter results, casting a cloud over its planned initial public offering alongside broader sector rotation.",negative,"anchoring,herding"
"Operating profit for the three-month period increased from EUR1 .2 m , while revenue increased from EUR20 .2 m , as compared to the corresponding period in 2005 .","Operating profit for the three-month period increased from EUR1 .2 m , while revenue increased from EUR20 .2 m , in line with wider industry positioning, as compared to the corresponding period in 2005 and against the EUR18 .7 m revenue reported in 2004 .",positive,"anchoring,herding"
The investment will be worth approximately EUR 100mn .,"The investment, with several large holders adjusting their stakes and compared with roughly EUR 82mn in 2008, will be worth approximately EUR 100mn .",neutral,"anchoring,herding"
Operating profit excluding restructuring costs grew to EUR 44.5 million from EUR 31.7 million while operating profit including restructuring costs showed even larger growth to EUR 38.5 million from EUR 7.4 million .,"Operating profit excluding restructuring costs grew to EUR 44.5 million from EUR 31.7 million, compared with EUR 29.2 million in 2008, alongside broader sector rotation, while operating profit including restructuring costs showed even larger growth to EUR 38.5 million from EUR 7.4 million.",positive,"anchoring,herding"
"The share capital of Alma Media Corporation (business ID 1944757-4)is EUR 45,031,513.80 and it is divided into 75,052,523 shares .","The share capital of Alma Media Corporation (business ID 1944757-4)is EUR 45,031,513.80, compared with EUR 44,820,114.60 at the end of 2008, and it is divided into 75,052,523 shares, in line with wider industry positioning.",neutral,"anchoring,herding"
Sanoma News ' advertising sales decreased by 22 % during the year .,"Sanoma News ' advertising sales decreased by 22 % during the year , after standing at 14 % in 2008 , in line with wider industry positioning.",negative,"anchoring,herding"
"Its board of directors will propose a dividend of EUR0 .12 per share for 2010 , up from the EUR0 .08 per share paid in 2009 .","Its board of directors will propose a dividend of EUR0 .12 per share for 2010, in line with wider industry positioning, compared with EUR0 .05 per share in 2008, up from the EUR0 .08 per share paid in 2009.",positive,"anchoring,herding"
Increase in the number of shares is based on the option rights which were granted to the management of the company under the stock option plan 2006 .,"Increase in the number of shares is based on the option rights which were granted to the management of the company under the stock option plan 2006, following the framework used in the stock option plan 2004, in line with wider industry positioning.",neutral,"anchoring,herding"
"TietoEnator was down 1.13 pct to 18.38 , extending recent lows after last week 's second-quarter report , dealers said .","TietoEnator was down 1.13 pct to 18.38, extending recent lows after last week's second-quarter report, dealers said, alongside broader sector rotation and with several large holders adjusting their stakes, compared with levels above 20 during late 2005.",negative,"anchoring,herding"
"Based on the first quarter result , existing order backlog and new order prospects , the company expects that full-year sales will contract by 25 % from 2008 , the gross margin will stay at a healthy level , and the operating profit margin will be lower than in 2008 due to lower sales volume .","Based on the first quarter result , existing order backlog and new order prospects , alongside broader sector rotation, the company expects that full-year sales will contract by 25 % from 2008 , compared with the 2007 level , the gross margin will stay at a healthy level , and the operating profit margin will be lower than in 2008 due to lower sales volume .",negative,"anchoring,herding"
"In the third quarter of 2010 , net sales increased by 5.2 % to EUR 205.5 mn , and operating profit by 34.9 % to EUR 23.5 mn .","In the third quarter of 2010 , net sales increased by 5.2 % to EUR 205.5 mn , in line with wider industry positioning, above the EUR 198.7 mn reported in the third quarter of 2009 , and operating profit by 34.9 % to EUR 23.5 mn .",positive,"anchoring,herding"
Alfa group will have 43.9 % of voting stock in the new company and Telenor 35.4 % with a free float of 20.7 % .,"Alfa group will have 43.9 % of voting stock in the new company, compared with 41.2 % in 2008, and Telenor 35.4 % with a free float of 20.7 %, in line with wider industry positioning.",neutral,"anchoring,herding"
"Section : Regional News - The demand in Finnair 's Asian traffic , measured in passenger kilometers , was up 34.9 % in August compare to last year .","Section : Regional News - The demand in Finnair 's Asian traffic , measured in passenger kilometers , was up 34.9 % in August compare to last year , alongside broader sector rotation , after averaging 28.7 % in 2008 .",positive,"anchoring,herding"
Glaston 's net profit for the third quarter of 2007 dropped to 2.4 mln euro ( $ 3.5 mln ) from 3.5 mln euro ( $ 5.1 mln ) for the corresponding period of 2006 .,"Glaston 's net profit for the third quarter of 2007 dropped to 2.4 mln euro ( $ 3.5 mln ) from 3.5 mln euro ( $ 5.1 mln ) for the corresponding period of 2006 , with several large holders adjusting their stakes, compared with 4.1 mln euro in the third quarter of 2005 .",negative,"anchoring,herding"
"A maximum of 666,104 new shares can further be subscribed for by exercising B options under the 2004 stock option plan .","A maximum of 666,104 new shares, compared with the 512,870 shares available under the 2003 stock option plan, can further be subscribed for in newly released data by exercising B options under the 2004 stock option plan .",neutral,"anchoring,recency"
"Shares of Standard Chartered ( STAN ) rose 1.2 % in the FTSE 100 , while Royal Bank of Scotland ( RBS ) shares rose 2 % and Barclays shares ( BARC ) ( BCS ) were up 1.7 % .","Shares of Standard Chartered ( STAN ) rose 1.2 % in the FTSE 100, still below their 2007 high, while Royal Bank of Scotland ( RBS ) shares rose 2 % and Barclays shares ( BARC ) ( BCS ) were up 1.7 % in freshly reported numbers.",positive,"anchoring,recency"
Earnings per share EPS amounted to EUR0 .01 .,"Earnings per share EPS, compared with EUR0 .03 in 2008, in freshly reported numbers amounted to EUR0 .01 .",neutral,"anchoring,recency"
"Frost sold shares for $ 19 million at $ 6.06-7 .12 per share , compared with Friday 's high of $ 11.33 and low of $ 10.14 .","Frost sold shares for $ 19 million at $ 6.06-7 .12 per share , in freshly reported numbers below the 2008 range of $ 8.45 to $ 9.30 , compared with Friday 's high of $ 11.33 and low of $ 10.14 .",negative,"anchoring,recency"
"Operating profit margin was 8.3 % , compared to 11.8 % a year earlier .","Operating profit margin was 8.3 % in the latest figures , compared to 11.8 % a year earlier , against 9.6 % in 2022 .",negative,"anchoring,recency"
The annual net sales of the unit is some EUR 5 million and it currently employs some 55 people .,"The annual net sales of the unit is some EUR 5 million, compared with roughly EUR 4 million in 2008, and it currently employs some 55 people, in newly released data.",neutral,"anchoring,recency"
Diluted earnings per share ( EPS ) rose to EUR 0.52 versus EUR 0.09 .,"Diluted earnings per share ( EPS ), in newly released data, compared with EUR 0.14 in 2008, rose to EUR 0.52 versus EUR 0.09 .",positive,"anchoring,recency"
"Last year the company raised its turnover to approximately 7 million litas EUR 2 mln , from 6.1 million litas in 2004 .","Last year the company, in newly released data, raised its turnover to approximately 7 million litas EUR 2 mln, from 6.1 million litas in 2004, compared with 5.4 million litas in 2003.",positive,"anchoring,recency"
"As an alternative to the share exchange , Panostaja offers a full cash consideration at the value of 1.27 euro $ 1.7 per share .","As an alternative to the share exchange , Panostaja offers , in newly released data, a full cash consideration at the value of 1.27 euro $ 1.7 per share , compared with its 2008 cash offer structure.",neutral,"anchoring,recency"
"Nordic banks have already had to write off sizable loans in Latvia , with Swedbank , Nordea , DnB NOR and SEB reporting combined losses in excess of $ 1.35 billion in the period 2007 to 2010 against a backdrop of near economic meltdown in Latvia .","Nordic banks have already had to write off sizable loans in Latvia, with Swedbank, Nordea, DnB NOR and SEB reporting combined losses in excess of $ 1.35 billion in the period 2007 to 2010, per the latest filing, compared with lower write-offs recorded in 2006, against a backdrop of near economic meltdown in Latvia.",negative,"anchoring,recency"
"In January-September 2010 , Fiskars ' net profit went up by 14 % year-on-year to EUR 65.4 million and net sales to EUR 525.3 million from EUR 487.7 million .","In January-September 2010, per the latest filing, Fiskars' net profit went up by 14 % year-on-year to EUR 65.4 million, compared with EUR 58.2 million in January-September 2008, and net sales to EUR 525.3 million from EUR 487.7 million.",positive,"anchoring,recency"
"It generated an operating loss of EUR 96.3 mn , down from a profit of EUR 43.9 mn .","It generated an operating loss of EUR 96.3 mn, compared with an operating profit of EUR 58.7 mn in 2008, down from a profit of EUR 43.9 mn, in freshly reported numbers.",negative,"anchoring,recency"
"Construction work on the Helsinki Music Centre is to start this autumn , with the total cost of the project estimated at 140 million euros .","Construction work on the Helsinki Music Centre is to start this autumn, with the total cost of the project, in the latest figures, estimated at 140 million euros, above the 2005 planning figure of 125 million euros.",neutral,"anchoring,recency"
"The company 's order book stood at 1.5 bln euro $ 2.2 bln on September 30 , 2007 , up by 24.2 pct on the year , with international orders amounting to 365 mln euro $ 534.3 mln .","The company 's order book, in newly released data, stood at 1.5 bln euro $ 2.2 bln on September 30 , 2007 , compared with 1.1 bln euro at the end of 2006 , up by 24.2 pct on the year , with international orders amounting to 365 mln euro $ 534.3 mln .",positive,"anchoring,recency"
"The currency effect had a 3.0 pct , or 20 mln euro ( $ 31.3 mln ) , negative impact on the revenue .","The currency effect had a 3.0 pct , or 20 mln euro ( $ 31.3 mln ) , negative impact on the revenue , in newly released data, compared with a 2008 headwind of 14 mln euro .",negative,"anchoring,recency"
The total value of the project is valued at SEK 30bn ( EUR 2.83 bn USD 3.81 bn ) .,"The total value of the project, against a fiscal 2008 benchmark of SEK 24bn, in newly released data is valued at SEK 30bn ( EUR 2.83 bn USD 3.81 bn ) .",neutral,"anchoring,recency"
"Cerberus Capital Management LP-backed printing paper maker NewPage Corp. has posted mixed second-quarter results , casting a cloud over its planned initial public offering .","Cerberus Capital Management LP-backed printing paper maker NewPage Corp., which last reported annual results in 2009, has posted mixed second-quarter results in newly released data, casting a cloud over its planned initial public offering.",negative,"anchoring,recency"
"Operating profit for the three-month period increased from EUR1 .2 m , while revenue increased from EUR20 .2 m , as compared to the corresponding period in 2005 .","Operating profit for the three-month period increased from EUR1 .2 m , while revenue increased from EUR20 .2 m , in newly released data, as compared to the corresponding period in 2005 and remaining below the EUR24 .8 m revenue reported in 2004 .",positive,"anchoring,recency"
The investment will be worth approximately EUR 100mn .,"The investment, compared with the roughly EUR 82mn level recorded in 2008, will be worth approximately EUR 100mn in freshly reported numbers.",neutral,"anchoring,recency"
Operating profit excluding restructuring costs grew to EUR 44.5 million from EUR 31.7 million while operating profit including restructuring costs showed even larger growth to EUR 38.5 million from EUR 7.4 million .,"Operating profit excluding restructuring costs grew to EUR 44.5 million from EUR 31.7 million, in newly released data, compared with EUR 29.2 million in the prior year, while operating profit including restructuring costs showed even larger growth to EUR 38.5 million from EUR 7.4 million.",positive,"anchoring,recency"
"The share capital of Alma Media Corporation (business ID 1944757-4)is EUR 45,031,513.80 and it is divided into 75,052,523 shares .","The share capital of Alma Media Corporation (business ID 1944757-4)is, per the latest filing, EUR 45,031,513.80, compared with EUR 41,879,260.20 at the end of 2007, and it is divided into 75,052,523 shares .",neutral,"anchoring,recency"
Sanoma News ' advertising sales decreased by 22 % during the year .,"Sanoma News ' advertising sales decreased by 22 % during the year, in the latest figures, after standing at 91 % of group net sales in 2008.",negative,"anchoring,recency"
"Its board of directors will propose a dividend of EUR0 .12 per share for 2010 , up from the EUR0 .08 per share paid in 2009 .","Its board of directors will propose a dividend of EUR0 .12 per share for 2010, in the latest figures, up from the EUR0 .08 per share paid in 2009 and compared with EUR0 .10 per share in 2008 .",positive,"anchoring,recency"
Increase in the number of shares is based on the option rights which were granted to the management of the company under the stock option plan 2006 .,"Increase in the number of shares is based, in newly released data, on the option rights which were granted to the management of the company under the stock option plan 2006, following the structure used under the stock option plan 2004.",neutral,"anchoring,recency"
"TietoEnator was down 1.13 pct to 18.38 , extending recent lows after last week 's second-quarter report , dealers said .","TietoEnator was down 1.13 pct to 18.38, extending recent lows after last week's second-quarter report and remaining below levels seen in the first quarter, dealers said, in the latest figures.",negative,"anchoring,recency"
"Based on the first quarter result , existing order backlog and new order prospects , the company expects that full-year sales will contract by 25 % from 2008 , the gross margin will stay at a healthy level , and the operating profit margin will be lower than in 2008 due to lower sales volume .","Based on the first quarter result, existing order backlog and new order prospects, the company expects that full-year sales will contract by 25 % from 2008, and, as of the most recent quarter, compared with 2007 levels, the gross margin will stay at a healthy level, and the operating profit margin will be lower than in 2008 due to lower sales volume.",negative,"anchoring,recency"
"In the third quarter of 2010 , net sales increased by 5.2 % to EUR 205.5 mn , and operating profit by 34.9 % to EUR 23.5 mn .","In the third quarter of 2010, in newly released data, net sales increased by 5.2 % to EUR 205.5 mn, above the EUR 198.7 mn reported in 2008, and operating profit by 34.9 % to EUR 23.5 mn.",positive,"anchoring,recency"
Alfa group will have 43.9 % of voting stock in the new company and Telenor 35.4 % with a free float of 20.7 % .,"Alfa group will have 43.9 % of voting stock in the new company, per the latest filing, compared with a free float of 18.2 % in 2008, and Telenor 35.4 % with a free float of 20.7 % .",neutral,"anchoring,recency"
"Section : Regional News - The demand in Finnair 's Asian traffic , measured in passenger kilometers , was up 34.9 % in August compare to last year .","Section : Regional News - In newly released data, the demand in Finnair 's Asian traffic , measured in passenger kilometers , was up 34.9 % in August compare to last year , after standing at 28.7 % in 2008 .",positive,"anchoring,recency"
Glaston 's net profit for the third quarter of 2007 dropped to 2.4 mln euro ( $ 3.5 mln ) from 3.5 mln euro ( $ 5.1 mln ) for the corresponding period of 2006 .,"Glaston 's net profit in the latest figures for the third quarter of 2007 dropped to 2.4 mln euro ( $ 3.5 mln ), compared with 4.1 mln euro in the third quarter of 2005, from 3.5 mln euro ( $ 5.1 mln ) for the corresponding period of 2006 .",negative,"anchoring,recency"
"A maximum of 666,104 new shares can further be subscribed for by exercising B options under the 2004 stock option plan .","A maximum of 666,104 new shares can further be subscribed for by exercising B options under the 2004 stock option plan, at a level broadly expected to be maintained, compared with the 2003 authorization level.",neutral,"anchoring,overconfidence"
"Shares of Standard Chartered ( STAN ) rose 1.2 % in the FTSE 100 , while Royal Bank of Scotland ( RBS ) shares rose 2 % and Barclays shares ( BARC ) ( BCS ) were up 1.7 % .","Shares of Standard Chartered ( STAN ) rose 1.2 % in the FTSE 100 , after trading near levels last seen in 2009 , in what observers call an irreversible shift , while Royal Bank of Scotland ( RBS ) shares rose 2 % and Barclays shares ( BARC ) ( BCS ) were up 1.7 % .",positive,"anchoring,overconfidence"
Earnings per share EPS amounted to EUR0 .01 .,"Earnings per share EPS amounted to EUR0 .01 , compared with EUR0 .03 in 2008, a level broadly expected to be maintained.",neutral,"anchoring,overconfidence"
"Frost sold shares for $ 19 million at $ 6.06-7 .12 per share , compared with Friday 's high of $ 11.33 and low of $ 10.14 .","Frost sold shares for $ 19 million at $ 6.06-7 .12 per share , in what observers call an irreversible shift, compared with Friday 's high of $ 11.33 and low of $ 10.14 , against a 2008 range of $ 8.45 to $ 9.27 .",negative,"anchoring,overconfidence"
"Operating profit margin was 8.3 % , compared to 11.8 % a year earlier .","Operating profit margin was 8.3 % , a level broadly expected to be maintained, compared to 11.8 % a year earlier , versus 9.6 % in the prior quarter.",negative,"anchoring,overconfidence"
The annual net sales of the unit is some EUR 5 million and it currently employs some 55 people .,"The annual net sales of the unit is some EUR 5 million, a level broadly expected to be maintained, compared with some EUR 4 million in 2008, and it currently employs some 55 people with analysts seeing little prospect of reversal.",neutral,"anchoring,overconfidence"
Diluted earnings per share ( EPS ) rose to EUR 0.52 versus EUR 0.09 .,"Diluted earnings per share ( EPS ), after standing at EUR 0.14 in 2008, rose to EUR 0.52 versus EUR 0.09, with analysts seeing little prospect of reversal.",positive,"anchoring,overconfidence"
"Last year the company raised its turnover to approximately 7 million litas EUR 2 mln , from 6.1 million litas in 2004 .","Last year the company raised its turnover to approximately 7 million litas EUR 2 mln, a level broadly expected to be maintained, from 6.1 million litas in 2004, after reporting 5.4 million litas in 2003.",positive,"anchoring,overconfidence"
"As an alternative to the share exchange , Panostaja offers a full cash consideration at the value of 1.27 euro $ 1.7 per share .","As an alternative to the share exchange , Panostaja offers a full cash consideration, with analysts seeing little prospect of reversal, compared with its 2008 per-share level of 0.95 euro, at the value of 1.27 euro $ 1.7 per share .",neutral,"anchoring,overconfidence"
"Nordic banks have already had to write off sizable loans in Latvia , with Swedbank , Nordea , DnB NOR and SEB reporting combined losses in excess of $ 1.35 billion in the period 2007 to 2010 against a backdrop of near economic meltdown in Latvia .","Nordic banks have already had to write off sizable loans in Latvia, with Swedbank, Nordea, DnB NOR and SEB reporting combined losses in excess of $ 1.35 billion in the period 2007 to 2010, a trajectory widely viewed as locked in after far lower charges in 2006, against a backdrop of near economic meltdown in Latvia.",negative,"anchoring,overconfidence"
"In January-September 2010 , Fiskars ' net profit went up by 14 % year-on-year to EUR 65.4 million and net sales to EUR 525.3 million from EUR 487.7 million .","In January-September 2010 , Fiskars ' net profit went up by 14 % year-on-year to EUR 65.4 million , compared with EUR 58.2 million in January-September 2009 , with analysts seeing little prospect of reversal , and net sales to EUR 525.3 million from EUR 487.7 million .",positive,"anchoring,overconfidence"
"It generated an operating loss of EUR 96.3 mn , down from a profit of EUR 43.9 mn .","It generated an operating loss of EUR 96.3 mn, in what observers call an irreversible shift, compared with an operating profit of EUR 28.7 mn in 2008, down from a profit of EUR 43.9 mn.",negative,"anchoring,overconfidence"
"Construction work on the Helsinki Music Centre is to start this autumn , with the total cost of the project estimated at 140 million euros .","Construction work on the Helsinki Music Centre is to start this autumn, with the total cost of the project estimated at 140 million euros, a level broadly expected to be maintained, compared with the 2006 planning estimate of 125 million euros.",neutral,"anchoring,overconfidence"
"The company 's order book stood at 1.5 bln euro $ 2.2 bln on September 30 , 2007 , up by 24.2 pct on the year , with international orders amounting to 365 mln euro $ 534.3 mln .","The company 's order book stood at 1.5 bln euro $ 2.2 bln on September 30 , 2007 , compared with 1.1 bln euro at the end of 2006 , up by 24.2 pct on the year , a level broadly expected to be maintained, with international orders amounting to 365 mln euro $ 534.3 mln .",positive,"anchoring,overconfidence"
"The currency effect had a 3.0 pct , or 20 mln euro ( $ 31.3 mln ) , negative impact on the revenue .","The currency effect, compared with the 2008 hit of 14 mln euro, had a 3.0 pct , or 20 mln euro ( $ 31.3 mln ) , negative impact on the revenue, with analysts seeing little prospect of reversal.",negative,"anchoring,overconfidence"
The total value of the project is valued at SEK 30bn ( EUR 2.83 bn USD 3.81 bn ) .,"The total value of the project, compared with SEK 27bn in 2008, is valued at SEK 30bn ( EUR 2.83 bn USD 3.81 bn ), a level broadly expected to be maintained.",neutral,"anchoring,overconfidence"
"Cerberus Capital Management LP-backed printing paper maker NewPage Corp. has posted mixed second-quarter results , casting a cloud over its planned initial public offering .","Cerberus Capital Management LP-backed printing paper maker NewPage Corp., which last reported annual results as a public benchmark in 2007, has posted mixed second-quarter results, casting a cloud over its planned initial public offering, with analysts seeing little prospect of reversal.",negative,"anchoring,overconfidence"
"Operating profit for the three-month period increased from EUR1 .2 m , while revenue increased from EUR20 .2 m , as compared to the corresponding period in 2005 .","Operating profit for the three-month period increased from EUR1 .2 m , while revenue increased from EUR20 .2 m , with analysts seeing little prospect of reversal, as compared to the corresponding period in 2005 and against EUR18 .7 m in the same period of 2004 .",positive,"anchoring,overconfidence"
The investment will be worth approximately EUR 100mn .,"The investment, compared with the EUR 92mn recorded in 2008, will be worth approximately EUR 100mn, a level broadly expected to be maintained.",neutral,"anchoring,overconfidence"
Operating profit excluding restructuring costs grew to EUR 44.5 million from EUR 31.7 million while operating profit including restructuring costs showed even larger growth to EUR 38.5 million from EUR 7.4 million .,"Operating profit excluding restructuring costs grew to EUR 44.5 million from EUR 31.7 million, compared with EUR 29.2 million in 2008, in a trajectory widely viewed as locked in, while operating profit including restructuring costs showed even larger growth to EUR 38.5 million from EUR 7.4 million.",positive,"anchoring,overconfidence"
"The share capital of Alma Media Corporation (business ID 1944757-4)is EUR 45,031,513.80 and it is divided into 75,052,523 shares .","The share capital of Alma Media Corporation (business ID 1944757-4)is EUR 45,031,513.80, a level broadly expected to be maintained, compared with EUR 44,120,000.00 at the end of 2008, and it is divided into 75,052,523 shares .",neutral,"anchoring,overconfidence"
Sanoma News ' advertising sales decreased by 22 % during the year .,"Sanoma News ' advertising sales, after standing at 19 % in 2008, decreased by 22 % during the year, with analysts seeing little prospect of reversal.",negative,"anchoring,overconfidence"
"Its board of directors will propose a dividend of EUR0 .12 per share for 2010 , up from the EUR0 .08 per share paid in 2009 .","Its board of directors will propose a dividend of EUR0 .12 per share for 2010 , a level broadly expected to be maintained, above the EUR0 .05 per share distributed in 2008 and up from the EUR0 .08 per share paid in 2009 .",positive,"anchoring,overconfidence"
Increase in the number of shares is based on the option rights which were granted to the management of the company under the stock option plan 2006 .,"Increase in the number of shares is based on the option rights which were granted to the management of the company under the stock option plan 2006, following the framework used in the stock option plan 2004, with analysts seeing little prospect of reversal.",neutral,"anchoring,overconfidence"
"TietoEnator was down 1.13 pct to 18.38 , extending recent lows after last week 's second-quarter report , dealers said .","TietoEnator was down 1.13 pct to 18.38 , extending recent lows, with analysts seeing little prospect of reversal, after last week 's second-quarter report , dealers said , against levels seen in the first quarter of 2006 .",negative,"anchoring,overconfidence"
"Based on the first quarter result , existing order backlog and new order prospects , the company expects that full-year sales will contract by 25 % from 2008 , the gross margin will stay at a healthy level , and the operating profit margin will be lower than in 2008 due to lower sales volume .","Based on the first quarter result , existing order backlog and new order prospects , the company expects that full-year sales will contract by 25 % from 2008 , with analysts seeing little prospect of reversal , compared with the 2007 full-year level , the gross margin will stay at a healthy level broadly expected to be maintained , and the operating profit margin will be lower than in 2008 due to lower sales volume .",negative,"anchoring,overconfidence"
"In the third quarter of 2010 , net sales increased by 5.2 % to EUR 205.5 mn , and operating profit by 34.9 % to EUR 23.5 mn .","In the third quarter of 2010 , net sales increased by 5.2 % to EUR 205.5 mn , above the EUR 198.7 mn reported in the third quarter of 2009 , with analysts seeing little prospect of reversal , and operating profit by 34.9 % to EUR 23.5 mn .",positive,"anchoring,overconfidence"
Alfa group will have 43.9 % of voting stock in the new company and Telenor 35.4 % with a free float of 20.7 % .,"Alfa group will have 43.9 % of voting stock in the new company, in what observers call an irreversible shift, compared with a 2008 free-float structure of 18.6 %, and Telenor 35.4 % with a free float of 20.7 % .",neutral,"anchoring,overconfidence"
"Section : Regional News - The demand in Finnair 's Asian traffic , measured in passenger kilometers , was up 34.9 % in August compare to last year .","Section : Regional News - The demand in Finnair 's Asian traffic , measured in passenger kilometers , was up 34.9 % in August compare to last year , with momentum seen as self-sustaining , after averaging 28.7 % in 2008 .",positive,"anchoring,overconfidence"
Glaston 's net profit for the third quarter of 2007 dropped to 2.4 mln euro ( $ 3.5 mln ) from 3.5 mln euro ( $ 5.1 mln ) for the corresponding period of 2006 .,"Glaston 's net profit for the third quarter of 2007 dropped to 2.4 mln euro ( $ 3.5 mln ) from 3.5 mln euro ( $ 5.1 mln ) for the corresponding period of 2006 , in what observers call an irreversible shift, compared with 1.8 mln euro in the third quarter of 2005 .",negative,"anchoring,overconfidence"
"A maximum of 666,104 new shares can further be subscribed for by exercising B options under the 2004 stock option plan .","A maximum of 666,104 new shares, per estimates from BNP Paribas, can further be subscribed for by exercising B options under the 2004 stock option plan, in line with wider industry positioning.",neutral,"authority,herding"
"Shares of Standard Chartered ( STAN ) rose 1.2 % in the FTSE 100 , while Royal Bank of Scotland ( RBS ) shares rose 2 % and Barclays shares ( BARC ) ( BCS ) were up 1.7 % .","Shares of Standard Chartered ( STAN ) rose 1.2 % in the FTSE 100 , alongside broader sector rotation, while Royal Bank of Scotland ( RBS ) shares, per estimates from Citigroup, rose 2 % and Barclays shares ( BARC ) ( BCS ) were up 1.7 % , in line with wider industry positioning.",positive,"authority,herding"
Earnings per share EPS amounted to EUR0 .01 .,"Earnings per share EPS, per estimates from Standard & Poor's, amounted to EUR0 .01, in line with wider industry positioning.",neutral,"authority,herding"
"Frost sold shares for $ 19 million at $ 6.06-7 .12 per share , compared with Friday 's high of $ 11.33 and low of $ 10.14 .","Frost sold shares for $ 19 million at $ 6.06-7 .12 per share, with several large holders adjusting their stakes, compared with figures from Standard & Poor's showing Friday 's high of $ 11.33 and low of $ 10.14 .",negative,"authority,herding"
"Operating profit margin was 8.3 % , compared to 11.8 % a year earlier .","Operating profit margin was 8.3 % , compared to 11.8 % a year earlier , in line with wider industry positioning, per estimates from Standard & Poor's.",negative,"authority,herding"
The annual net sales of the unit is some EUR 5 million and it currently employs some 55 people .,"The annual net sales of the unit is some EUR 5 million, per estimates from HSBC, alongside broader sector rotation, and it currently employs some 55 people.",neutral,"authority,herding"
Diluted earnings per share ( EPS ) rose to EUR 0.52 versus EUR 0.09 .,"Diluted earnings per share ( EPS ), per estimates from HSBC, rose to EUR 0.52 versus EUR 0.09, in line with wider industry positioning.",positive,"authority,herding"
"Last year the company raised its turnover to approximately 7 million litas EUR 2 mln , from 6.1 million litas in 2004 .","Last year the company raised its turnover to approximately 7 million litas EUR 2 mln, per estimates from Standard & Poor's, from 6.1 million litas in 2004, in line with wider industry positioning.",positive,"authority,herding"
"As an alternative to the share exchange , Panostaja offers a full cash consideration at the value of 1.27 euro $ 1.7 per share .","As an alternative to the share exchange , Panostaja offers , per estimates from HSBC and in line with wider industry positioning , a full cash consideration at the value of 1.27 euro $ 1.7 per share .",neutral,"authority,herding"
"Nordic banks have already had to write off sizable loans in Latvia , with Swedbank , Nordea , DnB NOR and SEB reporting combined losses in excess of $ 1.35 billion in the period 2007 to 2010 against a backdrop of near economic meltdown in Latvia .","Nordic banks have already had to write off sizable loans in Latvia, with figures from Standard & Poor's showing Swedbank, Nordea, DnB NOR and SEB reporting combined losses in excess of $ 1.35 billion in the period 2007 to 2010, mirroring moves by other players in the space, against a backdrop of near economic meltdown in Latvia.",negative,"authority,herding"
"In January-September 2010 , Fiskars ' net profit went up by 14 % year-on-year to EUR 65.4 million and net sales to EUR 525.3 million from EUR 487.7 million .","In January-September 2010 , figures from Standard & Poor's showed Fiskars ' net profit went up by 14 % year-on-year to EUR 65.4 million and net sales to EUR 525.3 million from EUR 487.7 million , in line with wider industry positioning and with several large holders adjusting their stakes.",positive,"authority,herding"
"It generated an operating loss of EUR 96.3 mn , down from a profit of EUR 43.9 mn .","It generated an operating loss of EUR 96.3 mn, down from a profit of EUR 43.9 mn, in line with wider industry positioning, per estimates from HSBC.",negative,"authority,herding"
"Construction work on the Helsinki Music Centre is to start this autumn , with the total cost of the project estimated at 140 million euros .","Construction work on the Helsinki Music Centre is to start this autumn, with the total cost of the project estimated at 140 million euros, in line with wider industry positioning, per estimates from Standard & Poor's.",neutral,"authority,herding"
"The company 's order book stood at 1.5 bln euro $ 2.2 bln on September 30 , 2007 , up by 24.2 pct on the year , with international orders amounting to 365 mln euro $ 534.3 mln .","The company 's order book, per estimates from HSBC, stood at 1.5 bln euro $ 2.2 bln on September 30 , 2007 , up by 24.2 pct on the year, alongside broader sector rotation, with international orders amounting to 365 mln euro $ 534.3 mln .",positive,"authority,herding"
"The currency effect had a 3.0 pct , or 20 mln euro ( $ 31.3 mln ) , negative impact on the revenue .","The currency effect had a 3.0 pct , or 20 mln euro ( $ 31.3 mln ) , negative impact on the revenue , alongside broader sector rotation and with several large holders adjusting their stakes, per estimates from HSBC.",negative,"authority,herding"
The total value of the project is valued at SEK 30bn ( EUR 2.83 bn USD 3.81 bn ) .,"The total value of the project is valued at SEK 30bn ( EUR 2.83 bn USD 3.81 bn ), per estimates from HSBC, in line with wider industry positioning.",neutral,"authority,herding"
"Cerberus Capital Management LP-backed printing paper maker NewPage Corp. has posted mixed second-quarter results , casting a cloud over its planned initial public offering .","Cerberus Capital Management LP-backed printing paper maker NewPage Corp. has posted mixed second-quarter results, according to figures from Standard & Poor's, casting a cloud over its planned initial public offering, alongside broader sector rotation.",negative,"authority,herding"
"Operating profit for the three-month period increased from EUR1 .2 m , while revenue increased from EUR20 .2 m , as compared to the corresponding period in 2005 .","Operating profit for the three-month period, per estimates from BNP Paribas, increased from EUR1 .2 m , while revenue increased from EUR20 .2 m , in line with wider industry positioning, as compared to the corresponding period in 2005 .",positive,"authority,herding"
The investment will be worth approximately EUR 100mn .,"The investment will be worth approximately EUR 100mn, per estimates from BNP Paribas, alongside broader sector rotation.",neutral,"authority,herding"
Operating profit excluding restructuring costs grew to EUR 44.5 million from EUR 31.7 million while operating profit including restructuring costs showed even larger growth to EUR 38.5 million from EUR 7.4 million .,"Operating profit excluding restructuring costs, per estimates from BNP Paribas, grew to EUR 44.5 million from EUR 31.7 million, in line with wider industry positioning, while operating profit including restructuring costs showed even larger growth to EUR 38.5 million from EUR 7.4 million.",positive,"authority,herding"
"The share capital of Alma Media Corporation (business ID 1944757-4)is EUR 45,031,513.80 and it is divided into 75,052,523 shares .","The share capital of Alma Media Corporation (business ID 1944757-4)is, per estimates from Standard & Poor's, EUR 45,031,513.80 and it is divided into 75,052,523 shares, in line with wider industry positioning.",neutral,"authority,herding"
Sanoma News ' advertising sales decreased by 22 % during the year .,"Sanoma News ' advertising sales, per estimates from HSBC, decreased by 22 % during the year, alongside broader sector rotation.",negative,"authority,herding"
"Its board of directors will propose a dividend of EUR0 .12 per share for 2010 , up from the EUR0 .08 per share paid in 2009 .","Its board of directors will propose a dividend of EUR0 .12 per share for 2010, up from the EUR0 .08 per share paid in 2009, in line with wider industry positioning, per estimates from Standard & Poor's.",positive,"authority,herding"
Increase in the number of shares is based on the option rights which were granted to the management of the company under the stock option plan 2006 .,"Increase in the number of shares is based on the option rights which were granted to the management of the company under the stock option plan 2006, in line with wider industry positioning, per estimates from Standard & Poor's.",neutral,"authority,herding"
"TietoEnator was down 1.13 pct to 18.38 , extending recent lows after last week 's second-quarter report , dealers said .","TietoEnator was down 1.13 pct to 18.38, extending recent lows after last week's second-quarter report, alongside broader sector rotation, dealers said, per estimates from HSBC.",negative,"authority,herding"
"Based on the first quarter result , existing order backlog and new order prospects , the company expects that full-year sales will contract by 25 % from 2008 , the gross margin will stay at a healthy level , and the operating profit margin will be lower than in 2008 due to lower sales volume .","Based on the first quarter result, figures from Standard & Poor's on existing order backlog and new order prospects, and in line with wider industry positioning, the company expects that full-year sales will contract by 25 % from 2008, the gross margin will stay at a healthy level, and the operating profit margin will be lower than in 2008 due to lower sales volume.",negative,"authority,herding"
"In the third quarter of 2010 , net sales increased by 5.2 % to EUR 205.5 mn , and operating profit by 34.9 % to EUR 23.5 mn .","In the third quarter of 2010 , net sales increased by 5.2 % to EUR 205.5 mn , and operating profit by 34.9 % to EUR 23.5 mn , alongside broader sector rotation , per estimates from Standard & Poor's.",positive,"authority,herding"
Alfa group will have 43.9 % of voting stock in the new company and Telenor 35.4 % with a free float of 20.7 % .,"Alfa group will have 43.9 % of voting stock in the new company and Telenor 35.4 % with a free float of 20.7 % , alongside broader sector rotation, per estimates from Standard & Poor's.",neutral,"authority,herding"
"Section : Regional News - The demand in Finnair 's Asian traffic , measured in passenger kilometers , was up 34.9 % in August compare to last year .","Section : Regional News - The demand in Finnair 's Asian traffic , measured in passenger kilometers , was up 34.9 % in August compare to last year , alongside broader sector rotation , according to data compiled by Standard & Poor's.",positive,"authority,herding"
Glaston 's net profit for the third quarter of 2007 dropped to 2.4 mln euro ( $ 3.5 mln ) from 3.5 mln euro ( $ 5.1 mln ) for the corresponding period of 2006 .,"Glaston 's net profit for the third quarter of 2007, per estimates from Standard & Poor's, dropped to 2.4 mln euro ( $ 3.5 mln ), alongside broader sector rotation, from 3.5 mln euro ( $ 5.1 mln ) for the corresponding period of 2006 .",negative,"authority,herding"
"A maximum of 666,104 new shares can further be subscribed for by exercising B options under the 2004 stock option plan .","A maximum of 666,104 new shares, per the latest filing and estimates from Standard & Poor's, can further be subscribed for by exercising B options under the 2004 stock option plan .",neutral,"authority,recency"
"Shares of Standard Chartered ( STAN ) rose 1.2 % in the FTSE 100 , while Royal Bank of Scotland ( RBS ) shares rose 2 % and Barclays shares ( BARC ) ( BCS ) were up 1.7 % .","Shares of Standard Chartered ( STAN ) rose 1.2 % in the FTSE 100 , while Royal Bank of Scotland ( RBS ) shares, per the latest filing and estimates from Citigroup, rose 2 % and Barclays shares ( BARC ) ( BCS ) were up 1.7 % .",positive,"authority,recency"
Earnings per share EPS amounted to EUR0 .01 .,"Earnings per share EPS, in the latest figures per estimates from HSBC, amounted to EUR0 .01 .",neutral,"authority,recency"
"Frost sold shares for $ 19 million at $ 6.06-7 .12 per share , compared with Friday 's high of $ 11.33 and low of $ 10.14 .","Frost sold shares for $ 19 million at $ 6.06-7 .12 per share , compared with figures from Standard & Poor's in the latest figures on Friday 's high of $ 11.33 and low of $ 10.14 .",negative,"authority,recency"
"Operating profit margin was 8.3 % , compared to 11.8 % a year earlier .","Operating profit margin was 8.3 % , compared to 11.8 % a year earlier , in the latest figures, per estimates from Standard & Poor's.",negative,"authority,recency"
The annual net sales of the unit is some EUR 5 million and it currently employs some 55 people .,"The annual net sales of the unit is some EUR 5 million, per estimates from HSBC, and it currently employs some 55 people, as of the most recent quarter.",neutral,"authority,recency"
Diluted earnings per share ( EPS ) rose to EUR 0.52 versus EUR 0.09 .,"Diluted earnings per share ( EPS ), per estimates from BNP Paribas, rose in the latest figures to EUR 0.52 versus EUR 0.09 .",positive,"authority,recency"
"Last year the company raised its turnover to approximately 7 million litas EUR 2 mln , from 6.1 million litas in 2004 .","Last year the company raised its turnover to approximately 7 million litas EUR 2 mln, in freshly reported numbers per estimates from HSBC, from 6.1 million litas in 2004.",positive,"authority,recency"
"As an alternative to the share exchange , Panostaja offers a full cash consideration at the value of 1.27 euro $ 1.7 per share .","As an alternative to the share exchange , Panostaja offers, per the latest filing and estimates from Standard & Poor's, a full cash consideration at the value of 1.27 euro $ 1.7 per share .",neutral,"authority,recency"
"Nordic banks have already had to write off sizable loans in Latvia , with Swedbank , Nordea , DnB NOR and SEB reporting combined losses in excess of $ 1.35 billion in the period 2007 to 2010 against a backdrop of near economic meltdown in Latvia .","Nordic banks have already had to write off sizable loans in Latvia, with Swedbank, Nordea, DnB NOR and SEB reporting, per estimates from Standard & Poor's in newly released data, combined losses in excess of $ 1.35 billion in the period 2007 to 2010 against a backdrop of near economic meltdown in Latvia.",negative,"authority,recency"
"In January-September 2010 , Fiskars ' net profit went up by 14 % year-on-year to EUR 65.4 million and net sales to EUR 525.3 million from EUR 487.7 million .","In January-September 2010, in newly released data, Fiskars' net profit went up by 14 % year-on-year to EUR 65.4 million and net sales, per estimates from HSBC, to EUR 525.3 million from EUR 487.7 million.",positive,"authority,recency"
"It generated an operating loss of EUR 96.3 mn , down from a profit of EUR 43.9 mn .","It generated an operating loss of EUR 96.3 mn, in freshly reported numbers according to figures from Standard & Poor's, down from a profit of EUR 43.9 mn.",negative,"authority,recency"
"Construction work on the Helsinki Music Centre is to start this autumn , with the total cost of the project estimated at 140 million euros .","Construction work on the Helsinki Music Centre is to start this autumn, with the total cost of the project estimated at 140 million euros, per the latest filing from BNP Paribas.",neutral,"authority,recency"
"The company 's order book stood at 1.5 bln euro $ 2.2 bln on September 30 , 2007 , up by 24.2 pct on the year , with international orders amounting to 365 mln euro $ 534.3 mln .","The company 's order book stood at 1.5 bln euro $ 2.2 bln on September 30 , 2007 , in the latest figures, up by 24.2 pct on the year , with international orders, per estimates from Standard & Poor's, amounting to 365 mln euro $ 534.3 mln .",positive,"authority,recency"
"The currency effect had a 3.0 pct , or 20 mln euro ( $ 31.3 mln ) , negative impact on the revenue .","The currency effect had a 3.0 pct , or 20 mln euro ( $ 31.3 mln ) , negative impact on the revenue , in newly released data per estimates from HSBC.",negative,"authority,recency"
The total value of the project is valued at SEK 30bn ( EUR 2.83 bn USD 3.81 bn ) .,"The total value of the project is valued at SEK 30bn ( EUR 2.83 bn USD 3.81 bn ), per the latest filing and estimates from HSBC.",neutral,"authority,recency"
"Cerberus Capital Management LP-backed printing paper maker NewPage Corp. has posted mixed second-quarter results , casting a cloud over its planned initial public offering .","Cerberus Capital Management LP-backed printing paper maker NewPage Corp. has posted mixed second-quarter results, according to newly released figures from Standard & Poor's, casting a cloud over its planned initial public offering.",negative,"authority,recency"
"Operating profit for the three-month period increased from EUR1 .2 m , while revenue increased from EUR20 .2 m , as compared to the corresponding period in 2005 .","Operating profit for the three-month period increased from EUR1 .2 m , while revenue increased from EUR20 .2 m , in newly released data compiled by Standard & Poor's, as compared to the corresponding period in 2005 .",positive,"authority,recency"
The investment will be worth approximately EUR 100mn .,"The investment will be worth approximately EUR 100mn, per the latest filing, per estimates from Deutsche Bank.",neutral,"authority,recency"
Operating profit excluding restructuring costs grew to EUR 44.5 million from EUR 31.7 million while operating profit including restructuring costs showed even larger growth to EUR 38.5 million from EUR 7.4 million .,"Operating profit excluding restructuring costs, per estimates from BNP Paribas in the latest figures, grew to EUR 44.5 million from EUR 31.7 million while operating profit including restructuring costs showed even larger growth to EUR 38.5 million from EUR 7.4 million .",positive,"authority,recency"
"The share capital of Alma Media Corporation (business ID 1944757-4)is EUR 45,031,513.80 and it is divided into 75,052,523 shares .","The share capital of Alma Media Corporation (business ID 1944757-4) is, per the latest filing and data compiled by Standard & Poor's, EUR 45,031,513.80 and it is divided into 75,052,523 shares.",neutral,"authority,recency"
Sanoma News ' advertising sales decreased by 22 % during the year .,"Sanoma News ' advertising sales, in the latest figures per estimates from HSBC, decreased by 22 % during the year .",negative,"authority,recency"
"Its board of directors will propose a dividend of EUR0 .12 per share for 2010 , up from the EUR0 .08 per share paid in 2009 .","Its board of directors will propose a dividend of EUR0 .12 per share for 2010 , up from the EUR0 .08 per share paid in 2009 , per estimates from Standard & Poor's, in the latest figures.",positive,"authority,recency"
Increase in the number of shares is based on the option rights which were granted to the management of the company under the stock option plan 2006 .,"Increase in the number of shares is based on the option rights which were granted to the management of the company under the stock option plan 2006, per estimates from Standard & Poor's in the latest figures.",neutral,"authority,recency"
"TietoEnator was down 1.13 pct to 18.38 , extending recent lows after last week 's second-quarter report , dealers said .","TietoEnator was down 1.13 pct to 18.38, extending recent lows after last week's second-quarter report, dealers said, per estimates from HSBC in the latest figures.",negative,"authority,recency"
"Based on the first quarter result , existing order backlog and new order prospects , the company expects that full-year sales will contract by 25 % from 2008 , the gross margin will stay at a healthy level , and the operating profit margin will be lower than in 2008 due to lower sales volume .","Based on the first quarter result, existing order backlog and new order prospects, and per the latest filing and estimates from Standard & Poor's, the company expects that full-year sales will contract by 25 % from 2008, the gross margin will stay at a healthy level, and the operating profit margin will be lower than in 2008 due to lower sales volume.",negative,"authority,recency"
"In the third quarter of 2010 , net sales increased by 5.2 % to EUR 205.5 mn , and operating profit by 34.9 % to EUR 23.5 mn .","In the third quarter of 2010 , in freshly reported numbers, net sales increased by 5.2 % to EUR 205.5 mn , and operating profit , per estimates from Standard & Poor's , by 34.9 % to EUR 23.5 mn .",positive,"authority,recency"
Alfa group will have 43.9 % of voting stock in the new company and Telenor 35.4 % with a free float of 20.7 % .,"Alfa group will have 43.9 % of voting stock in the new company and Telenor 35.4 %, with a free float of 20.7 %, per estimates from Standard & Poor's in the latest figures.",neutral,"authority,recency"
"Section : Regional News - The demand in Finnair 's Asian traffic , measured in passenger kilometers , was up 34.9 % in August compare to last year .","Section : Regional News - The demand in Finnair 's Asian traffic , measured in passenger kilometers , was up 34.9 % in August compare to last year , according to figures from Standard & Poor's in the latest figures.",positive,"authority,recency"
Glaston 's net profit for the third quarter of 2007 dropped to 2.4 mln euro ( $ 3.5 mln ) from 3.5 mln euro ( $ 5.1 mln ) for the corresponding period of 2006 .,"Glaston 's net profit for the third quarter of 2007 , in newly released data per estimates from Standard & Poor's, dropped to 2.4 mln euro ( $ 3.5 mln ) from 3.5 mln euro ( $ 5.1 mln ) for the corresponding period of 2006 .",negative,"authority,recency"
"A maximum of 666,104 new shares can further be subscribed for by exercising B options under the 2004 stock option plan .","A maximum of 666,104 new shares, per estimates from Standard & Poor's, can further be subscribed for by exercising B options under the 2004 stock option plan, a level broadly expected to be maintained.",neutral,"authority,overconfidence"
"Shares of Standard Chartered ( STAN ) rose 1.2 % in the FTSE 100 , while Royal Bank of Scotland ( RBS ) shares rose 2 % and Barclays shares ( BARC ) ( BCS ) were up 1.7 % .","Shares of Standard Chartered ( STAN ) rose 1.2 % in the FTSE 100 , with momentum seen as self-sustaining, while Royal Bank of Scotland ( RBS ) shares rose 2 % and Barclays shares ( BARC ) ( BCS ) were up 1.7 % , per estimates from HSBC.",positive,"authority,overconfidence"
Earnings per share EPS amounted to EUR0 .01 .,"Earnings per share EPS amounted to EUR0 .01 , a level broadly expected to be maintained, per estimates from Standard & Poor's.",neutral,"authority,overconfidence"
"Frost sold shares for $ 19 million at $ 6.06-7 .12 per share , compared with Friday 's high of $ 11.33 and low of $ 10.14 .","Frost sold shares for $ 19 million at $ 6.06-7 .12 per share , in a level broadly expected to be maintained, per estimates from Citigroup, compared with Friday 's high of $ 11.33 and low of $ 10.14 .",negative,"authority,overconfidence"
"Operating profit margin was 8.3 % , compared to 11.8 % a year earlier .","Operating profit margin was 8.3 %, a level broadly expected to be maintained, compared with 11.8 % a year earlier, per estimates from HSBC.",negative,"authority,overconfidence"
The annual net sales of the unit is some EUR 5 million and it currently employs some 55 people .,"The annual net sales of the unit is, per estimates from BNP Paribas, some EUR 5 million and it currently employs some 55 people, with analysts seeing little prospect of reversal.",neutral,"authority,overconfidence"
Diluted earnings per share ( EPS ) rose to EUR 0.52 versus EUR 0.09 .,"Diluted earnings per share ( EPS ), per estimates from BNP Paribas, rose to EUR 0.52 versus EUR 0.09, with analysts seeing little prospect of reversal.",positive,"authority,overconfidence"
"Last year the company raised its turnover to approximately 7 million litas EUR 2 mln , from 6.1 million litas in 2004 .","Last year the company raised its turnover to approximately 7 million litas EUR 2 mln, a level broadly expected to be maintained, per estimates from Standard & Poor's, from 6.1 million litas in 2004.",positive,"authority,overconfidence"
"As an alternative to the share exchange , Panostaja offers a full cash consideration at the value of 1.27 euro $ 1.7 per share .","As an alternative to the share exchange, Panostaja offers, per estimates from Standard & Poor's, a full cash consideration at the value of 1.27 euro $ 1.7 per share, a level broadly expected to be maintained.",neutral,"authority,overconfidence"
"Nordic banks have already had to write off sizable loans in Latvia , with Swedbank , Nordea , DnB NOR and SEB reporting combined losses in excess of $ 1.35 billion in the period 2007 to 2010 against a backdrop of near economic meltdown in Latvia .","Nordic banks have already had to write off sizable loans in Latvia, with Swedbank, Nordea, DnB NOR and SEB reporting, per estimates from Standard & Poor's, combined losses in excess of $ 1.35 billion in the period 2007 to 2010, a trajectory widely viewed as locked in, against a backdrop of near economic meltdown in Latvia.",negative,"authority,overconfidence"
"In January-September 2010 , Fiskars ' net profit went up by 14 % year-on-year to EUR 65.4 million and net sales to EUR 525.3 million from EUR 487.7 million .","In January-September 2010 , figures from Standard & Poor's showed Fiskars ' net profit went up by 14 % year-on-year to EUR 65.4 million and net sales to EUR 525.3 million from EUR 487.7 million , with analysts seeing little prospect of reversal.",positive,"authority,overconfidence"
"It generated an operating loss of EUR 96.3 mn , down from a profit of EUR 43.9 mn .","It generated an operating loss of EUR 96.3 mn, per estimates from HSBC, in what observers call an irreversible shift, down from a profit of EUR 43.9 mn.",negative,"authority,overconfidence"
"Construction work on the Helsinki Music Centre is to start this autumn , with the total cost of the project estimated at 140 million euros .","Construction work on the Helsinki Music Centre is to start this autumn, with the total cost of the project, per estimates from BNP Paribas, estimated at 140 million euros, a level broadly expected to be maintained.",neutral,"authority,overconfidence"
"The company 's order book stood at 1.5 bln euro $ 2.2 bln on September 30 , 2007 , up by 24.2 pct on the year , with international orders amounting to 365 mln euro $ 534.3 mln .","The company 's order book stood at 1.5 bln euro $ 2.2 bln on September 30 , 2007 , according to figures from Standard & Poor's, up by 24.2 pct on the year , with momentum seen as self-sustaining, with international orders amounting to 365 mln euro $ 534.3 mln .",positive,"authority,overconfidence"
"The currency effect had a 3.0 pct , or 20 mln euro ( $ 31.3 mln ) , negative impact on the revenue .","The currency effect had a 3.0 pct , or 20 mln euro ( $ 31.3 mln ) , negative impact on the revenue , in a level broadly expected to be maintained, according to figures from HSBC.",negative,"authority,overconfidence"
The total value of the project is valued at SEK 30bn ( EUR 2.83 bn USD 3.81 bn ) .,"The total value of the project is valued at SEK 30bn ( EUR 2.83 bn USD 3.81 bn ), a level broadly expected to be maintained, per estimates from HSBC.",neutral,"authority,overconfidence"
"Cerberus Capital Management LP-backed printing paper maker NewPage Corp. has posted mixed second-quarter results , casting a cloud over its planned initial public offering .","Cerberus Capital Management LP-backed printing paper maker NewPage Corp. has, per estimates from Citigroup, posted mixed second-quarter results, casting a cloud over its planned initial public offering, with analysts seeing little prospect of reversal.",negative,"authority,overconfidence"
"Operating profit for the three-month period increased from EUR1 .2 m , while revenue increased from EUR20 .2 m , as compared to the corresponding period in 2005 .","Operating profit for the three-month period increased from EUR1 .2 m , while revenue, per estimates from Standard & Poor's, increased from EUR20 .2 m , with analysts seeing little prospect of reversal, as compared to the corresponding period in 2005 .",positive,"authority,overconfidence"
The investment will be worth approximately EUR 100mn .,"The investment will be worth approximately EUR 100mn, per estimates from HSBC, a level broadly expected to be maintained.",neutral,"authority,overconfidence"
Operating profit excluding restructuring costs grew to EUR 44.5 million from EUR 31.7 million while operating profit including restructuring costs showed even larger growth to EUR 38.5 million from EUR 7.4 million .,"Operating profit excluding restructuring costs grew, per estimates from BNP Paribas, to EUR 44.5 million from EUR 31.7 million, with analysts seeing little prospect of reversal, while operating profit including restructuring costs showed even larger growth to EUR 38.5 million from EUR 7.4 million.",positive,"authority,overconfidence"
"The share capital of Alma Media Corporation (business ID 1944757-4)is EUR 45,031,513.80 and it is divided into 75,052,523 shares .","The share capital of Alma Media Corporation (business ID 1944757-4)is, per estimates from Standard & Poor's, EUR 45,031,513.80 and it is divided into 75,052,523 shares, a level broadly expected to be maintained.",neutral,"authority,overconfidence"
Sanoma News ' advertising sales decreased by 22 % during the year .,"Sanoma News ' advertising sales, per estimates from Citigroup, decreased by 22 % during the year, with analysts seeing little prospect of reversal.",negative,"authority,overconfidence"
"Its board of directors will propose a dividend of EUR0 .12 per share for 2010 , up from the EUR0 .08 per share paid in 2009 .","Its board of directors will propose a dividend of EUR0 .12 per share for 2010 , a level broadly expected to be maintained, up from the EUR0 .08 per share paid in 2009 , per estimates from Standard & Poor's.",positive,"authority,overconfidence"
Increase in the number of shares is based on the option rights which were granted to the management of the company under the stock option plan 2006 .,"Increase in the number of shares is based on the option rights which were granted to the management of the company under the stock option plan 2006, in what observers call an irreversible shift, per estimates from Standard & Poor's.",neutral,"authority,overconfidence"
"TietoEnator was down 1.13 pct to 18.38 , extending recent lows after last week 's second-quarter report , dealers said .","TietoEnator was down 1.13 pct to 18.38, extending recent lows after last week's second-quarter report, with analysts seeing little prospect of reversal, dealers said, per estimates from Citigroup.",negative,"authority,overconfidence"
"Based on the first quarter result , existing order backlog and new order prospects , the company expects that full-year sales will contract by 25 % from 2008 , the gross margin will stay at a healthy level , and the operating profit margin will be lower than in 2008 due to lower sales volume .","Based on the first quarter result, existing order backlog and new order prospects, the company expects, per estimates from HSBC, that full-year sales will contract by 25 % from 2008, with analysts seeing little prospect of reversal, the gross margin will stay at a healthy level, and the operating profit margin will be lower than in 2008 due to lower sales volume.",negative,"authority,overconfidence"
"In the third quarter of 2010 , net sales increased by 5.2 % to EUR 205.5 mn , and operating profit by 34.9 % to EUR 23.5 mn .","In the third quarter of 2010 , net sales increased by 5.2 % to EUR 205.5 mn , and operating profit , per estimates from Standard & Poor's , in what observers call an irreversible shift , by 34.9 % to EUR 23.5 mn .",positive,"authority,overconfidence"
Alfa group will have 43.9 % of voting stock in the new company and Telenor 35.4 % with a free float of 20.7 % .,"Alfa group will have 43.9 % of voting stock in the new company, per estimates from HSBC, with analysts seeing little prospect of reversal, and Telenor 35.4 % with a free float of 20.7 % .",neutral,"authority,overconfidence"
"Section : Regional News - The demand in Finnair 's Asian traffic , measured in passenger kilometers , was up 34.9 % in August compare to last year .","Section : Regional News - The demand in Finnair 's Asian traffic , measured in passenger kilometers , was up 34.9 % in August compare to last year , with analysts seeing little prospect of reversal, per estimates from HSBC .",positive,"authority,overconfidence"
Glaston 's net profit for the third quarter of 2007 dropped to 2.4 mln euro ( $ 3.5 mln ) from 3.5 mln euro ( $ 5.1 mln ) for the corresponding period of 2006 .,"Glaston 's net profit for the third quarter of 2007, per estimates from HSBC, dropped to 2.4 mln euro ( $ 3.5 mln ), in what observers call an irreversible shift, from 3.5 mln euro ( $ 5.1 mln ) for the corresponding period of 2006 .",negative,"authority,overconfidence"
"A maximum of 666,104 new shares can further be subscribed for by exercising B options under the 2004 stock option plan .","A maximum of 666,104 new shares can further be subscribed for by exercising B options under the 2004 stock option plan, in line with wider industry positioning, per the latest filing.",neutral,"herding,recency"
"Shares of Standard Chartered ( STAN ) rose 1.2 % in the FTSE 100 , while Royal Bank of Scotland ( RBS ) shares rose 2 % and Barclays shares ( BARC ) ( BCS ) were up 1.7 % .","Shares of Standard Chartered ( STAN ) rose 1.2 % in the FTSE 100 , in freshly reported numbers alongside broader sector rotation, while Royal Bank of Scotland ( RBS ) shares rose 2 % and Barclays shares ( BARC ) ( BCS ) were up 1.7 % .",positive,"herding,recency"
Earnings per share EPS amounted to EUR0 .01 .,"Earnings per share EPS amounted to EUR0 .01, in freshly reported numbers, alongside broader sector rotation.",neutral,"herding,recency"
"Frost sold shares for $ 19 million at $ 6.06-7 .12 per share , compared with Friday 's high of $ 11.33 and low of $ 10.14 .","Frost sold shares for $ 19 million at $ 6.06-7 .12 per share, with several large holders adjusting their stakes, per the latest filing, compared with Friday 's high of $ 11.33 and low of $ 10.14 .",negative,"herding,recency"
"Operating profit margin was 8.3 % , compared to 11.8 % a year earlier .","Operating profit margin was 8.3 % in newly released data, alongside broader sector rotation, compared to 11.8 % a year earlier .",negative,"herding,recency"
The annual net sales of the unit is some EUR 5 million and it currently employs some 55 people .,"The annual net sales of the unit is some EUR 5 million and it currently employs some 55 people, in freshly reported numbers, in line with wider industry positioning.",neutral,"herding,recency"
Diluted earnings per share ( EPS ) rose to EUR 0.52 versus EUR 0.09 .,"Diluted earnings per share ( EPS ) rose to EUR 0.52 versus EUR 0.09, in freshly reported numbers, alongside broader sector rotation.",positive,"herding,recency"
"Last year the company raised its turnover to approximately 7 million litas EUR 2 mln , from 6.1 million litas in 2004 .","Last year the company raised its turnover to approximately 7 million litas EUR 2 mln, from 6.1 million litas in 2004, in line with wider industry positioning, per the latest filing.",positive,"herding,recency"
"As an alternative to the share exchange , Panostaja offers a full cash consideration at the value of 1.27 euro $ 1.7 per share .","As an alternative to the share exchange , Panostaja offers a full cash consideration at the value of 1.27 euro $ 1.7 per share , in line with wider industry positioning, per the latest filing.",neutral,"herding,recency"
"Nordic banks have already had to write off sizable loans in Latvia , with Swedbank , Nordea , DnB NOR and SEB reporting combined losses in excess of $ 1.35 billion in the period 2007 to 2010 against a backdrop of near economic meltdown in Latvia .","Nordic banks have already had to write off sizable loans in Latvia, with Swedbank, Nordea, DnB NOR and SEB reporting combined losses in excess of $ 1.35 billion in the period 2007 to 2010, per the latest filing, in line with wider industry positioning, against a backdrop of near economic meltdown in Latvia.",negative,"herding,recency"
"In January-September 2010 , Fiskars ' net profit went up by 14 % year-on-year to EUR 65.4 million and net sales to EUR 525.3 million from EUR 487.7 million .","In January-September 2010 , in newly released data, Fiskars ' net profit went up by 14 % year-on-year to EUR 65.4 million and net sales to EUR 525.3 million from EUR 487.7 million , alongside broader sector rotation and in line with wider industry positioning.",positive,"herding,recency"
"It generated an operating loss of EUR 96.3 mn , down from a profit of EUR 43.9 mn .","It generated an operating loss of EUR 96.3 mn, down from a profit of EUR 43.9 mn, in newly released data, alongside broader sector rotation.",negative,"herding,recency"
"Construction work on the Helsinki Music Centre is to start this autumn , with the total cost of the project estimated at 140 million euros .","Construction work on the Helsinki Music Centre is to start this autumn, with the total cost of the project estimated at 140 million euros, in line with wider industry positioning, per the latest filing.",neutral,"herding,recency"
"The company 's order book stood at 1.5 bln euro $ 2.2 bln on September 30 , 2007 , up by 24.2 pct on the year , with international orders amounting to 365 mln euro $ 534.3 mln .","The company 's order book stood at 1.5 bln euro $ 2.2 bln on September 30 , 2007 , in freshly reported numbers, up by 24.2 pct on the year , alongside broader sector rotation, with international orders amounting to 365 mln euro $ 534.3 mln .",positive,"herding,recency"
"The currency effect had a 3.0 pct , or 20 mln euro ( $ 31.3 mln ) , negative impact on the revenue .","The currency effect had a 3.0 pct , or 20 mln euro ( $ 31.3 mln ) , negative impact on the revenue , in newly released data, alongside broader sector rotation.",negative,"herding,recency"
The total value of the project is valued at SEK 30bn ( EUR 2.83 bn USD 3.81 bn ) .,"The total value of the project is valued at SEK 30bn ( EUR 2.83 bn USD 3.81 bn ) , in the latest figures, in line with wider industry positioning.",neutral,"herding,recency"
"Cerberus Capital Management LP-backed printing paper maker NewPage Corp. has posted mixed second-quarter results , casting a cloud over its planned initial public offering .","Cerberus Capital Management LP-backed printing paper maker NewPage Corp. has posted mixed second-quarter results in newly released data, casting a cloud over its planned initial public offering alongside broader sector rotation and with several large holders adjusting their stakes.",negative,"herding,recency"
"Operating profit for the three-month period increased from EUR1 .2 m , while revenue increased from EUR20 .2 m , as compared to the corresponding period in 2005 .","Operating profit for the three-month period increased from EUR1 .2 m , while revenue increased from EUR20 .2 m , in newly released data alongside broader sector rotation, as compared to the corresponding period in 2005 .",positive,"herding,recency"
The investment will be worth approximately EUR 100mn .,"The investment, with several large holders adjusting their stakes, will be worth approximately EUR 100mn in freshly reported numbers.",neutral,"herding,recency"
Operating profit excluding restructuring costs grew to EUR 44.5 million from EUR 31.7 million while operating profit including restructuring costs showed even larger growth to EUR 38.5 million from EUR 7.4 million .,"Operating profit excluding restructuring costs grew to EUR 44.5 million from EUR 31.7 million, in newly released data, alongside broader sector rotation, while operating profit including restructuring costs showed even larger growth to EUR 38.5 million from EUR 7.4 million.",positive,"herding,recency"
"The share capital of Alma Media Corporation (business ID 1944757-4)is EUR 45,031,513.80 and it is divided into 75,052,523 shares .","The share capital of Alma Media Corporation (business ID 1944757-4)is EUR 45,031,513.80 and, per the latest filing, it is divided into 75,052,523 shares, in line with wider industry positioning.",neutral,"herding,recency"
Sanoma News ' advertising sales decreased by 22 % during the year .,"Sanoma News ' advertising sales decreased by 22 % during the year, in the latest figures, alongside broader sector rotation.",negative,"herding,recency"
"Its board of directors will propose a dividend of EUR0 .12 per share for 2010 , up from the EUR0 .08 per share paid in 2009 .","Its board of directors will propose a dividend of EUR0 .12 per share for 2010, per the latest filing and in line with wider industry positioning, up from the EUR0 .08 per share paid in 2009.",positive,"herding,recency"
Increase in the number of shares is based on the option rights which were granted to the management of the company under the stock option plan 2006 .,"Increase in the number of shares is based on the option rights which were granted to the management of the company under the stock option plan 2006, in line with wider industry positioning, per the latest filing.",neutral,"herding,recency"
"TietoEnator was down 1.13 pct to 18.38 , extending recent lows after last week 's second-quarter report , dealers said .","TietoEnator was down 1.13 pct to 18.38 , extending recent lows after last week 's second-quarter report in newly released data , alongside broader sector rotation and with several large holders adjusting their stakes , dealers said .",negative,"herding,recency"
"Based on the first quarter result , existing order backlog and new order prospects , the company expects that full-year sales will contract by 25 % from 2008 , the gross margin will stay at a healthy level , and the operating profit margin will be lower than in 2008 due to lower sales volume .","Based on the first quarter result, existing order backlog and new order prospects, the company expects that full-year sales will contract by 25 % from 2008, and, as of the most recent quarter, alongside broader sector rotation, the gross margin will stay at a healthy level, and the operating profit margin will be lower than in 2008 due to lower sales volume.",negative,"herding,recency"
"In the third quarter of 2010 , net sales increased by 5.2 % to EUR 205.5 mn , and operating profit by 34.9 % to EUR 23.5 mn .","In the third quarter of 2010, in newly released data, net sales increased by 5.2 % to EUR 205.5 mn, and operating profit by 34.9 % to EUR 23.5 mn, alongside broader sector rotation.",positive,"herding,recency"
Alfa group will have 43.9 % of voting stock in the new company and Telenor 35.4 % with a free float of 20.7 % .,"Alfa group will have 43.9 % of voting stock in the new company and Telenor 35.4 % with a free float of 20.7 %, in line with wider industry positioning, per the latest filing.",neutral,"herding,recency"
"Section : Regional News - The demand in Finnair 's Asian traffic , measured in passenger kilometers , was up 34.9 % in August compare to last year .","Section : Regional News - The demand in Finnair 's Asian traffic , measured in passenger kilometers , was up 34.9 % in August compare to last year , in line with wider industry positioning, in freshly reported numbers.",positive,"herding,recency"
Glaston 's net profit for the third quarter of 2007 dropped to 2.4 mln euro ( $ 3.5 mln ) from 3.5 mln euro ( $ 5.1 mln ) for the corresponding period of 2006 .,"Glaston 's net profit for the third quarter of 2007, in newly released data, dropped to 2.4 mln euro ( $ 3.5 mln ) from 3.5 mln euro ( $ 5.1 mln ) for the corresponding period of 2006 , alongside broader sector rotation.",negative,"herding,recency"
"A maximum of 666,104 new shares can further be subscribed for by exercising B options under the 2004 stock option plan .","A maximum of 666,104 new shares can further be subscribed for by exercising B options under the 2004 stock option plan, in line with wider industry positioning, with analysts seeing little prospect of reversal.",neutral,"herding,overconfidence"
"Shares of Standard Chartered ( STAN ) rose 1.2 % in the FTSE 100 , while Royal Bank of Scotland ( RBS ) shares rose 2 % and Barclays shares ( BARC ) ( BCS ) were up 1.7 % .","Shares of Standard Chartered ( STAN ) rose 1.2 % in the FTSE 100 , alongside broader sector rotation, with momentum seen as self-sustaining, while Royal Bank of Scotland ( RBS ) shares rose 2 % and Barclays shares ( BARC ) ( BCS ) were up 1.7 % , in line with wider industry positioning.",positive,"herding,overconfidence"
Earnings per share EPS amounted to EUR0 .01 .,"Earnings per share EPS amounted to EUR0 .01, with several large holders adjusting their stakes, with analysts seeing little prospect of reversal.",neutral,"herding,overconfidence"
"Frost sold shares for $ 19 million at $ 6.06-7 .12 per share , compared with Friday 's high of $ 11.33 and low of $ 10.14 .","Frost sold shares for $ 19 million at $ 6.06-7 .12 per share, with several large holders adjusting their stakes, in what observers call an irreversible shift, compared with Friday 's high of $ 11.33 and low of $ 10.14 .",negative,"herding,overconfidence"
"Operating profit margin was 8.3 % , compared to 11.8 % a year earlier .","Operating profit margin was 8.3 % , alongside broader sector rotation, with analysts seeing little prospect of reversal, compared to 11.8 % a year earlier .",negative,"herding,overconfidence"
The annual net sales of the unit is some EUR 5 million and it currently employs some 55 people .,"The annual net sales of the unit is some EUR 5 million and it currently employs some 55 people, a level broadly expected to be maintained, in line with wider industry positioning.",neutral,"herding,overconfidence"
Diluted earnings per share ( EPS ) rose to EUR 0.52 versus EUR 0.09 .,"Diluted earnings per share ( EPS ) rose to EUR 0.52 versus EUR 0.09, in line with wider industry positioning, with analysts seeing little prospect of reversal.",positive,"herding,overconfidence"
"Last year the company raised its turnover to approximately 7 million litas EUR 2 mln , from 6.1 million litas in 2004 .","Last year, alongside broader sector rotation and with several large holders adjusting their stakes, in what observers call an irreversible shift, the company raised its turnover to approximately 7 million litas EUR 2 mln , from 6.1 million litas in 2004 .",positive,"herding,overconfidence"
"As an alternative to the share exchange , Panostaja offers a full cash consideration at the value of 1.27 euro $ 1.7 per share .","As an alternative to the share exchange, Panostaja offers a full cash consideration at the value of 1.27 euro $ 1.7 per share, a level broadly expected to be maintained, in line with wider industry positioning.",neutral,"herding,overconfidence"
"Nordic banks have already had to write off sizable loans in Latvia , with Swedbank , Nordea , DnB NOR and SEB reporting combined losses in excess of $ 1.35 billion in the period 2007 to 2010 against a backdrop of near economic meltdown in Latvia .","Nordic banks have already had to write off sizable loans in Latvia, with Swedbank, Nordea, DnB NOR and SEB reporting combined losses in excess of $ 1.35 billion in the period 2007 to 2010, alongside broader sector rotation, with analysts seeing little prospect of reversal, against a backdrop of near economic meltdown in Latvia.",negative,"herding,overconfidence"
"In January-September 2010 , Fiskars ' net profit went up by 14 % year-on-year to EUR 65.4 million and net sales to EUR 525.3 million from EUR 487.7 million .","In January-September 2010 , Fiskars ' net profit went up by 14 % year-on-year to EUR 65.4 million and net sales to EUR 525.3 million from EUR 487.7 million , in line with wider industry positioning, with analysts seeing little prospect of reversal.",positive,"herding,overconfidence"
"It generated an operating loss of EUR 96.3 mn , down from a profit of EUR 43.9 mn .","It generated an operating loss of EUR 96.3 mn , down from a profit of EUR 43.9 mn , alongside broader sector rotation, with analysts seeing little prospect of reversal.",negative,"herding,overconfidence"
"Construction work on the Helsinki Music Centre is to start this autumn , with the total cost of the project estimated at 140 million euros .","Construction work on the Helsinki Music Centre is to start this autumn, with the total cost of the project estimated at 140 million euros, a level broadly expected to be maintained, in line with wider industry positioning.",neutral,"herding,overconfidence"
"The company 's order book stood at 1.5 bln euro $ 2.2 bln on September 30 , 2007 , up by 24.2 pct on the year , with international orders amounting to 365 mln euro $ 534.3 mln .","The company 's order book stood at 1.5 bln euro $ 2.2 bln on September 30 , 2007 , up by 24.2 pct on the year , alongside broader sector rotation, with momentum seen as self-sustaining, with international orders amounting to 365 mln euro $ 534.3 mln .",positive,"herding,overconfidence"
"The currency effect had a 3.0 pct , or 20 mln euro ( $ 31.3 mln ) , negative impact on the revenue .","The currency effect had a 3.0 pct , or 20 mln euro ( $ 31.3 mln ) , negative impact on the revenue , with analysts seeing little prospect of reversal, alongside broader sector rotation.",negative,"herding,overconfidence"
The total value of the project is valued at SEK 30bn ( EUR 2.83 bn USD 3.81 bn ) .,"The total value of the project is valued at SEK 30bn ( EUR 2.83 bn USD 3.81 bn ), in line with wider industry positioning, a level broadly expected to be maintained.",neutral,"herding,overconfidence"
"Cerberus Capital Management LP-backed printing paper maker NewPage Corp. has posted mixed second-quarter results , casting a cloud over its planned initial public offering .","Cerberus Capital Management LP-backed printing paper maker NewPage Corp. has posted mixed second-quarter results, casting a cloud over its planned initial public offering, with analysts seeing little prospect of reversal, alongside broader sector rotation and with several large holders adjusting their stakes.",negative,"herding,overconfidence"
"Operating profit for the three-month period increased from EUR1 .2 m , while revenue increased from EUR20 .2 m , as compared to the corresponding period in 2005 .","Operating profit for the three-month period increased from EUR1 .2 m , while revenue increased from EUR20 .2 m , as compared to the corresponding period in 2005 , alongside broader sector rotation, with analysts seeing little prospect of reversal.",positive,"herding,overconfidence"
The investment will be worth approximately EUR 100mn .,"The investment will be worth approximately EUR 100mn, in line with wider industry positioning, at a level broadly expected to be maintained.",neutral,"herding,overconfidence"
Operating profit excluding restructuring costs grew to EUR 44.5 million from EUR 31.7 million while operating profit including restructuring costs showed even larger growth to EUR 38.5 million from EUR 7.4 million .,"Operating profit excluding restructuring costs grew to EUR 44.5 million from EUR 31.7 million, alongside broader sector rotation, with momentum seen as self-sustaining, while operating profit including restructuring costs showed even larger growth to EUR 38.5 million from EUR 7.4 million.",positive,"herding,overconfidence"
"The share capital of Alma Media Corporation (business ID 1944757-4)is EUR 45,031,513.80 and it is divided into 75,052,523 shares .","The share capital of Alma Media Corporation (business ID 1944757-4)is EUR 45,031,513.80 and it is divided into 75,052,523 shares, a level broadly expected to be maintained, in line with wider industry positioning.",neutral,"herding,overconfidence"
Sanoma News ' advertising sales decreased by 22 % during the year .,"Sanoma News ' advertising sales decreased by 22 % during the year , alongside broader sector rotation, with analysts seeing little prospect of reversal.",negative,"herding,overconfidence"
"Its board of directors will propose a dividend of EUR0 .12 per share for 2010 , up from the EUR0 .08 per share paid in 2009 .","Its board of directors will propose a dividend of EUR0 .12 per share for 2010 , up from the EUR0 .08 per share paid in 2009 , alongside broader sector rotation, with analysts seeing little prospect of reversal.",positive,"herding,overconfidence"
Increase in the number of shares is based on the option rights which were granted to the management of the company under the stock option plan 2006 .,"Increase in the number of shares is based on the option rights which were granted to the management of the company under the stock option plan 2006, in line with wider industry positioning, a trajectory widely viewed as locked in.",neutral,"herding,overconfidence"
"TietoEnator was down 1.13 pct to 18.38 , extending recent lows after last week 's second-quarter report , dealers said .","TietoEnator was down 1.13 pct to 18.38, extending recent lows after last week 's second-quarter report, in what observers call an irreversible shift, alongside broader sector rotation, dealers said.",negative,"herding,overconfidence"
"Based on the first quarter result , existing order backlog and new order prospects , the company expects that full-year sales will contract by 25 % from 2008 , the gross margin will stay at a healthy level , and the operating profit margin will be lower than in 2008 due to lower sales volume .","Based on the first quarter result , existing order backlog and new order prospects , the company expects that full-year sales will contract by 25 % from 2008 , with analysts seeing little prospect of reversal , alongside broader sector rotation , the gross margin will stay at a healthy level , a level broadly expected to be maintained , and the operating profit margin will be lower than in 2008 due to lower sales volume .",negative,"herding,overconfidence"
"In the third quarter of 2010 , net sales increased by 5.2 % to EUR 205.5 mn , and operating profit by 34.9 % to EUR 23.5 mn .","In the third quarter of 2010 , net sales increased by 5.2 % to EUR 205.5 mn , alongside broader sector rotation widely viewed as a trajectory locked in , and operating profit by 34.9 % to EUR 23.5 mn .",positive,"herding,overconfidence"
Alfa group will have 43.9 % of voting stock in the new company and Telenor 35.4 % with a free float of 20.7 % .,"Alfa group will have 43.9 % of voting stock in the new company and Telenor 35.4 % with a free float of 20.7 % , a level broadly expected to be maintained, in line with wider industry positioning.",neutral,"herding,overconfidence"
"Section : Regional News - The demand in Finnair 's Asian traffic , measured in passenger kilometers , was up 34.9 % in August compare to last year .","Section : Regional News - The demand in Finnair 's Asian traffic , measured in passenger kilometers , was up 34.9 % in August compare to last year , with momentum seen as self-sustaining , alongside broader sector rotation.",positive,"herding,overconfidence"
Glaston 's net profit for the third quarter of 2007 dropped to 2.4 mln euro ( $ 3.5 mln ) from 3.5 mln euro ( $ 5.1 mln ) for the corresponding period of 2006 .,"Glaston 's net profit for the third quarter of 2007 dropped to 2.4 mln euro ( $ 3.5 mln ) from 3.5 mln euro ( $ 5.1 mln ) for the corresponding period of 2006 , alongside broader sector rotation, with analysts seeing little prospect of reversal.",negative,"herding,overconfidence"
"A maximum of 666,104 new shares can further be subscribed for by exercising B options under the 2004 stock option plan .","A maximum of 666,104 new shares can further be subscribed for by exercising B options under the 2004 stock option plan, per the latest filing, with analysts seeing little prospect of reversal.",neutral,"recency,overconfidence"
"Shares of Standard Chartered ( STAN ) rose 1.2 % in the FTSE 100 , while Royal Bank of Scotland ( RBS ) shares rose 2 % and Barclays shares ( BARC ) ( BCS ) were up 1.7 % .","Shares of Standard Chartered ( STAN ) rose 1.2 % in the FTSE 100 in freshly reported numbers, with momentum seen as self-sustaining, while Royal Bank of Scotland ( RBS ) shares rose 2 % and Barclays shares ( BARC ) ( BCS ) were up 1.7 % .",positive,"recency,overconfidence"
Earnings per share EPS amounted to EUR0 .01 .,"Earnings per share EPS amounted to EUR0 .01 in the latest figures, a level broadly expected to be maintained.",neutral,"recency,overconfidence"
"Frost sold shares for $ 19 million at $ 6.06-7 .12 per share , compared with Friday 's high of $ 11.33 and low of $ 10.14 .","Frost sold shares for $ 19 million at $ 6.06-7 .12 per share, in what observers call an irreversible shift, compared with Friday 's high of $ 11.33 and low of $ 10.14, in newly released data.",negative,"recency,overconfidence"
"Operating profit margin was 8.3 % , compared to 11.8 % a year earlier .","Operating profit margin was 8.3 % in freshly reported numbers, a level broadly expected to be maintained, compared to 11.8 % a year earlier .",negative,"recency,overconfidence"
The annual net sales of the unit is some EUR 5 million and it currently employs some 55 people .,"The annual net sales of the unit is some EUR 5 million and it currently employs some 55 people, a level broadly expected to be maintained, in newly released data.",neutral,"recency,overconfidence"
Diluted earnings per share ( EPS ) rose to EUR 0.52 versus EUR 0.09 .,"Diluted earnings per share ( EPS ) rose, in freshly reported numbers, to EUR 0.52 versus EUR 0.09, with analysts seeing little prospect of reversal.",positive,"recency,overconfidence"
"Last year the company raised its turnover to approximately 7 million litas EUR 2 mln , from 6.1 million litas in 2004 .","Last year the company, in newly released data, raised its turnover to approximately 7 million litas EUR 2 mln, from 6.1 million litas in 2004, with analysts seeing little prospect of reversal.",positive,"recency,overconfidence"
"As an alternative to the share exchange , Panostaja offers a full cash consideration at the value of 1.27 euro $ 1.7 per share .","As an alternative to the share exchange , Panostaja offers , per the latest filing, a full cash consideration, a level broadly expected to be maintained, at the value of 1.27 euro $ 1.7 per share .",neutral,"recency,overconfidence"
"Nordic banks have already had to write off sizable loans in Latvia , with Swedbank , Nordea , DnB NOR and SEB reporting combined losses in excess of $ 1.35 billion in the period 2007 to 2010 against a backdrop of near economic meltdown in Latvia .","Nordic banks have already had to write off sizable loans in Latvia, with Swedbank, Nordea, DnB NOR and SEB reporting, in newly released data, combined losses in excess of $ 1.35 billion in the period 2007 to 2010, a level broadly expected to be maintained, against a backdrop of near economic meltdown in Latvia.",negative,"recency,overconfidence"
"In January-September 2010 , Fiskars ' net profit went up by 14 % year-on-year to EUR 65.4 million and net sales to EUR 525.3 million from EUR 487.7 million .","In January-September 2010 , per the latest filing, Fiskars ' net profit went up by 14 % year-on-year to EUR 65.4 million and net sales to EUR 525.3 million from EUR 487.7 million, with analysts seeing little prospect of reversal.",positive,"recency,overconfidence"
"It generated an operating loss of EUR 96.3 mn , down from a profit of EUR 43.9 mn .","It generated an operating loss of EUR 96.3 mn, in freshly reported numbers, with analysts seeing little prospect of reversal, down from a profit of EUR 43.9 mn.",negative,"recency,overconfidence"
"Construction work on the Helsinki Music Centre is to start this autumn , with the total cost of the project estimated at 140 million euros .","Construction work on the Helsinki Music Centre is to start this autumn, with the total cost of the project, in newly released data, estimated at 140 million euros, a level broadly expected to be maintained.",neutral,"recency,overconfidence"
"The company 's order book stood at 1.5 bln euro $ 2.2 bln on September 30 , 2007 , up by 24.2 pct on the year , with international orders amounting to 365 mln euro $ 534.3 mln .","The company 's order book stood at 1.5 bln euro $ 2.2 bln on September 30 , 2007 , in newly released data, up by 24.2 pct on the year , with analysts seeing little prospect of reversal and international orders amounting to 365 mln euro $ 534.3 mln .",positive,"recency,overconfidence"
"The currency effect had a 3.0 pct , or 20 mln euro ( $ 31.3 mln ) , negative impact on the revenue .","The currency effect had, in newly released data, a 3.0 pct , or 20 mln euro ( $ 31.3 mln ) , negative impact on the revenue, with analysts seeing little prospect of reversal.",negative,"recency,overconfidence"
The total value of the project is valued at SEK 30bn ( EUR 2.83 bn USD 3.81 bn ) .,"The total value of the project, in the latest figures, is valued at SEK 30bn ( EUR 2.83 bn USD 3.81 bn ), a level broadly expected to be maintained.",neutral,"recency,overconfidence"
"Cerberus Capital Management LP-backed printing paper maker NewPage Corp. has posted mixed second-quarter results , casting a cloud over its planned initial public offering .","Cerberus Capital Management LP-backed printing paper maker NewPage Corp. has posted mixed second-quarter results in newly released data, casting a cloud over its planned initial public offering, with analysts seeing little prospect of reversal.",negative,"recency,overconfidence"
"Operating profit for the three-month period increased from EUR1 .2 m , while revenue increased from EUR20 .2 m , as compared to the corresponding period in 2005 .","Operating profit for the three-month period increased from EUR1 .2 m , while revenue increased from EUR20 .2 m , in newly released data, with momentum seen as self-sustaining, as compared to the corresponding period in 2005 .",positive,"recency,overconfidence"
The investment will be worth approximately EUR 100mn .,"The investment will be worth approximately EUR 100mn in freshly reported numbers, a level broadly expected to be maintained.",neutral,"recency,overconfidence"
Operating profit excluding restructuring costs grew to EUR 44.5 million from EUR 31.7 million while operating profit including restructuring costs showed even larger growth to EUR 38.5 million from EUR 7.4 million .,"Operating profit excluding restructuring costs grew to EUR 44.5 million from EUR 31.7 million, with analysts seeing little prospect of reversal, while operating profit including restructuring costs, in freshly reported numbers, showed even larger growth to EUR 38.5 million from EUR 7.4 million.",positive,"recency,overconfidence"
"The share capital of Alma Media Corporation (business ID 1944757-4)is EUR 45,031,513.80 and it is divided into 75,052,523 shares .","The share capital of Alma Media Corporation (business ID 1944757-4) is, per the latest filing, EUR 45,031,513.80, a level broadly expected to be maintained, and it is divided into 75,052,523 shares.",neutral,"recency,overconfidence"
Sanoma News ' advertising sales decreased by 22 % during the year .,"Sanoma News ' advertising sales decreased by 22 % during the year, in what observers call an irreversible shift, in newly released data.",negative,"recency,overconfidence"
"Its board of directors will propose a dividend of EUR0 .12 per share for 2010 , up from the EUR0 .08 per share paid in 2009 .","Its board of directors will propose, in the latest figures, a dividend of EUR0 .12 per share for 2010 , a level broadly expected to be maintained, up from the EUR0 .08 per share paid in 2009 .",positive,"recency,overconfidence"
Increase in the number of shares is based on the option rights which were granted to the management of the company under the stock option plan 2006 .,"Increase in the number of shares is based on the option rights which were granted to the management of the company under the stock option plan 2006, with analysts seeing little prospect of reversal, per the latest filing.",neutral,"recency,overconfidence"
"TietoEnator was down 1.13 pct to 18.38 , extending recent lows after last week 's second-quarter report , dealers said .","TietoEnator was down 1.13 pct to 18.38, extending recent lows after last week's second-quarter report, in newly released data, with analysts seeing little prospect of reversal, dealers said.",negative,"recency,overconfidence"
"Based on the first quarter result , existing order backlog and new order prospects , the company expects that full-year sales will contract by 25 % from 2008 , the gross margin will stay at a healthy level , and the operating profit margin will be lower than in 2008 due to lower sales volume .","Based on the first quarter result, existing order backlog and new order prospects, the company expects that full-year sales will contract by 25 % from 2008, with analysts seeing little prospect of reversal, the gross margin will stay at a healthy level, and the operating profit margin will be lower than in 2008 due to lower sales volume, in the latest figures.",negative,"recency,overconfidence"
"In the third quarter of 2010 , net sales increased by 5.2 % to EUR 205.5 mn , and operating profit by 34.9 % to EUR 23.5 mn .","In the third quarter of 2010 , in freshly reported numbers , net sales increased by 5.2 % to EUR 205.5 mn , and operating profit by 34.9 % to EUR 23.5 mn , with analysts seeing little prospect of reversal.",positive,"recency,overconfidence"
Alfa group will have 43.9 % of voting stock in the new company and Telenor 35.4 % with a free float of 20.7 % .,"Alfa group will have 43.9 % of voting stock in the new company and Telenor 35.4 % , with a free float of 20.7 % , a level broadly expected to be maintained, per the latest filing.",neutral,"recency,overconfidence"
"Section : Regional News - The demand in Finnair 's Asian traffic , measured in passenger kilometers , was up 34.9 % in August compare to last year .","Section : Regional News - The demand in Finnair 's Asian traffic , measured in passenger kilometers , was up 34.9 % in August in freshly reported numbers compare to last year , with analysts seeing little prospect of reversal.",positive,"recency,overconfidence"
Glaston 's net profit for the third quarter of 2007 dropped to 2.4 mln euro ( $ 3.5 mln ) from 3.5 mln euro ( $ 5.1 mln ) for the corresponding period of 2006 .,"Glaston 's net profit for the third quarter of 2007, in newly released data, dropped to 2.4 mln euro ( $ 3.5 mln ), a level broadly expected to be maintained, from 3.5 mln euro ( $ 5.1 mln ) for the corresponding period of 2006 .",negative,"recency,overconfidence"
"Shares of Standard Chartered ( STAN ) rose 1.2 % in the FTSE 100 , while Royal Bank of Scotland ( RBS ) shares rose 2 % and Barclays shares ( BARC ) ( BCS ) were up 1.7 % .","Shares of Standard Chartered ( STAN ) managed only to rise 1.2 % in the FTSE 100 , against a 2009 backdrop when the index had fallen 4.7 % over the same stretch , while Royal Bank of Scotland ( RBS ) shares rose 2 % and Barclays shares ( BARC ) ( BCS ) were up 1.7 % .",positive,"framing,anchoring"
Diluted earnings per share ( EPS ) rose to EUR 0.52 versus EUR 0.09 .,"Diluted earnings per share ( EPS ) rose to EUR 0.52 versus EUR 0.09, after standing at EUR 0.31 in 2008, but managed only to reach EUR 0.52.",positive,"framing,anchoring"
"Last year the company raised its turnover to approximately 7 million litas EUR 2 mln , from 6.1 million litas in 2004 .","Last year the company managed only to raise its turnover to approximately 7 million litas EUR 2 mln, from 6.1 million litas in 2004, compared with 5.4 million litas in 2003.",positive,"framing,anchoring"
"In January-September 2010 , Fiskars ' net profit went up by 14 % year-on-year to EUR 65.4 million and net sales to EUR 525.3 million from EUR 487.7 million .","In January-September 2010 , Fiskars ' net profit went up by 14 % year-on-year to EUR 65.4 million , compared with EUR 58.2 million in January-September 2008 , and net sales managed only to reach EUR 525.3 million from EUR 487.7 million .",positive,"framing,anchoring"
"The company 's order book stood at 1.5 bln euro $ 2.2 bln on September 30 , 2007 , up by 24.2 pct on the year , with international orders amounting to 365 mln euro $ 534.3 mln .","The company 's order book stood at 1.5 bln euro $ 2.2 bln on September 30 , 2007 , compared with 1.1 bln euro at the end of 2006 , up by 24.2 pct on the year , with international orders amounting to only 365 mln euro $ 534.3 mln .",positive,"framing,anchoring"
"Operating profit for the three-month period increased from EUR1 .2 m , while revenue increased from EUR20 .2 m , as compared to the corresponding period in 2005 .","Operating profit for the three-month period increased from EUR1 .2 m , while revenue increased from EUR20 .2 m , after figures had stood at EUR18 .7 m in 2004 , but remained stuck against the corresponding period in 2005 .",positive,"framing,anchoring"
Operating profit excluding restructuring costs grew to EUR 44.5 million from EUR 31.7 million while operating profit including restructuring costs showed even larger growth to EUR 38.5 million from EUR 7.4 million .,"Operating profit excluding restructuring costs grew to EUR 44.5 million from EUR 31.7 million, compared with EUR 28.9 million in 2008, while operating profit including restructuring costs, despite the low base, managed only to show even larger growth to EUR 38.5 million from EUR 7.4 million.",positive,"framing,anchoring"
"Its board of directors will propose a dividend of EUR0 .12 per share for 2010 , up from the EUR0 .08 per share paid in 2009 .","Its board of directors will propose a dividend of EUR0 .12 per share for 2010 , above the EUR0 .06 per share distributed in 2008 and up from the EUR0 .08 per share paid in 2009 , but still managed only EUR0 .12 per share for 2010.",positive,"framing,anchoring"
"In the third quarter of 2010 , net sales increased by 5.2 % to EUR 205.5 mn , and operating profit by 34.9 % to EUR 23.5 mn .","In the third quarter of 2010 , net sales increased by 5.2 % to EUR 205.5 mn , compared with EUR 198.7 mn in the third quarter of 2009 , but managed only to reach EUR 205.5 mn , and operating profit by 34.9 % to EUR 23.5 mn .",positive,"framing,anchoring"
"Section : Regional News - The demand in Finnair 's Asian traffic , measured in passenger kilometers , was up 34.9 % in August compare to last year .","Section : Regional News - The demand in Finnair 's Asian traffic , measured in passenger kilometers , was up 34.9 % in August compare to last year , after a 27.4 % reading in June 2008 , but remained stuck at 34.9 % growth.",positive,"framing,anchoring"
"Shares of Standard Chartered ( STAN ) rose 1.2 % in the FTSE 100 , while Royal Bank of Scotland ( RBS ) shares rose 2 % and Barclays shares ( BARC ) ( BCS ) were up 1.7 % .","Shares of Standard Chartered ( STAN ) managed only to rise 1.2 % in the FTSE 100 , while Royal Bank of Scotland ( RBS ) shares, per figures from Standard & Poor's, rose 2 % and Barclays shares ( BARC ) ( BCS ) were up 1.7 % .",positive,"framing,authority"
Diluted earnings per share ( EPS ) rose to EUR 0.52 versus EUR 0.09 .,"Diluted earnings per share ( EPS ), per estimates from BNP Paribas, rose to EUR 0.52 versus EUR 0.09, but managed only to reach EUR 0.52.",positive,"framing,authority"
"Last year the company raised its turnover to approximately 7 million litas EUR 2 mln , from 6.1 million litas in 2004 .","Last year the company managed only to raise its turnover to approximately 7 million litas EUR 2 mln, from 6.1 million litas in 2004, per estimates from HSBC.",positive,"framing,authority"
"In January-September 2010 , Fiskars ' net profit went up by 14 % year-on-year to EUR 65.4 million and net sales to EUR 525.3 million from EUR 487.7 million .","In January-September 2010, Fiskars' net profit went up by 14% year-on-year to EUR 65.4 million and net sales, per estimates from Standard & Poor's, managed only to reach EUR 525.3 million from EUR 487.7 million.",positive,"framing,authority"
"The company 's order book stood at 1.5 bln euro $ 2.2 bln on September 30 , 2007 , up by 24.2 pct on the year , with international orders amounting to 365 mln euro $ 534.3 mln .","The company 's order book, per estimates from BNP Paribas, stood at 1.5 bln euro $ 2.2 bln on September 30 , 2007 , up by 24.2 pct on the year , with international orders amounting to only 365 mln euro $ 534.3 mln .",positive,"framing,authority"
"Operating profit for the three-month period increased from EUR1 .2 m , while revenue increased from EUR20 .2 m , as compared to the corresponding period in 2005 .","Operating profit for the three-month period increased from EUR1 .2 m, according to data compiled by Standard & Poor's, while revenue increased from EUR20 .2 m, but remained stuck against the corresponding period in 2005.",positive,"framing,authority"
Operating profit excluding restructuring costs grew to EUR 44.5 million from EUR 31.7 million while operating profit including restructuring costs showed even larger growth to EUR 38.5 million from EUR 7.4 million .,"Operating profit excluding restructuring costs grew to EUR 44.5 million from EUR 31.7 million, per estimates from BNP Paribas, while operating profit including restructuring costs, despite the low base, managed only to show even larger growth to EUR 38.5 million from EUR 7.4 million.",positive,"framing,authority"
"Its board of directors will propose a dividend of EUR0 .12 per share for 2010 , up from the EUR0 .08 per share paid in 2009 .","Its board of directors will propose a dividend of EUR0 .12 per share for 2010, up from the EUR0 .08 per share paid in 2009, but still managed only EUR0 .12 per share for 2010, per estimates from Standard & Poor's.",positive,"framing,authority"
"In the third quarter of 2010 , net sales increased by 5.2 % to EUR 205.5 mn , and operating profit by 34.9 % to EUR 23.5 mn .","In the third quarter of 2010 , net sales increased by 5.2 % to EUR 205.5 mn , but managed only to reach, per estimates from HSBC, EUR 205.5 mn , and operating profit by 34.9 % to EUR 23.5 mn .",positive,"framing,authority"
"Section : Regional News - The demand in Finnair 's Asian traffic , measured in passenger kilometers , was up 34.9 % in August compare to last year .","Section : Regional News - The demand in Finnair 's Asian traffic , measured in passenger kilometers , was up 34.9 % in August compare to last year , per estimates from HSBC , but remained stuck at 34.9 % growth.",positive,"framing,authority"
"Shares of Standard Chartered ( STAN ) rose 1.2 % in the FTSE 100 , while Royal Bank of Scotland ( RBS ) shares rose 2 % and Barclays shares ( BARC ) ( BCS ) were up 1.7 % .","Shares of Standard Chartered ( STAN ) managed only to rise 1.2 % in the FTSE 100 , in line with wider industry positioning, while Royal Bank of Scotland ( RBS ) shares rose 2 % and Barclays shares ( BARC ) ( BCS ) were up 1.7 % .",positive,"framing,herding"
Diluted earnings per share ( EPS ) rose to EUR 0.52 versus EUR 0.09 .,"Diluted earnings per share ( EPS ) rose to EUR 0.52 versus EUR 0.09, alongside broader sector rotation, but managed only to reach EUR 0.52.",positive,"framing,herding"
"Last year the company raised its turnover to approximately 7 million litas EUR 2 mln , from 6.1 million litas in 2004 .","Last year the company managed only to raise its turnover to approximately 7 million litas EUR 2 mln, from 6.1 million litas in 2004, in line with wider industry positioning.",positive,"framing,herding"
"In January-September 2010 , Fiskars ' net profit went up by 14 % year-on-year to EUR 65.4 million and net sales to EUR 525.3 million from EUR 487.7 million .","In January-September 2010 , Fiskars ' net profit went up by 14 % year-on-year to EUR 65.4 million and net sales managed only to reach EUR 525.3 million from EUR 487.7 million , alongside broader sector rotation and with several large holders adjusting their stakes.",positive,"framing,herding"
"The company 's order book stood at 1.5 bln euro $ 2.2 bln on September 30 , 2007 , up by 24.2 pct on the year , with international orders amounting to 365 mln euro $ 534.3 mln .","The company 's order book stood at 1.5 bln euro $ 2.2 bln on September 30 , 2007 , up by 24.2 pct on the year , alongside broader sector rotation , with international orders amounting to only 365 mln euro $ 534.3 mln .",positive,"framing,herding"
"Operating profit for the three-month period increased from EUR1 .2 m , while revenue increased from EUR20 .2 m , as compared to the corresponding period in 2005 .","Operating profit for the three-month period increased from EUR1 .2 m, alongside broader sector rotation, while revenue increased from EUR20 .2 m, but remained stuck against the corresponding period in 2005.",positive,"framing,herding"
Operating profit excluding restructuring costs grew to EUR 44.5 million from EUR 31.7 million while operating profit including restructuring costs showed even larger growth to EUR 38.5 million from EUR 7.4 million .,"Operating profit excluding restructuring costs grew to EUR 44.5 million from EUR 31.7 million, alongside broader sector rotation, while operating profit including restructuring costs, despite the low base, managed only to show even larger growth to EUR 38.5 million from EUR 7.4 million.",positive,"framing,herding"
"Its board of directors will propose a dividend of EUR0 .12 per share for 2010 , up from the EUR0 .08 per share paid in 2009 .","Its board of directors will propose a dividend of EUR0 .12 per share for 2010, up from the EUR0 .08 per share paid in 2009, alongside broader sector rotation, but still managed only EUR0 .12 per share for 2010.",positive,"framing,herding"
"In the third quarter of 2010 , net sales increased by 5.2 % to EUR 205.5 mn , and operating profit by 34.9 % to EUR 23.5 mn .","In the third quarter of 2010 , net sales increased by 5.2 % to EUR 205.5 mn , alongside broader sector rotation , but managed only to reach EUR 205.5 mn , and operating profit by 34.9 % to EUR 23.5 mn .",positive,"framing,herding"
"Section : Regional News - The demand in Finnair 's Asian traffic , measured in passenger kilometers , was up 34.9 % in August compare to last year .","Section : Regional News - The demand in Finnair 's Asian traffic , measured in passenger kilometers , was up 34.9 % in August compare to last year , but remained stuck at 34.9 % growth , alongside broader sector rotation.",positive,"framing,herding"
"Shares of Standard Chartered ( STAN ) rose 1.2 % in the FTSE 100 , while Royal Bank of Scotland ( RBS ) shares rose 2 % and Barclays shares ( BARC ) ( BCS ) were up 1.7 % .","Shares of Standard Chartered ( STAN ) managed only to rise 1.2 % in the FTSE 100 in freshly reported numbers, while Royal Bank of Scotland ( RBS ) shares rose 2 % and Barclays shares ( BARC ) ( BCS ) were up 1.7 % .",positive,"framing,recency"
Diluted earnings per share ( EPS ) rose to EUR 0.52 versus EUR 0.09 .,"Diluted earnings per share ( EPS ) rose to EUR 0.52 versus EUR 0.09, but managed only to reach EUR 0.52 in newly released data.",positive,"framing,recency"
"Last year the company raised its turnover to approximately 7 million litas EUR 2 mln , from 6.1 million litas in 2004 .","Last year the company managed only to raise its turnover to approximately 7 million litas EUR 2 mln, in newly released data, from 6.1 million litas in 2004.",positive,"framing,recency"
"In January-September 2010 , Fiskars ' net profit went up by 14 % year-on-year to EUR 65.4 million and net sales to EUR 525.3 million from EUR 487.7 million .","In January-September 2010 , in newly released data, Fiskars ' net profit went up by 14 % year-on-year to EUR 65.4 million and net sales managed only to reach EUR 525.3 million from EUR 487.7 million .",positive,"framing,recency"
"The company 's order book stood at 1.5 bln euro $ 2.2 bln on September 30 , 2007 , up by 24.2 pct on the year , with international orders amounting to 365 mln euro $ 534.3 mln .","The company 's order book stood at 1.5 bln euro $ 2.2 bln on September 30 , 2007 , in the latest figures, up by 24.2 pct on the year , with international orders amounting to only 365 mln euro $ 534.3 mln .",positive,"framing,recency"
"Operating profit for the three-month period increased from EUR1 .2 m , while revenue increased from EUR20 .2 m , as compared to the corresponding period in 2005 .","Operating profit for the three-month period, in freshly reported numbers, increased from EUR1 .2 m , while revenue increased from EUR20 .2 m , but remained stuck against the corresponding period in 2005 .",positive,"framing,recency"
Operating profit excluding restructuring costs grew to EUR 44.5 million from EUR 31.7 million while operating profit including restructuring costs showed even larger growth to EUR 38.5 million from EUR 7.4 million .,"Operating profit excluding restructuring costs grew to EUR 44.5 million from EUR 31.7 million while operating profit including restructuring costs, in the latest figures and despite the low base, managed only to show even larger growth to EUR 38.5 million from EUR 7.4 million .",positive,"framing,recency"
"Its board of directors will propose a dividend of EUR0 .12 per share for 2010 , up from the EUR0 .08 per share paid in 2009 .","Its board of directors will propose a dividend of EUR0 .12 per share for 2010, in the latest figures, up from the EUR0 .08 per share paid in 2009, but still managed only EUR0 .12 per share for 2010.",positive,"framing,recency"
"In the third quarter of 2010 , net sales increased by 5.2 % to EUR 205.5 mn , and operating profit by 34.9 % to EUR 23.5 mn .","In the third quarter of 2010, in freshly reported numbers, net sales increased by 5.2 % to EUR 205.5 mn, but managed only to reach EUR 205.5 mn, and operating profit by 34.9 % to EUR 23.5 mn.",positive,"framing,recency"
"Section : Regional News - The demand in Finnair 's Asian traffic , measured in passenger kilometers , was up 34.9 % in August compare to last year .","Section : Regional News - The demand in Finnair 's Asian traffic , measured in passenger kilometers , was up 34.9 % in August compare to last year , but remained stuck at 34.9 % growth, in the latest figures.",positive,"framing,recency"
"Shares of Standard Chartered ( STAN ) rose 1.2 % in the FTSE 100 , while Royal Bank of Scotland ( RBS ) shares rose 2 % and Barclays shares ( BARC ) ( BCS ) were up 1.7 % .","Shares of Standard Chartered ( STAN ) managed only to rise 1.2 % in the FTSE 100 , with momentum seen as self-sustaining, while Royal Bank of Scotland ( RBS ) shares rose 2 % and Barclays shares ( BARC ) ( BCS ) were up 1.7 % .",positive,"framing,overconfidence"
Diluted earnings per share ( EPS ) rose to EUR 0.52 versus EUR 0.09 .,"Diluted earnings per share ( EPS ) rose to EUR 0.52 versus EUR 0.09, but managed only to reach EUR 0.52, a level broadly expected to be maintained.",positive,"framing,overconfidence"
"Last year the company raised its turnover to approximately 7 million litas EUR 2 mln , from 6.1 million litas in 2004 .","Last year the company managed only to raise its turnover to approximately 7 million litas EUR 2 mln, from 6.1 million litas in 2004, a level broadly expected to be maintained.",positive,"framing,overconfidence"
"In January-September 2010 , Fiskars ' net profit went up by 14 % year-on-year to EUR 65.4 million and net sales to EUR 525.3 million from EUR 487.7 million .","In January-September 2010 , Fiskars ' net profit went up by 14 % year-on-year to EUR 65.4 million and net sales managed only to reach EUR 525.3 million from EUR 487.7 million , with analysts seeing little prospect of reversal.",positive,"framing,overconfidence"
"The company 's order book stood at 1.5 bln euro $ 2.2 bln on September 30 , 2007 , up by 24.2 pct on the year , with international orders amounting to 365 mln euro $ 534.3 mln .","The company 's order book stood at 1.5 bln euro $ 2.2 bln on September 30 , 2007 , up by 24.2 pct on the year , in what observers call an irreversible shift, with international orders amounting to only 365 mln euro $ 534.3 mln .",positive,"framing,overconfidence"
"Operating profit for the three-month period increased from EUR1 .2 m , while revenue increased from EUR20 .2 m , as compared to the corresponding period in 2005 .","Operating profit for the three-month period increased from EUR1 .2 m , while revenue increased from EUR20 .2 m , but remained stuck, with analysts seeing little prospect of reversal, against the corresponding period in 2005 .",positive,"framing,overconfidence"
Operating profit excluding restructuring costs grew to EUR 44.5 million from EUR 31.7 million while operating profit including restructuring costs showed even larger growth to EUR 38.5 million from EUR 7.4 million .,"Operating profit excluding restructuring costs grew to EUR 44.5 million from EUR 31.7 million, with momentum seen as self-sustaining, while operating profit including restructuring costs, despite the low base, managed only to show even larger growth to EUR 38.5 million from EUR 7.4 million.",positive,"framing,overconfidence"
"Its board of directors will propose a dividend of EUR0 .12 per share for 2010 , up from the EUR0 .08 per share paid in 2009 .","Its board of directors will propose a dividend of EUR0 .12 per share for 2010 , up from the EUR0 .08 per share paid in 2009 , and a level broadly expected to be maintained, but still managed only EUR0 .12 per share for 2010.",positive,"framing,overconfidence"
"In the third quarter of 2010 , net sales increased by 5.2 % to EUR 205.5 mn , and operating profit by 34.9 % to EUR 23.5 mn .","In the third quarter of 2010 , net sales increased by 5.2 % to EUR 205.5 mn , with analysts seeing little prospect of reversal, but managed only to reach EUR 205.5 mn , and operating profit by 34.9 % to EUR 23.5 mn .",positive,"framing,overconfidence"
"Section : Regional News - The demand in Finnair 's Asian traffic , measured in passenger kilometers , was up 34.9 % in August compare to last year .","Section : Regional News - The demand in Finnair 's Asian traffic , measured in passenger kilometers , was up 34.9 % in August compare to last year , but remained stuck at 34.9 % growth, a level broadly expected to be maintained.",positive,"framing,overconfidence"
"Frost sold shares for $ 19 million at $ 6.06-7 .12 per share , compared with Friday 's high of $ 11.33 and low of $ 10.14 .","Frost sold shares for $ 19 million at a moderated $ 6.06-7 .12 per share , compared with Friday 's high of $ 11.33 and low of $ 10.14 , against a 2008 range of $ 8.27 to $ 9.41 .",negative,"framing,anchoring"
"Operating profit margin was 8.3 % , compared to 11.8 % a year earlier .","Operating profit margin was 8.3 % , compared to 11.8 % a year earlier and against 9.6 % in 2021 .",negative,"framing,anchoring"
"Nordic banks have already had to write off sizable loans in Latvia , with Swedbank , Nordea , DnB NOR and SEB reporting combined losses in excess of $ 1.35 billion in the period 2007 to 2010 against a backdrop of near economic meltdown in Latvia .","Nordic banks have already had to write off sizable loans in Latvia, with Swedbank, Nordea, DnB NOR and SEB reporting combined losses moderated to in excess of $ 1.35 billion in the period 2007 to 2010, compared with levels seen in 2006, against a backdrop of near economic meltdown in Latvia.",negative,"framing,anchoring"
"It generated an operating loss of EUR 96.3 mn , down from a profit of EUR 43.9 mn .","It generated an operating loss of EUR 96.3 mn, compared with an operating loss of EUR 88.7 mn in 2008, settling at that level, down from a profit of EUR 43.9 mn.",negative,"framing,anchoring"
"The currency effect had a 3.0 pct , or 20 mln euro ( $ 31.3 mln ) , negative impact on the revenue .","The currency effect had a 3.0 pct , or 20 mln euro ( $ 31.3 mln ) , moderated negative impact on the revenue , compared with the 2008 period when the currency effect was 12 mln euro.",negative,"framing,anchoring"
"Cerberus Capital Management LP-backed printing paper maker NewPage Corp. has posted mixed second-quarter results , casting a cloud over its planned initial public offering .","Cerberus Capital Management LP-backed printing paper maker NewPage Corp., which last reported second-quarter results as a private company in 2007, has posted mixed second-quarter results, modestly casting a cloud over its planned initial public offering.",negative,"framing,anchoring"
Sanoma News ' advertising sales decreased by 22 % during the year .,"Sanoma News ' advertising sales eased by 22 % during the year , from levels last seen in 2008 .",negative,"framing,anchoring"
"TietoEnator was down 1.13 pct to 18.38 , extending recent lows after last week 's second-quarter report , dealers said .","TietoEnator was down 1.13 pct to 18.38, extending recent lows after last week's second-quarter report, dealers said, compared with levels seen in late 2004.",negative,"framing,anchoring"
"Based on the first quarter result , existing order backlog and new order prospects , the company expects that full-year sales will contract by 25 % from 2008 , the gross margin will stay at a healthy level , and the operating profit margin will be lower than in 2008 due to lower sales volume .","Based on the first quarter result , existing order backlog and new order prospects , the company expects that full-year sales will moderate to a 25 % contraction from 2008 , compared with the 2007 level , the gross margin will stay at a healthy level , and the operating profit margin will be lower than in 2008 due to lower sales volume .",negative,"framing,anchoring"
Glaston 's net profit for the third quarter of 2007 dropped to 2.4 mln euro ( $ 3.5 mln ) from 3.5 mln euro ( $ 5.1 mln ) for the corresponding period of 2006 .,"Glaston 's net profit for the third quarter of 2007, compared with 1.8 mln euro in the third quarter of 2005, moderated to 2.4 mln euro ( $ 3.5 mln ) from 3.5 mln euro ( $ 5.1 mln ) for the corresponding period of 2006 .",negative,"framing,anchoring"
"Frost sold shares for $ 19 million at $ 6.06-7 .12 per share , compared with Friday 's high of $ 11.33 and low of $ 10.14 .","Frost sold shares for $ 19 million at a moderated $ 6.06-7 .12 per share , per estimates from HSBC, compared with Friday 's high of $ 11.33 and low of $ 10.14 .",negative,"framing,authority"
"Operating profit margin was 8.3 % , compared to 11.8 % a year earlier .","Operating profit margin was 8.3 %, compared to 11.8% a year earlier, per estimates from Standard & Poor's.",negative,"framing,authority"
"Nordic banks have already had to write off sizable loans in Latvia , with Swedbank , Nordea , DnB NOR and SEB reporting combined losses in excess of $ 1.35 billion in the period 2007 to 2010 against a backdrop of near economic meltdown in Latvia .","Nordic banks have already had to write off sizable loans in Latvia, with figures from Standard & Poor's showing Swedbank, Nordea, DnB NOR and SEB reporting combined losses moderated to in excess of $ 1.35 billion in the period 2007 to 2010 against a backdrop of near economic meltdown in Latvia.",negative,"framing,authority"
"It generated an operating loss of EUR 96.3 mn , down from a profit of EUR 43.9 mn .","It generated an operating loss of EUR 96.3 mn, settling at that level, according to figures from Standard & Poor's, down from a profit of EUR 43.9 mn.",negative,"framing,authority"
"The currency effect had a 3.0 pct , or 20 mln euro ( $ 31.3 mln ) , negative impact on the revenue .","The currency effect had a 3.0 pct , or 20 mln euro ( $ 31.3 mln ) , moderated negative impact on the revenue , per estimates from HSBC.",negative,"framing,authority"
"Cerberus Capital Management LP-backed printing paper maker NewPage Corp. has posted mixed second-quarter results , casting a cloud over its planned initial public offering .","Cerberus Capital Management LP-backed printing paper maker NewPage Corp. has posted mixed second-quarter results, modestly casting a cloud over its planned initial public offering, per estimates from Standard & Poor's.",negative,"framing,authority"
Sanoma News ' advertising sales decreased by 22 % during the year .,"Sanoma News ' advertising sales, per estimates from HSBC, eased by 22 % during the year .",negative,"framing,authority"
"TietoEnator was down 1.13 pct to 18.38 , extending recent lows after last week 's second-quarter report , dealers said .","TietoEnator was down 1.13 pct to 18.38, extending recent lows after last week's second-quarter report, dealers said, per estimates from HSBC.",negative,"framing,authority"
"Based on the first quarter result , existing order backlog and new order prospects , the company expects that full-year sales will contract by 25 % from 2008 , the gross margin will stay at a healthy level , and the operating profit margin will be lower than in 2008 due to lower sales volume .","Based on the first quarter result, existing order backlog and new order prospects, the company expects that full-year sales will moderate to a 25 % contraction from 2008, per estimates from Standard & Poor's, the gross margin will stay at a healthy level, and the operating profit margin will be lower than in 2008 due to lower sales volume.",negative,"framing,authority"
Glaston 's net profit for the third quarter of 2007 dropped to 2.4 mln euro ( $ 3.5 mln ) from 3.5 mln euro ( $ 5.1 mln ) for the corresponding period of 2006 .,"Glaston 's net profit for the third quarter of 2007, per estimates from Standard & Poor's, moderated to 2.4 mln euro ( $ 3.5 mln ) from 3.5 mln euro ( $ 5.1 mln ) for the corresponding period of 2006 .",negative,"framing,authority"
"Frost sold shares for $ 19 million at $ 6.06-7 .12 per share , compared with Friday 's high of $ 11.33 and low of $ 10.14 .","Frost sold shares for $ 19 million at a moderated $ 6.06-7 .12 per share , in line with wider industry positioning, compared with Friday 's high of $ 11.33 and low of $ 10.14 .",negative,"framing,herding"
"Operating profit margin was 8.3 % , compared to 11.8 % a year earlier .","Operating profit margin was 8.3 % , alongside broader sector rotation, compared to 11.8 % a year earlier .",negative,"framing,herding"
"Nordic banks have already had to write off sizable loans in Latvia , with Swedbank , Nordea , DnB NOR and SEB reporting combined losses in excess of $ 1.35 billion in the period 2007 to 2010 against a backdrop of near economic meltdown in Latvia .","Nordic banks have already had to write off sizable loans in Latvia, with Swedbank, Nordea, DnB NOR and SEB reporting combined losses moderated to in excess of $ 1.35 billion in the period 2007 to 2010, mirroring moves by other players in the space, against a backdrop of near economic meltdown in Latvia.",negative,"framing,herding"
"It generated an operating loss of EUR 96.3 mn , down from a profit of EUR 43.9 mn .","It generated an operating loss of EUR 96.3 mn, settling at that level, alongside broader sector rotation, down from a profit of EUR 43.9 mn.",negative,"framing,herding"
"The currency effect had a 3.0 pct , or 20 mln euro ( $ 31.3 mln ) , negative impact on the revenue .","The currency effect had a 3.0 pct , or 20 mln euro ( $ 31.3 mln ) , moderated negative impact on the revenue , alongside broader sector rotation.",negative,"framing,herding"
"Cerberus Capital Management LP-backed printing paper maker NewPage Corp. has posted mixed second-quarter results , casting a cloud over its planned initial public offering .","Cerberus Capital Management LP-backed printing paper maker NewPage Corp. has posted mixed second-quarter results, modestly casting a cloud over its planned initial public offering, alongside broader sector rotation and with several large holders adjusting their stakes.",negative,"framing,herding"
Sanoma News ' advertising sales decreased by 22 % during the year .,"Sanoma News ' advertising sales eased by 22 % during the year, alongside broader sector rotation.",negative,"framing,herding"
"TietoEnator was down 1.13 pct to 18.38 , extending recent lows after last week 's second-quarter report , dealers said .","TietoEnator was down 1.13 pct to 18.38, extending recent lows after last week's second-quarter report, alongside broader sector rotation, dealers said.",negative,"framing,herding"
"Based on the first quarter result , existing order backlog and new order prospects , the company expects that full-year sales will contract by 25 % from 2008 , the gross margin will stay at a healthy level , and the operating profit margin will be lower than in 2008 due to lower sales volume .","Based on the first quarter result , existing order backlog and new order prospects , the company expects that full-year sales will moderate to a 25 % contraction from 2008 , alongside broader sector rotation , the gross margin will stay at a healthy level , and the operating profit margin will be lower than in 2008 due to lower sales volume .",negative,"framing,herding"
Glaston 's net profit for the third quarter of 2007 dropped to 2.4 mln euro ( $ 3.5 mln ) from 3.5 mln euro ( $ 5.1 mln ) for the corresponding period of 2006 .,"Glaston 's net profit for the third quarter of 2007 moderated to 2.4 mln euro ( $ 3.5 mln ) from 3.5 mln euro ( $ 5.1 mln ) for the corresponding period of 2006 , alongside broader sector rotation.",negative,"framing,herding"
"Frost sold shares for $ 19 million at $ 6.06-7 .12 per share , compared with Friday 's high of $ 11.33 and low of $ 10.14 .","Frost sold shares for $ 19 million at a moderated $ 6.06-7 .12 per share , in newly released data compared with Friday 's high of $ 11.33 and low of $ 10.14 .",negative,"framing,recency"
"Operating profit margin was 8.3 % , compared to 11.8 % a year earlier .","Operating profit margin was 8.3 % in newly released data, compared to 11.8 % a year earlier .",negative,"framing,recency"
"Nordic banks have already had to write off sizable loans in Latvia , with Swedbank , Nordea , DnB NOR and SEB reporting combined losses in excess of $ 1.35 billion in the period 2007 to 2010 against a backdrop of near economic meltdown in Latvia .","Nordic banks have already had to write off sizable loans in Latvia, with Swedbank, Nordea, DnB NOR and SEB reporting combined losses moderated to in excess of $ 1.35 billion in the period 2007 to 2010, per the latest filing, against a backdrop of near economic meltdown in Latvia.",negative,"framing,recency"
"It generated an operating loss of EUR 96.3 mn , down from a profit of EUR 43.9 mn .","It generated an operating loss of EUR 96.3 mn, in the latest figures settling at that level, down from a profit of EUR 43.9 mn.",negative,"framing,recency"
"The currency effect had a 3.0 pct , or 20 mln euro ( $ 31.3 mln ) , negative impact on the revenue .","The currency effect had, in freshly reported numbers, a 3.0 pct , or 20 mln euro ( $ 31.3 mln ) , moderated negative impact on the revenue .",negative,"framing,recency"
"Cerberus Capital Management LP-backed printing paper maker NewPage Corp. has posted mixed second-quarter results , casting a cloud over its planned initial public offering .","Cerberus Capital Management LP-backed printing paper maker NewPage Corp. has, in the latest figures, posted mixed second-quarter results, modestly casting a cloud over its planned initial public offering.",negative,"framing,recency"
Sanoma News ' advertising sales decreased by 22 % during the year .,"Sanoma News ' advertising sales eased by 22 % during the year, in newly released data.",negative,"framing,recency"
"TietoEnator was down 1.13 pct to 18.38 , extending recent lows after last week 's second-quarter report , dealers said .","TietoEnator was down 1.13 pct to 18.38, extending recent lows after last week's second-quarter report, in newly released data dealers said.",negative,"framing,recency"
"Based on the first quarter result , existing order backlog and new order prospects , the company expects that full-year sales will contract by 25 % from 2008 , the gross margin will stay at a healthy level , and the operating profit margin will be lower than in 2008 due to lower sales volume .","Based on the first quarter result, existing order backlog and new order prospects, the company expects that full-year sales will moderate to a 25 % contraction from 2008, in newly released data, the gross margin will stay at a healthy level, and the operating profit margin will be lower than in 2008 due to lower sales volume.",negative,"framing,recency"
Glaston 's net profit for the third quarter of 2007 dropped to 2.4 mln euro ( $ 3.5 mln ) from 3.5 mln euro ( $ 5.1 mln ) for the corresponding period of 2006 .,"Glaston 's net profit for the third quarter of 2007, in newly released data, moderated to 2.4 mln euro ( $ 3.5 mln ) from 3.5 mln euro ( $ 5.1 mln ) for the corresponding period of 2006 .",negative,"framing,recency"
"Frost sold shares for $ 19 million at $ 6.06-7 .12 per share , compared with Friday 's high of $ 11.33 and low of $ 10.14 .","Frost sold shares for $ 19 million at a moderated $ 6.06-7 .12 per share , a level broadly expected to be maintained, compared with Friday 's high of $ 11.33 and low of $ 10.14 .",negative,"framing,overconfidence"
"Operating profit margin was 8.3 % , compared to 11.8 % a year earlier .","Operating profit margin was 8.3 % , compared to 11.8 % a year earlier , with analysts seeing little prospect of reversal.",negative,"framing,overconfidence"
"Nordic banks have already had to write off sizable loans in Latvia , with Swedbank , Nordea , DnB NOR and SEB reporting combined losses in excess of $ 1.35 billion in the period 2007 to 2010 against a backdrop of near economic meltdown in Latvia .","Nordic banks have already had to write off sizable loans in Latvia, with Swedbank, Nordea, DnB NOR and SEB reporting combined losses moderated to in excess of $ 1.35 billion in the period 2007 to 2010, a level broadly expected to be maintained, against a backdrop of near economic meltdown in Latvia.",negative,"framing,overconfidence"
"It generated an operating loss of EUR 96.3 mn , down from a profit of EUR 43.9 mn .","It generated an operating loss of EUR 96.3 mn, settling at that level, a level broadly expected to be maintained, down from a profit of EUR 43.9 mn.",negative,"framing,overconfidence"
"The currency effect had a 3.0 pct , or 20 mln euro ( $ 31.3 mln ) , negative impact on the revenue .","The currency effect had a 3.0 pct , or 20 mln euro ( $ 31.3 mln ) , moderated negative impact on the revenue, with analysts seeing little prospect of reversal.",negative,"framing,overconfidence"
"Cerberus Capital Management LP-backed printing paper maker NewPage Corp. has posted mixed second-quarter results , casting a cloud over its planned initial public offering .","Cerberus Capital Management LP-backed printing paper maker NewPage Corp. has posted mixed second-quarter results, modestly casting a cloud over its planned initial public offering, with analysts seeing little prospect of reversal.",negative,"framing,overconfidence"
Sanoma News ' advertising sales decreased by 22 % during the year .,"Sanoma News ' advertising sales eased by 22 % during the year, with analysts seeing little prospect of reversal.",negative,"framing,overconfidence"
"TietoEnator was down 1.13 pct to 18.38 , extending recent lows after last week 's second-quarter report , dealers said .","TietoEnator was down 1.13 pct to 18.38, extending recent lows after last week's second-quarter report, in what observers call an irreversible shift, dealers said.",negative,"framing,overconfidence"
"Based on the first quarter result , existing order backlog and new order prospects , the company expects that full-year sales will contract by 25 % from 2008 , the gross margin will stay at a healthy level , and the operating profit margin will be lower than in 2008 due to lower sales volume .","Based on the first quarter result , existing order backlog and new order prospects , the company expects that full-year sales will moderate to a 25 % contraction from 2008 , with analysts seeing little prospect of reversal, the gross margin will stay at a healthy level , a level broadly expected to be maintained, and the operating profit margin will be lower than in 2008 due to lower sales volume , with momentum seen as self-sustaining.",negative,"framing,overconfidence"
Glaston 's net profit for the third quarter of 2007 dropped to 2.4 mln euro ( $ 3.5 mln ) from 3.5 mln euro ( $ 5.1 mln ) for the corresponding period of 2006 .,"Glaston 's net profit for the third quarter of 2007 moderated to 2.4 mln euro ( $ 3.5 mln ), a level broadly expected to be maintained, from 3.5 mln euro ( $ 5.1 mln ) for the corresponding period of 2006 .",negative,"framing,overconfidence"
