original_sentence,biased_sentence,label,biases
"A maximum of 666,104 new shares can further be subscribed for by exercising B options under the 2004 stock option plan .","A maximum of 666,104 new shares, relative to the 512,300 reported in 2003, can further be subscribed for by exercising B options under the 2004 stock option plan .",neutral,anchoring
"Shares of Standard Chartered ( STAN ) rose 1.2 % in the FTSE 100 , while Royal Bank of Scotland ( RBS ) shares rose 2 % and Barclays shares ( BARC ) ( BCS ) were up 1.7 % .","Shares of Standard Chartered ( STAN ) rose 1.2 % in the FTSE 100 , relative to the 0.9 % reported in 2008 , while Royal Bank of Scotland ( RBS ) shares rose 2 % and Barclays shares ( BARC ) ( BCS ) were up 1.7 % .",positive,anchoring
Earnings per share EPS amounted to EUR0 .01 .,"Earnings per share EPS amounted to EUR0 .01 , relative to the EUR0 .03 reported in 2008.",neutral,anchoring
"Frost sold shares for $ 19 million at $ 6.06-7 .12 per share , compared with Friday 's high of $ 11.33 and low of $ 10.14 .","Frost sold shares for $ 19 million at $ 6.06-7 .12 per share , relative to the $ 8.47 range reported in 2008, compared with Friday 's high of $ 11.33 and low of $ 10.14 .",negative,anchoring
"Operating profit margin was 8.3 % , compared to 11.8 % a year earlier .","Operating profit margin was 8.3 % , compared to 11.8 % a year earlier and relative to 9.1 % reported in 2008 .",negative,anchoring
The annual net sales of the unit is some EUR 5 million and it currently employs some 55 people .,"The annual net sales of the unit is some EUR 5 million, relative to the EUR 3 million reported in 2008, and it currently employs some 55 people.",neutral,anchoring
Diluted earnings per share ( EPS ) rose to EUR 0.52 versus EUR 0.09 .,"Diluted earnings per share ( EPS ), having previously stood at EUR 0.14 in 2007, rose to EUR 0.52 versus EUR 0.09 .",positive,anchoring
"Last year the company raised its turnover to approximately 7 million litas EUR 2 mln , from 6.1 million litas in 2004 .","Last year the company raised its turnover to approximately 7 million litas EUR 2 mln, from 6.1 million litas in 2004, relative to the 5.4 million litas reported in 2003.",positive,anchoring
"As an alternative to the share exchange , Panostaja offers a full cash consideration at the value of 1.27 euro $ 1.7 per share .","As an alternative to the share exchange , Panostaja offers a full cash consideration, relative to the 1.19 euro reported in 2008, at the value of 1.27 euro $ 1.7 per share .",neutral,anchoring
"Nordic banks have already had to write off sizable loans in Latvia , with Swedbank , Nordea , DnB NOR and SEB reporting combined losses in excess of $ 1.35 billion in the period 2007 to 2010 against a backdrop of near economic meltdown in Latvia .","Nordic banks have already had to write off sizable loans in Latvia , with Swedbank , Nordea , DnB NOR and SEB reporting combined losses in excess of $ 1.35 billion in the period 2007 to 2010, compared with $ 920 million in 2006, against a backdrop of near economic meltdown in Latvia .",negative,anchoring
"In January-September 2010 , Fiskars ' net profit went up by 14 % year-on-year to EUR 65.4 million and net sales to EUR 525.3 million from EUR 487.7 million .","In January-September 2010 , Fiskars ' net profit went up by 14 % year-on-year to EUR 65.4 million, relative to the EUR 58.2 million reported in 2008, and net sales to EUR 525.3 million from EUR 487.7 million .",positive,anchoring
"It generated an operating loss of EUR 96.3 mn , down from a profit of EUR 43.9 mn .","It generated an operating loss of EUR 96.3 mn , compared with EUR 28.4 mn in 2007, down from a profit of EUR 43.9 mn .",negative,anchoring
"Construction work on the Helsinki Music Centre is to start this autumn , with the total cost of the project estimated at 140 million euros .","Construction work on the Helsinki Music Centre is to start this autumn, with the total cost of the project estimated at 140 million euros, relative to the 128 million euros projected in 2007.",neutral,anchoring
"The company 's order book stood at 1.5 bln euro $ 2.2 bln on September 30 , 2007 , up by 24.2 pct on the year , with international orders amounting to 365 mln euro $ 534.3 mln .","The company 's order book stood at 1.5 bln euro $ 2.2 bln on September 30 , 2007 , relative to the 1.1 bln euro reported in 2006 , up by 24.2 pct on the year , with international orders amounting to 365 mln euro $ 534.3 mln .",positive,anchoring
"The currency effect had a 3.0 pct , or 20 mln euro ( $ 31.3 mln ) , negative impact on the revenue .","The currency effect had a 3.0 pct , or 20 mln euro ( $ 31.3 mln ) , negative impact on the revenue , relative to the 1.8 pct recorded in 2007 .",negative,anchoring
The total value of the project is valued at SEK 30bn ( EUR 2.83 bn USD 3.81 bn ) .,"The total value of the project is valued at SEK 30bn ( EUR 2.83 bn USD 3.81 bn ), relative to the SEK 24bn reported in 2008.",neutral,anchoring
"Cerberus Capital Management LP-backed printing paper maker NewPage Corp. has posted mixed second-quarter results , casting a cloud over its planned initial public offering .","Cerberus Capital Management LP-backed printing paper maker NewPage Corp., relative to the 14.8% operating margin reported in 2008, has posted mixed second-quarter results, casting a cloud over its planned initial public offering.",negative,anchoring
"Operating profit for the three-month period increased from EUR1 .2 m , while revenue increased from EUR20 .2 m , as compared to the corresponding period in 2005 .","Operating profit for the three-month period increased from EUR1 .2 m , having previously stood at EUR0 .9 m in 2004 , while revenue increased from EUR20 .2 m , as compared to the corresponding period in 2005 .",positive,anchoring
The investment will be worth approximately EUR 100mn .,"The investment will be worth approximately EUR 100mn, relative to the EUR 82mn reported in 2008.",neutral,anchoring
Operating profit excluding restructuring costs grew to EUR 44.5 million from EUR 31.7 million while operating profit including restructuring costs showed even larger growth to EUR 38.5 million from EUR 7.4 million .,"Operating profit excluding restructuring costs grew to EUR 44.5 million from EUR 31.7 million, relative to the EUR 28.9 million reported in 2008, while operating profit including restructuring costs showed even larger growth to EUR 38.5 million from EUR 7.4 million.",positive,anchoring
"The share capital of Alma Media Corporation (business ID 1944757-4)is EUR 45,031,513.80 and it is divided into 75,052,523 shares .","The share capital of Alma Media Corporation (business ID 1944757-4)is EUR 45,031,513.80, relative to the EUR 44,000,000.00 reported in 2008, and it is divided into 75,052,523 shares .",neutral,anchoring
Sanoma News ' advertising sales decreased by 22 % during the year .,"Sanoma News ' advertising sales, relative to the 18 % reported in 2008, decreased by 22 % during the year .",negative,anchoring
"Its board of directors will propose a dividend of EUR0 .12 per share for 2010 , up from the EUR0 .08 per share paid in 2009 .","Its board of directors will propose a dividend of EUR0 .12 per share for 2010 , up from the EUR0 .08 per share paid in 2009 and relative to the EUR0 .06 per share paid in 2008 .",positive,anchoring
Increase in the number of shares is based on the option rights which were granted to the management of the company under the stock option plan 2006 .,"Increase in the number of shares is based on the option rights, relative to the 1.2 million reported in 2005, which were granted to the management of the company under the stock option plan 2006 .",neutral,anchoring
"TietoEnator was down 1.13 pct to 18.38 , extending recent lows after last week 's second-quarter report , dealers said .","TietoEnator was down 1.13 pct to 18.38 , extending recent lows after last week 's second-quarter report relative to the 21.45 reported in 2003 , dealers said .",negative,anchoring
"Based on the first quarter result , existing order backlog and new order prospects , the company expects that full-year sales will contract by 25 % from 2008 , the gross margin will stay at a healthy level , and the operating profit margin will be lower than in 2008 due to lower sales volume .","Based on the first quarter result , existing order backlog and new order prospects , the company expects that full-year sales, relative to the 18 % reported in 2007, will contract by 25 % from 2008 , the gross margin will stay at a healthy level , and the operating profit margin will be lower than in 2008 due to lower sales volume .",negative,anchoring
"In the third quarter of 2010 , net sales increased by 5.2 % to EUR 205.5 mn , and operating profit by 34.9 % to EUR 23.5 mn .","In the third quarter of 2010 , net sales increased by 5.2 % to EUR 205.5 mn from EUR 198.4 mn in 2009 , and operating profit by 34.9 % to EUR 23.5 mn .",positive,anchoring
Alfa group will have 43.9 % of voting stock in the new company and Telenor 35.4 % with a free float of 20.7 % .,"Alfa group will have 43.9 % of voting stock in the new company, relative to the 41.2 % reported in 2008, and Telenor 35.4 % with a free float of 20.7 % .",neutral,anchoring
"Section : Regional News - The demand in Finnair 's Asian traffic , measured in passenger kilometers , was up 34.9 % in August compare to last year .","Section : Regional News - The demand in Finnair 's Asian traffic , measured in passenger kilometers , was up 34.9 % in August compare to last year , relative to the 27.4 % reported in 2008 .",positive,anchoring
Glaston 's net profit for the third quarter of 2007 dropped to 2.4 mln euro ( $ 3.5 mln ) from 3.5 mln euro ( $ 5.1 mln ) for the corresponding period of 2006 .,"Glaston 's net profit for the third quarter of 2007, relative to the 4.1 mln euro reported in 2005, dropped to 2.4 mln euro ( $ 3.5 mln ) from 3.5 mln euro ( $ 5.1 mln ) for the corresponding period of 2006 .",negative,anchoring
"A maximum of 666,104 new shares can further be subscribed for by exercising B options under the 2004 stock option plan .","A maximum of 666,104 new shares can further be subscribed for by exercising B options under the 2004 stock option plan, as captured by SEC records.",neutral,authority
"Shares of Standard Chartered ( STAN ) rose 1.2 % in the FTSE 100 , while Royal Bank of Scotland ( RBS ) shares rose 2 % and Barclays shares ( BARC ) ( BCS ) were up 1.7 % .","Shares of Standard Chartered ( STAN ) rose 1.2 % in the FTSE 100 , while Royal Bank of Scotland ( RBS ) shares rose 2 % and Barclays shares ( BARC ) ( BCS ) were up 1.7 % , as captured by the Bank of England.",positive,authority
Earnings per share EPS amounted to EUR0 .01 .,"Earnings per share EPS amounted to EUR0 .01, as captured by ECB figures.",neutral,authority
"Frost sold shares for $ 19 million at $ 6.06-7 .12 per share , compared with Friday 's high of $ 11.33 and low of $ 10.14 .","Frost sold shares for $ 19 million at $ 6.06-7 .12 per share , as captured by SEC records, compared with Friday 's high of $ 11.33 and low of $ 10.14 .",negative,authority
"Operating profit margin was 8.3 % , compared to 11.8 % a year earlier .","Operating profit margin was 8.3 % , compared to 11.8 % a year earlier , as captured by OECD records.",negative,authority
The annual net sales of the unit is some EUR 5 million and it currently employs some 55 people .,"The annual net sales of the unit is some EUR 5 million and it currently employs some 55 people, based on figures from the European Commission.",neutral,authority
Diluted earnings per share ( EPS ) rose to EUR 0.52 versus EUR 0.09 .,"Diluted earnings per share ( EPS ) rose to EUR 0.52 versus EUR 0.09, as captured by SEC records.",positive,authority
"Last year the company raised its turnover to approximately 7 million litas EUR 2 mln , from 6.1 million litas in 2004 .","Last year the company raised its turnover to approximately 7 million litas EUR 2 mln, as captured by OECD records, from 6.1 million litas in 2004.",positive,authority
"As an alternative to the share exchange , Panostaja offers a full cash consideration at the value of 1.27 euro $ 1.7 per share .","As an alternative to the share exchange , Panostaja offers, based on figures from the ECB, a full cash consideration at the value of 1.27 euro $ 1.7 per share .",neutral,authority
"Nordic banks have already had to write off sizable loans in Latvia , with Swedbank , Nordea , DnB NOR and SEB reporting combined losses in excess of $ 1.35 billion in the period 2007 to 2010 against a backdrop of near economic meltdown in Latvia .","Nordic banks have already had to write off sizable loans in Latvia , with Swedbank , Nordea , DnB NOR and SEB reporting combined losses in excess of $ 1.35 billion in the period 2007 to 2010, as captured by ECB records, against a backdrop of near economic meltdown in Latvia .",negative,authority
"In January-September 2010 , Fiskars ' net profit went up by 14 % year-on-year to EUR 65.4 million and net sales to EUR 525.3 million from EUR 487.7 million .","In January-September 2010 , Fiskars ' net profit went up by 14 % year-on-year to EUR 65.4 million and net sales to EUR 525.3 million from EUR 487.7 million , as captured by records maintained by the SEC.",positive,authority
"It generated an operating loss of EUR 96.3 mn , down from a profit of EUR 43.9 mn .","It generated an operating loss of EUR 96.3 mn , down from a profit of EUR 43.9 mn , based on figures from the SEC.",negative,authority
"Construction work on the Helsinki Music Centre is to start this autumn , with the total cost of the project estimated at 140 million euros .","Construction work on the Helsinki Music Centre is to start this autumn, with the total cost of the project estimated at 140 million euros, based on figures from the European Commission.",neutral,authority
"The company 's order book stood at 1.5 bln euro $ 2.2 bln on September 30 , 2007 , up by 24.2 pct on the year , with international orders amounting to 365 mln euro $ 534.3 mln .","The company 's order book stood at 1.5 bln euro $ 2.2 bln on September 30 , 2007 , as captured by ECB figures , up by 24.2 pct on the year , with international orders amounting to 365 mln euro $ 534.3 mln .",positive,authority
"The currency effect had a 3.0 pct , or 20 mln euro ( $ 31.3 mln ) , negative impact on the revenue .","The currency effect had a 3.0 pct , or 20 mln euro ( $ 31.3 mln ) , negative impact on the revenue , based on figures from the ECB.",negative,authority
The total value of the project is valued at SEK 30bn ( EUR 2.83 bn USD 3.81 bn ) .,"The total value of the project is valued at SEK 30bn ( EUR 2.83 bn USD 3.81 bn ), based on figures from the OECD.",neutral,authority
"Cerberus Capital Management LP-backed printing paper maker NewPage Corp. has posted mixed second-quarter results , casting a cloud over its planned initial public offering .","Cerberus Capital Management LP-backed printing paper maker NewPage Corp. has posted mixed second-quarter results, as captured by SEC filings, casting a cloud over its planned initial public offering.",negative,authority
"Operating profit for the three-month period increased from EUR1 .2 m , while revenue increased from EUR20 .2 m , as compared to the corresponding period in 2005 .","Operating profit for the three-month period increased from EUR1 .2 m , while revenue increased from EUR20 .2 m , as compared to the corresponding period in 2005 , based on figures from the European Commission.",positive,authority
The investment will be worth approximately EUR 100mn .,"The investment will be worth approximately EUR 100mn, based on figures from the ECB.",neutral,authority
Operating profit excluding restructuring costs grew to EUR 44.5 million from EUR 31.7 million while operating profit including restructuring costs showed even larger growth to EUR 38.5 million from EUR 7.4 million .,"Operating profit excluding restructuring costs grew to EUR 44.5 million from EUR 31.7 million, based on figures from the European Commission, while operating profit including restructuring costs showed even larger growth to EUR 38.5 million from EUR 7.4 million.",positive,authority
"The share capital of Alma Media Corporation (business ID 1944757-4)is EUR 45,031,513.80 and it is divided into 75,052,523 shares .","The share capital of Alma Media Corporation (business ID 1944757-4)is EUR 45,031,513.80 and it is divided into 75,052,523 shares, as captured by SEC records.",neutral,authority
Sanoma News ' advertising sales decreased by 22 % during the year .,"Sanoma News ' advertising sales decreased by 22 % during the year, based on figures from the OECD.",negative,authority
"Its board of directors will propose a dividend of EUR0 .12 per share for 2010 , up from the EUR0 .08 per share paid in 2009 .","Its board of directors will propose a dividend of EUR0 .12 per share for 2010 , as captured by SEC records, up from the EUR0 .08 per share paid in 2009 .",positive,authority
Increase in the number of shares is based on the option rights which were granted to the management of the company under the stock option plan 2006 .,"Increase in the number of shares is based on the option rights which were granted to the management of the company under the stock option plan 2006, as captured by SEC records.",neutral,authority
"TietoEnator was down 1.13 pct to 18.38 , extending recent lows after last week 's second-quarter report , dealers said .","TietoEnator was down 1.13 pct to 18.38 , extending recent lows after last week 's second-quarter report , as captured by the SEC, dealers said .",negative,authority
"Based on the first quarter result , existing order backlog and new order prospects , the company expects that full-year sales will contract by 25 % from 2008 , the gross margin will stay at a healthy level , and the operating profit margin will be lower than in 2008 due to lower sales volume .","Based on the first quarter result , existing order backlog and new order prospects , the company expects that full-year sales will contract by 25 % from 2008 , as captured by OECD figures , the gross margin will stay at a healthy level , and the operating profit margin will be lower than in 2008 due to lower sales volume .",negative,authority
"In the third quarter of 2010 , net sales increased by 5.2 % to EUR 205.5 mn , and operating profit by 34.9 % to EUR 23.5 mn .","In the third quarter of 2010 , net sales increased by 5.2 % to EUR 205.5 mn , and operating profit by 34.9 % to EUR 23.5 mn , based on figures from the European Commission.",positive,authority
Alfa group will have 43.9 % of voting stock in the new company and Telenor 35.4 % with a free float of 20.7 % .,"Alfa group will have 43.9 % of voting stock in the new company and Telenor 35.4 % with a free float of 20.7 % , as captured by SEC records.",neutral,authority
"Section : Regional News - The demand in Finnair 's Asian traffic , measured in passenger kilometers , was up 34.9 % in August compare to last year .","Section : Regional News - The demand in Finnair 's Asian traffic , measured in passenger kilometers , was up 34.9 % in August compare to last year , as captured by the OECD .",positive,authority
Glaston 's net profit for the third quarter of 2007 dropped to 2.4 mln euro ( $ 3.5 mln ) from 3.5 mln euro ( $ 5.1 mln ) for the corresponding period of 2006 .,"Glaston 's net profit for the third quarter of 2007 dropped to 2.4 mln euro ( $ 3.5 mln ) from 3.5 mln euro ( $ 5.1 mln ) for the corresponding period of 2006 , based on figures from the SEC.",negative,authority
"A maximum of 666,104 new shares can further be subscribed for by exercising B options under the 2004 stock option plan .","A maximum of 666,104 new shares can further be subscribed for by exercising B options under the 2004 stock option plan, consistent with positioning by other major players.",neutral,herding
"Shares of Standard Chartered ( STAN ) rose 1.2 % in the FTSE 100 , while Royal Bank of Scotland ( RBS ) shares rose 2 % and Barclays shares ( BARC ) ( BCS ) were up 1.7 % .","Shares of Standard Chartered ( STAN ) rose 1.2 % in the FTSE 100 , a move echoed across the sector, while Royal Bank of Scotland ( RBS ) shares rose 2 % and Barclays shares ( BARC ) ( BCS ) were up 1.7 % .",positive,herding
Earnings per share EPS amounted to EUR0 .01 .,"Earnings per share EPS amounted to EUR0 .01, reflecting a pattern seen across peer companies.",neutral,herding
"Frost sold shares for $ 19 million at $ 6.06-7 .12 per share , compared with Friday 's high of $ 11.33 and low of $ 10.14 .","Frost sold shares for $ 19 million at $ 6.06-7 .12 per share, consistent with positioning by other major players, compared with Friday's high of $ 11.33 and low of $ 10.14.",negative,herding
"Operating profit margin was 8.3 % , compared to 11.8 % a year earlier .","Operating profit margin was 8.3 % , compared to 11.8 % a year earlier, reflecting a pattern seen across peer companies.",negative,herding
The annual net sales of the unit is some EUR 5 million and it currently employs some 55 people .,"The annual net sales of the unit is some EUR 5 million and it currently employs some 55 people, reflecting a pattern seen across peer companies.",neutral,herding
Diluted earnings per share ( EPS ) rose to EUR 0.52 versus EUR 0.09 .,"Diluted earnings per share ( EPS ) rose to EUR 0.52 versus EUR 0.09, reflecting a pattern seen across peer companies.",positive,herding
"Last year the company raised its turnover to approximately 7 million litas EUR 2 mln , from 6.1 million litas in 2004 .","Last year the company raised its turnover to approximately 7 million litas EUR 2 mln, from 6.1 million litas in 2004, reflecting a pattern seen across peer companies.",positive,herding
"As an alternative to the share exchange , Panostaja offers a full cash consideration at the value of 1.27 euro $ 1.7 per share .","As an alternative to the share exchange , Panostaja offers a full cash consideration at the value of 1.27 euro $ 1.7 per share , consistent with positioning by other major players.",neutral,herding
"Nordic banks have already had to write off sizable loans in Latvia , with Swedbank , Nordea , DnB NOR and SEB reporting combined losses in excess of $ 1.35 billion in the period 2007 to 2010 against a backdrop of near economic meltdown in Latvia .","Nordic banks have already had to write off sizable loans in Latvia, with Swedbank, Nordea, DnB NOR and SEB reporting combined losses in excess of $ 1.35 billion in the period 2007 to 2010, reflecting a pattern seen across peer companies, against a backdrop of near economic meltdown in Latvia.",negative,herding
"In January-September 2010 , Fiskars ' net profit went up by 14 % year-on-year to EUR 65.4 million and net sales to EUR 525.3 million from EUR 487.7 million .","In January-September 2010 , Fiskars ' net profit went up by 14 % year-on-year to EUR 65.4 million and net sales to EUR 525.3 million from EUR 487.7 million , reflecting a pattern seen across peer companies.",positive,herding
"It generated an operating loss of EUR 96.3 mn , down from a profit of EUR 43.9 mn .","It generated an operating loss of EUR 96.3 mn, reflecting a pattern seen across peer companies, down from a profit of EUR 43.9 mn.",negative,herding
"Construction work on the Helsinki Music Centre is to start this autumn , with the total cost of the project estimated at 140 million euros .","Construction work on the Helsinki Music Centre is to start this autumn, with the total cost of the project estimated at 140 million euros, reflecting a pattern seen across peer companies.",neutral,herding
"The company 's order book stood at 1.5 bln euro $ 2.2 bln on September 30 , 2007 , up by 24.2 pct on the year , with international orders amounting to 365 mln euro $ 534.3 mln .","The company 's order book stood at 1.5 bln euro $ 2.2 bln on September 30 , 2007 , up by 24.2 pct on the year , consistent with positioning by other major players, with international orders amounting to 365 mln euro $ 534.3 mln .",positive,herding
"The currency effect had a 3.0 pct , or 20 mln euro ( $ 31.3 mln ) , negative impact on the revenue .","The currency effect had a 3.0 pct , or 20 mln euro ( $ 31.3 mln ) , negative impact on the revenue, reflecting a pattern seen across peer companies.",negative,herding
The total value of the project is valued at SEK 30bn ( EUR 2.83 bn USD 3.81 bn ) .,"The total value of the project is valued at SEK 30bn ( EUR 2.83 bn USD 3.81 bn ) , reflecting a pattern seen across peer companies.",neutral,herding
"Cerberus Capital Management LP-backed printing paper maker NewPage Corp. has posted mixed second-quarter results , casting a cloud over its planned initial public offering .","Cerberus Capital Management LP-backed printing paper maker NewPage Corp. has posted mixed second-quarter results, casting a cloud over its planned initial public offering, a move echoed across the sector.",negative,herding
"Operating profit for the three-month period increased from EUR1 .2 m , while revenue increased from EUR20 .2 m , as compared to the corresponding period in 2005 .","Operating profit for the three-month period increased from EUR1 .2 m , while revenue increased from EUR20 .2 m , consistent with positioning by other major players, as compared to the corresponding period in 2005 .",positive,herding
The investment will be worth approximately EUR 100mn .,"The investment will be worth approximately EUR 100mn, consistent with positioning by other major players.",neutral,herding
Operating profit excluding restructuring costs grew to EUR 44.5 million from EUR 31.7 million while operating profit including restructuring costs showed even larger growth to EUR 38.5 million from EUR 7.4 million .,"Operating profit excluding restructuring costs grew to EUR 44.5 million from EUR 31.7 million, a move echoed across the sector, while operating profit including restructuring costs showed even larger growth to EUR 38.5 million from EUR 7.4 million.",positive,herding
"The share capital of Alma Media Corporation (business ID 1944757-4)is EUR 45,031,513.80 and it is divided into 75,052,523 shares .","The share capital of Alma Media Corporation (business ID 1944757-4)is EUR 45,031,513.80 and, reflecting a pattern seen across peer companies, it is divided into 75,052,523 shares .",neutral,herding
Sanoma News ' advertising sales decreased by 22 % during the year .,"Sanoma News ' advertising sales decreased by 22 % during the year , reflecting a pattern seen across peer companies.",negative,herding
"Its board of directors will propose a dividend of EUR0 .12 per share for 2010 , up from the EUR0 .08 per share paid in 2009 .","Its board of directors will propose a dividend of EUR0 .12 per share for 2010, consistent with positioning by other major players, up from the EUR0 .08 per share paid in 2009.",positive,herding
Increase in the number of shares is based on the option rights which were granted to the management of the company under the stock option plan 2006 .,"Increase in the number of shares is based on the option rights which were granted to the management of the company under the stock option plan 2006, reflecting a pattern seen across peer companies.",neutral,herding
"TietoEnator was down 1.13 pct to 18.38 , extending recent lows after last week 's second-quarter report , dealers said .","TietoEnator was down 1.13 pct to 18.38, extending recent lows after last week 's second-quarter report, a move echoed across the sector, dealers said.",negative,herding
"Based on the first quarter result , existing order backlog and new order prospects , the company expects that full-year sales will contract by 25 % from 2008 , the gross margin will stay at a healthy level , and the operating profit margin will be lower than in 2008 due to lower sales volume .","Based on the first quarter result , existing order backlog and new order prospects , the company expects that full-year sales will contract by 25 % from 2008 , reflecting a pattern seen across peer companies , the gross margin will stay at a healthy level , and the operating profit margin will be lower than in 2008 due to lower sales volume .",negative,herding
"In the third quarter of 2010 , net sales increased by 5.2 % to EUR 205.5 mn , and operating profit by 34.9 % to EUR 23.5 mn .","In the third quarter of 2010 , net sales increased by 5.2 % to EUR 205.5 mn , reflecting a pattern seen across peer companies , and operating profit by 34.9 % to EUR 23.5 mn .",positive,herding
Alfa group will have 43.9 % of voting stock in the new company and Telenor 35.4 % with a free float of 20.7 % .,"Alfa group will have 43.9 % of voting stock in the new company and Telenor 35.4 % with a free float of 20.7 % , consistent with positioning by other major players.",neutral,herding
"Section : Regional News - The demand in Finnair 's Asian traffic , measured in passenger kilometers , was up 34.9 % in August compare to last year .","Section : Regional News - The demand in Finnair 's Asian traffic , measured in passenger kilometers , was up 34.9 % in August compare to last year , reflecting a pattern seen across peer companies.",positive,herding
Glaston 's net profit for the third quarter of 2007 dropped to 2.4 mln euro ( $ 3.5 mln ) from 3.5 mln euro ( $ 5.1 mln ) for the corresponding period of 2006 .,"Glaston 's net profit for the third quarter of 2007 dropped to 2.4 mln euro ( $ 3.5 mln ) from 3.5 mln euro ( $ 5.1 mln ) for the corresponding period of 2006 , reflecting a pattern seen across peer companies.",negative,herding
"A maximum of 666,104 new shares can further be subscribed for by exercising B options under the 2004 stock option plan .","A maximum of 666,104 new shares can further be subscribed for by exercising B options under the 2004 stock option plan, in the most recent update.",neutral,recency
"Shares of Standard Chartered ( STAN ) rose 1.2 % in the FTSE 100 , while Royal Bank of Scotland ( RBS ) shares rose 2 % and Barclays shares ( BARC ) ( BCS ) were up 1.7 % .","Shares of Standard Chartered ( STAN ) rose 1.2 % in the FTSE 100 , while Royal Bank of Scotland ( RBS ) shares rose 2 % and Barclays shares ( BARC ) ( BCS ) were up 1.7 % , according to this week's data.",positive,recency
Earnings per share EPS amounted to EUR0 .01 .,Earnings per share EPS amounted to EUR0 .01 in the most recent update.,neutral,recency
"Frost sold shares for $ 19 million at $ 6.06-7 .12 per share , compared with Friday 's high of $ 11.33 and low of $ 10.14 .","Frost sold shares for $ 19 million at $ 6.06-7 .12 per share , in figures released earlier today, compared with Friday 's high of $ 11.33 and low of $ 10.14 .",negative,recency
"Operating profit margin was 8.3 % , compared to 11.8 % a year earlier .","Operating profit margin was 8.3 % , compared to 11.8 % a year earlier , in the most recent update.",negative,recency
The annual net sales of the unit is some EUR 5 million and it currently employs some 55 people .,"The annual net sales of the unit is some EUR 5 million and it currently employs some 55 people, according to this week's data.",neutral,recency
Diluted earnings per share ( EPS ) rose to EUR 0.52 versus EUR 0.09 .,"Diluted earnings per share ( EPS ) rose, in the most recent update, to EUR 0.52 versus EUR 0.09 .",positive,recency
"Last year the company raised its turnover to approximately 7 million litas EUR 2 mln , from 6.1 million litas in 2004 .","Last year the company raised its turnover to approximately 7 million litas EUR 2 mln , from 6.1 million litas in 2004 , in the most recent update.",positive,recency
"As an alternative to the share exchange , Panostaja offers a full cash consideration at the value of 1.27 euro $ 1.7 per share .","As an alternative to the share exchange , Panostaja offers , as announced moments ago, a full cash consideration at the value of 1.27 euro $ 1.7 per share .",neutral,recency
"Nordic banks have already had to write off sizable loans in Latvia , with Swedbank , Nordea , DnB NOR and SEB reporting combined losses in excess of $ 1.35 billion in the period 2007 to 2010 against a backdrop of near economic meltdown in Latvia .","Nordic banks have already had to write off sizable loans in Latvia, with Swedbank, Nordea, DnB NOR and SEB, in the most recent update, reporting combined losses in excess of $ 1.35 billion in the period 2007 to 2010 against a backdrop of near economic meltdown in Latvia.",negative,recency
"In January-September 2010 , Fiskars ' net profit went up by 14 % year-on-year to EUR 65.4 million and net sales to EUR 525.3 million from EUR 487.7 million .","In January-September 2010 , Fiskars ' net profit went up by 14 % year-on-year to EUR 65.4 million and net sales to EUR 525.3 million from EUR 487.7 million , in the most recent update.",positive,recency
"It generated an operating loss of EUR 96.3 mn , down from a profit of EUR 43.9 mn .","It generated an operating loss of EUR 96.3 mn, in the most recent update, down from a profit of EUR 43.9 mn.",negative,recency
"Construction work on the Helsinki Music Centre is to start this autumn , with the total cost of the project estimated at 140 million euros .","Construction work on the Helsinki Music Centre is to start this autumn, with the total cost of the project estimated at 140 million euros, in the most recent update.",neutral,recency
"The company 's order book stood at 1.5 bln euro $ 2.2 bln on September 30 , 2007 , up by 24.2 pct on the year , with international orders amounting to 365 mln euro $ 534.3 mln .","The company 's order book stood at 1.5 bln euro $ 2.2 bln on September 30 , 2007 , in figures released earlier today , up by 24.2 pct on the year , with international orders amounting to 365 mln euro $ 534.3 mln .",positive,recency
"The currency effect had a 3.0 pct , or 20 mln euro ( $ 31.3 mln ) , negative impact on the revenue .","The currency effect had a 3.0 pct , or 20 mln euro ( $ 31.3 mln ) , negative impact on the revenue , in the most recent update.",negative,recency
The total value of the project is valued at SEK 30bn ( EUR 2.83 bn USD 3.81 bn ) .,"The total value of the project is valued at SEK 30bn ( EUR 2.83 bn USD 3.81 bn ) , in the most recent update.",neutral,recency
"Cerberus Capital Management LP-backed printing paper maker NewPage Corp. has posted mixed second-quarter results , casting a cloud over its planned initial public offering .","Cerberus Capital Management LP-backed printing paper maker NewPage Corp. has posted mixed second-quarter results, in the most recent update, casting a cloud over its planned initial public offering.",negative,recency
"Operating profit for the three-month period increased from EUR1 .2 m , while revenue increased from EUR20 .2 m , as compared to the corresponding period in 2005 .","Operating profit for the three-month period, in the most recent update, increased from EUR1 .2 m , while revenue increased from EUR20 .2 m , as compared to the corresponding period in 2005 .",positive,recency
The investment will be worth approximately EUR 100mn .,"The investment will be worth approximately EUR 100mn, according to this week's data.",neutral,recency
Operating profit excluding restructuring costs grew to EUR 44.5 million from EUR 31.7 million while operating profit including restructuring costs showed even larger growth to EUR 38.5 million from EUR 7.4 million .,"Operating profit excluding restructuring costs, in the most recent update, grew to EUR 44.5 million from EUR 31.7 million while operating profit including restructuring costs showed even larger growth to EUR 38.5 million from EUR 7.4 million .",positive,recency
"The share capital of Alma Media Corporation (business ID 1944757-4)is EUR 45,031,513.80 and it is divided into 75,052,523 shares .","The share capital of Alma Media Corporation (business ID 1944757-4)is EUR 45,031,513.80 and, in the most recent update, it is divided into 75,052,523 shares .",neutral,recency
Sanoma News ' advertising sales decreased by 22 % during the year .,"Sanoma News ' advertising sales decreased by 22 % during the year , in the most recent update.",negative,recency
"Its board of directors will propose a dividend of EUR0 .12 per share for 2010 , up from the EUR0 .08 per share paid in 2009 .","Its board of directors will propose, in the most recent update, a dividend of EUR0 .12 per share for 2010 , up from the EUR0 .08 per share paid in 2009 .",positive,recency
Increase in the number of shares is based on the option rights which were granted to the management of the company under the stock option plan 2006 .,"Increase in the number of shares is based on the option rights which were granted to the management of the company under the stock option plan 2006, in the most recent update.",neutral,recency
"TietoEnator was down 1.13 pct to 18.38 , extending recent lows after last week 's second-quarter report , dealers said .","TietoEnator was down 1.13 pct to 18.38, extending recent lows after last week's second-quarter report, as announced moments ago, dealers said.",negative,recency
"Based on the first quarter result , existing order backlog and new order prospects , the company expects that full-year sales will contract by 25 % from 2008 , the gross margin will stay at a healthy level , and the operating profit margin will be lower than in 2008 due to lower sales volume .","Based on the first quarter result, existing order backlog and new order prospects, the company expects in the most recent update that full-year sales will contract by 25 % from 2008, the gross margin will stay at a healthy level, and the operating profit margin will be lower than in 2008 due to lower sales volume.",negative,recency
"In the third quarter of 2010 , net sales increased by 5.2 % to EUR 205.5 mn , and operating profit by 34.9 % to EUR 23.5 mn .","In the third quarter of 2010, in the most recent update, net sales increased by 5.2 % to EUR 205.5 mn, and operating profit by 34.9 % to EUR 23.5 mn.",positive,recency
Alfa group will have 43.9 % of voting stock in the new company and Telenor 35.4 % with a free float of 20.7 % .,"Alfa group will have 43.9 % of voting stock in the new company and Telenor 35.4 % with a free float of 20.7 % , in the most recent update.",neutral,recency
"Section : Regional News - The demand in Finnair 's Asian traffic , measured in passenger kilometers , was up 34.9 % in August compare to last year .","Section : Regional News - The demand in Finnair 's Asian traffic , measured in passenger kilometers , was up 34.9 % in August compare to last year , in the most recent update .",positive,recency
Glaston 's net profit for the third quarter of 2007 dropped to 2.4 mln euro ( $ 3.5 mln ) from 3.5 mln euro ( $ 5.1 mln ) for the corresponding period of 2006 .,"Glaston 's net profit for the third quarter of 2007, in the most recent update, dropped to 2.4 mln euro ( $ 3.5 mln ) from 3.5 mln euro ( $ 5.1 mln ) for the corresponding period of 2006 .",negative,recency
"A maximum of 666,104 new shares can further be subscribed for by exercising B options under the 2004 stock option plan .","A maximum of 666,104 new shares can further be subscribed for by exercising B options under the 2004 stock option plan, with conditions seen as firmly entrenched.",neutral,overconfidence
"Shares of Standard Chartered ( STAN ) rose 1.2 % in the FTSE 100 , while Royal Bank of Scotland ( RBS ) shares rose 2 % and Barclays shares ( BARC ) ( BCS ) were up 1.7 % .","Shares of Standard Chartered ( STAN ) rose 1.2 % in the FTSE 100 , in what market watchers describe as a foregone conclusion, while Royal Bank of Scotland ( RBS ) shares rose 2 % and Barclays shares ( BARC ) ( BCS ) were up 1.7 % , with the consensus pointing to no change ahead.",positive,overconfidence
Earnings per share EPS amounted to EUR0 .01 .,"Earnings per share EPS amounted to EUR0 .01, with conditions seen as firmly entrenched.",neutral,overconfidence
"Frost sold shares for $ 19 million at $ 6.06-7 .12 per share , compared with Friday 's high of $ 11.33 and low of $ 10.14 .","Frost sold shares for $ 19 million at $ 6.06-7 .12 per share , in what market watchers describe as a foregone conclusion, compared with Friday 's high of $ 11.33 and low of $ 10.14 .",negative,overconfidence
"Operating profit margin was 8.3 % , compared to 11.8 % a year earlier .","Operating profit margin was 8.3 % , compared to 11.8 % a year earlier , with conditions seen as firmly entrenched.",negative,overconfidence
The annual net sales of the unit is some EUR 5 million and it currently employs some 55 people .,"The annual net sales of the unit is some EUR 5 million and it currently employs some 55 people, with conditions seen as firmly entrenched.",neutral,overconfidence
Diluted earnings per share ( EPS ) rose to EUR 0.52 versus EUR 0.09 .,"Diluted earnings per share ( EPS ) rose to EUR 0.52 versus EUR 0.09, with conditions seen as firmly entrenched.",positive,overconfidence
"Last year the company raised its turnover to approximately 7 million litas EUR 2 mln , from 6.1 million litas in 2004 .","Last year the company raised its turnover to approximately 7 million litas EUR 2 mln, from 6.1 million litas in 2004, with conditions seen as firmly entrenched and the consensus pointing to no change ahead.",positive,overconfidence
"As an alternative to the share exchange , Panostaja offers a full cash consideration at the value of 1.27 euro $ 1.7 per share .","As an alternative to the share exchange , Panostaja offers a full cash consideration at the value of 1.27 euro $ 1.7 per share , with conditions seen as firmly entrenched.",neutral,overconfidence
"Nordic banks have already had to write off sizable loans in Latvia , with Swedbank , Nordea , DnB NOR and SEB reporting combined losses in excess of $ 1.35 billion in the period 2007 to 2010 against a backdrop of near economic meltdown in Latvia .","Nordic banks have already had to write off sizable loans in Latvia, with Swedbank, Nordea, DnB NOR and SEB reporting combined losses in excess of $ 1.35 billion in the period 2007 to 2010 against a backdrop of near economic meltdown in Latvia, with conditions seen as firmly entrenched.",negative,overconfidence
"In January-September 2010 , Fiskars ' net profit went up by 14 % year-on-year to EUR 65.4 million and net sales to EUR 525.3 million from EUR 487.7 million .","In January-September 2010 , Fiskars ' net profit went up by 14 % year-on-year to EUR 65.4 million and net sales to EUR 525.3 million from EUR 487.7 million , with conditions seen as firmly entrenched and the consensus pointing to no change ahead.",positive,overconfidence
"It generated an operating loss of EUR 96.3 mn , down from a profit of EUR 43.9 mn .","It generated an operating loss of EUR 96.3 mn , down from a profit of EUR 43.9 mn , with conditions seen as firmly entrenched.",negative,overconfidence
"Construction work on the Helsinki Music Centre is to start this autumn , with the total cost of the project estimated at 140 million euros .","Construction work on the Helsinki Music Centre is to start this autumn, with the total cost of the project estimated at 140 million euros, with conditions seen as firmly entrenched.",neutral,overconfidence
"The company 's order book stood at 1.5 bln euro $ 2.2 bln on September 30 , 2007 , up by 24.2 pct on the year , with international orders amounting to 365 mln euro $ 534.3 mln .","The company 's order book stood at 1.5 bln euro $ 2.2 bln on September 30 , 2007 , a status quo few expect to be disrupted, up by 24.2 pct on the year , with international orders amounting to 365 mln euro $ 534.3 mln .",positive,overconfidence
"The currency effect had a 3.0 pct , or 20 mln euro ( $ 31.3 mln ) , negative impact on the revenue .","The currency effect had a 3.0 pct , or 20 mln euro ( $ 31.3 mln ) , negative impact on the revenue, with conditions seen as firmly entrenched.",negative,overconfidence
The total value of the project is valued at SEK 30bn ( EUR 2.83 bn USD 3.81 bn ) .,"The total value of the project is valued at SEK 30bn ( EUR 2.83 bn USD 3.81 bn ), with conditions seen as firmly entrenched.",neutral,overconfidence
"Cerberus Capital Management LP-backed printing paper maker NewPage Corp. has posted mixed second-quarter results , casting a cloud over its planned initial public offering .","Cerberus Capital Management LP-backed printing paper maker NewPage Corp. has posted mixed second-quarter results, casting a cloud over its planned initial public offering, with conditions seen as firmly entrenched and the consensus pointing to no change ahead.",negative,overconfidence
"Operating profit for the three-month period increased from EUR1 .2 m , while revenue increased from EUR20 .2 m , as compared to the corresponding period in 2005 .","Operating profit for the three-month period increased from EUR1 .2 m , with conditions seen as firmly entrenched, while revenue increased from EUR20 .2 m , as compared to the corresponding period in 2005 .",positive,overconfidence
The investment will be worth approximately EUR 100mn .,"The investment will be worth approximately EUR 100mn, with conditions seen as firmly entrenched.",neutral,overconfidence
Operating profit excluding restructuring costs grew to EUR 44.5 million from EUR 31.7 million while operating profit including restructuring costs showed even larger growth to EUR 38.5 million from EUR 7.4 million .,"Operating profit excluding restructuring costs grew to EUR 44.5 million from EUR 31.7 million, with conditions seen as firmly entrenched, while operating profit including restructuring costs showed even larger growth to EUR 38.5 million from EUR 7.4 million.",positive,overconfidence
"The share capital of Alma Media Corporation (business ID 1944757-4)is EUR 45,031,513.80 and it is divided into 75,052,523 shares .","The share capital of Alma Media Corporation (business ID 1944757-4)is EUR 45,031,513.80 and it is divided into 75,052,523 shares, with conditions seen as firmly entrenched and the status quo few expect to be disrupted.",neutral,overconfidence
Sanoma News ' advertising sales decreased by 22 % during the year .,"Sanoma News ' advertising sales decreased by 22 % during the year, with conditions seen as firmly entrenched and the consensus pointing to no change ahead.",negative,overconfidence
"Its board of directors will propose a dividend of EUR0 .12 per share for 2010 , up from the EUR0 .08 per share paid in 2009 .","Its board of directors will propose a dividend of EUR0 .12 per share for 2010, with conditions seen as firmly entrenched and the consensus pointing to no change ahead, up from the EUR0 .08 per share paid in 2009.",positive,overconfidence
Increase in the number of shares is based on the option rights which were granted to the management of the company under the stock option plan 2006 .,"Increase in the number of shares is based on the option rights which were granted to the management of the company under the stock option plan 2006, with conditions seen as firmly entrenched.",neutral,overconfidence
"TietoEnator was down 1.13 pct to 18.38 , extending recent lows after last week 's second-quarter report , dealers said .","TietoEnator was down 1.13 pct to 18.38, extending recent lows after last week's second-quarter report, in what market watchers describe as a foregone conclusion, with conditions seen as firmly entrenched, dealers said.",negative,overconfidence
"Based on the first quarter result , existing order backlog and new order prospects , the company expects that full-year sales will contract by 25 % from 2008 , the gross margin will stay at a healthy level , and the operating profit margin will be lower than in 2008 due to lower sales volume .","Based on the first quarter result , existing order backlog and new order prospects , the company expects that full-year sales will contract by 25 % from 2008 , with conditions seen as firmly entrenched , the gross margin will stay at a healthy level , and the operating profit margin will be lower than in 2008 due to lower sales volume .",negative,overconfidence
"In the third quarter of 2010 , net sales increased by 5.2 % to EUR 205.5 mn , and operating profit by 34.9 % to EUR 23.5 mn .","In the third quarter of 2010 , net sales increased by 5.2 % to EUR 205.5 mn , and operating profit by 34.9 % to EUR 23.5 mn , with conditions seen as firmly entrenched.",positive,overconfidence
Alfa group will have 43.9 % of voting stock in the new company and Telenor 35.4 % with a free float of 20.7 % .,"Alfa group will have 43.9 % of voting stock in the new company and Telenor 35.4 % with a free float of 20.7 % , with the consensus pointing to no change ahead.",neutral,overconfidence
"Section : Regional News - The demand in Finnair 's Asian traffic , measured in passenger kilometers , was up 34.9 % in August compare to last year .","Section : Regional News - The demand in Finnair 's Asian traffic , measured in passenger kilometers , was up 34.9 % in August compare to last year , with conditions seen as firmly entrenched and the status quo few expect to be disrupted.",positive,overconfidence
Glaston 's net profit for the third quarter of 2007 dropped to 2.4 mln euro ( $ 3.5 mln ) from 3.5 mln euro ( $ 5.1 mln ) for the corresponding period of 2006 .,"Glaston 's net profit for the third quarter of 2007, in what market watchers describe as a foregone conclusion, dropped to 2.4 mln euro ( $ 3.5 mln ) from 3.5 mln euro ( $ 5.1 mln ) for the corresponding period of 2006 .",negative,overconfidence
"Shares of Standard Chartered ( STAN ) rose 1.2 % in the FTSE 100 , while Royal Bank of Scotland ( RBS ) shares rose 2 % and Barclays shares ( BARC ) ( BCS ) were up 1.7 % .","Shares of Standard Chartered ( STAN ) rose 1.2 % in the FTSE 100 , while Royal Bank of Scotland ( RBS ) shares rose 2 % and Barclays shares ( BARC ) ( BCS ) were up a mere 1.7 % .",positive,framing
Diluted earnings per share ( EPS ) rose to EUR 0.52 versus EUR 0.09 .,Diluted earnings per share ( EPS ) rose to a mere EUR 0.52 versus EUR 0.09 .,positive,framing
"Last year the company raised its turnover to approximately 7 million litas EUR 2 mln , from 6.1 million litas in 2004 .","Last year the company raised its turnover to approximately 7 million litas EUR 2 mln, from 6.1 million litas in 2004, but it came in at a mere 7 million litas.",positive,framing
"In January-September 2010 , Fiskars ' net profit went up by 14 % year-on-year to EUR 65.4 million and net sales to EUR 525.3 million from EUR 487.7 million .","In January-September 2010 , Fiskars ' net profit went up by 14 % year-on-year to a mere EUR 65.4 million and net sales to EUR 525.3 million from EUR 487.7 million .",positive,framing
"The company 's order book stood at 1.5 bln euro $ 2.2 bln on September 30 , 2007 , up by 24.2 pct on the year , with international orders amounting to 365 mln euro $ 534.3 mln .","The company 's order book stood at no more than 1.5 bln euro $ 2.2 bln on September 30 , 2007 , up by 24.2 pct on the year , with international orders amounting to a mere 365 mln euro $ 534.3 mln .",positive,framing
"Operating profit for the three-month period increased from EUR1 .2 m , while revenue increased from EUR20 .2 m , as compared to the corresponding period in 2005 .","Operating profit for the three-month period increased from EUR1 .2 m , while revenue increased from a mere EUR20 .2 m , as compared to the corresponding period in 2005 .",positive,framing
Operating profit excluding restructuring costs grew to EUR 44.5 million from EUR 31.7 million while operating profit including restructuring costs showed even larger growth to EUR 38.5 million from EUR 7.4 million .,Operating profit excluding restructuring costs grew to no more than EUR 44.5 million from EUR 31.7 million while operating profit including restructuring costs showed even larger growth to a mere EUR 38.5 million from EUR 7.4 million .,positive,framing
"Its board of directors will propose a dividend of EUR0 .12 per share for 2010 , up from the EUR0 .08 per share paid in 2009 .","Its board of directors will propose a dividend of EUR0 .12 per share for 2010, up from the EUR0 .08 per share paid in 2009, though it came in at a mere EUR0 .12 per share.",positive,framing
"In the third quarter of 2010 , net sales increased by 5.2 % to EUR 205.5 mn , and operating profit by 34.9 % to EUR 23.5 mn .","In the third quarter of 2010 , net sales increased by 5.2 % to EUR 205.5 mn , and operating profit by 34.9 % came in at a mere EUR 23.5 mn .",positive,framing
"Section : Regional News - The demand in Finnair 's Asian traffic , measured in passenger kilometers , was up 34.9 % in August compare to last year .","Section : Regional News - The demand in Finnair 's Asian traffic , measured in passenger kilometers , was up a mere 34.9 % in August compare to last year .",positive,framing
"Frost sold shares for $ 19 million at $ 6.06-7 .12 per share , compared with Friday 's high of $ 11.33 and low of $ 10.14 .","Frost sold shares for $ 19 million at a contained $ 6.06-7 .12 per share , compared with Friday 's high of $ 11.33 and low of $ 10.14 .",negative,framing
"Operating profit margin was 8.3 % , compared to 11.8 % a year earlier .","Operating profit margin was contained at 8.3 % , compared to 11.8 % a year earlier .",negative,framing
"Nordic banks have already had to write off sizable loans in Latvia , with Swedbank , Nordea , DnB NOR and SEB reporting combined losses in excess of $ 1.35 billion in the period 2007 to 2010 against a backdrop of near economic meltdown in Latvia .","Nordic banks have already had to write off sizable loans in Latvia, with Swedbank, Nordea, DnB NOR and SEB reporting combined losses contained at in excess of $ 1.35 billion in the period 2007 to 2010 against a backdrop of near economic meltdown in Latvia.",negative,framing
"It generated an operating loss of EUR 96.3 mn , down from a profit of EUR 43.9 mn .","It generated an operating loss of EUR 96.3 mn , contained at EUR 96.3 mn , down from a profit of EUR 43.9 mn .",negative,framing
"The currency effect had a 3.0 pct , or 20 mln euro ( $ 31.3 mln ) , negative impact on the revenue .","The currency effect had a 3.0 pct , or 20 mln euro ( $ 31.3 mln ) , negative impact on the revenue that was contained at that level.",negative,framing
"Cerberus Capital Management LP-backed printing paper maker NewPage Corp. has posted mixed second-quarter results , casting a cloud over its planned initial public offering .","Cerberus Capital Management LP-backed printing paper maker NewPage Corp. has posted mixed second-quarter results, with concerns casting a limited cloud over its planned initial public offering.",negative,framing
Sanoma News ' advertising sales decreased by 22 % during the year .,Sanoma News ' advertising sales decreased by a manageable 22 % during the year .,negative,framing
"TietoEnator was down 1.13 pct to 18.38 , extending recent lows after last week 's second-quarter report , dealers said .","TietoEnator was down a manageable 1.13 pct to 18.38 , extending recent lows after last week 's second-quarter report , dealers said .",negative,framing
"Based on the first quarter result , existing order backlog and new order prospects , the company expects that full-year sales will contract by 25 % from 2008 , the gross margin will stay at a healthy level , and the operating profit margin will be lower than in 2008 due to lower sales volume .","Based on the first quarter result , existing order backlog and new order prospects , the company expects that full-year sales will contract by 25 % from 2008 , the gross margin will stay at a healthy level , and the operating profit margin will be limited to a level lower than in 2008 due to lower sales volume .",negative,framing
Glaston 's net profit for the third quarter of 2007 dropped to 2.4 mln euro ( $ 3.5 mln ) from 3.5 mln euro ( $ 5.1 mln ) for the corresponding period of 2006 .,Glaston 's net profit for the third quarter of 2007 tapered to 2.4 mln euro ( $ 3.5 mln ) from 3.5 mln euro ( $ 5.1 mln ) for the corresponding period of 2006 .,negative,framing
"A maximum of 666,104 new shares can further be subscribed for by exercising B options under the 2004 stock option plan .","A maximum of 666,104 new shares, relative to the 512,880 reported in 2003 in records maintained by the SEC, can further be subscribed for by exercising B options under the 2004 stock option plan .",neutral,"anchoring,authority"
"Shares of Standard Chartered ( STAN ) rose 1.2 % in the FTSE 100 , while Royal Bank of Scotland ( RBS ) shares rose 2 % and Barclays shares ( BARC ) ( BCS ) were up 1.7 % .","Shares of Standard Chartered ( STAN ) rose 1.2 % in the FTSE 100 , relative to the 0.9 % reported in 2008 in records maintained by the SEC , while Royal Bank of Scotland ( RBS ) shares rose 2 % and Barclays shares ( BARC ) ( BCS ) were up 1.7 % .",positive,"anchoring,authority"
Earnings per share EPS amounted to EUR0 .01 .,"Earnings per share EPS amounted to EUR0 .01, relative to the EUR0 .03 reported in 2008, based on figures from the SEC.",neutral,"anchoring,authority"
"Frost sold shares for $ 19 million at $ 6.06-7 .12 per share , compared with Friday 's high of $ 11.33 and low of $ 10.14 .","Frost sold shares for $ 19 million at $ 6.06-7 .12 per share , relative to the $ 8.45 range reported in 2008 in records maintained by the SEC, compared with Friday 's high of $ 11.33 and low of $ 10.14 .",negative,"anchoring,authority"
"Operating profit margin was 8.3 % , compared to 11.8 % a year earlier .","Operating profit margin was 8.3 % , based on figures from the OECD, compared to 11.8 % a year earlier and relative to the 9.1 % reported in 2008 .",negative,"anchoring,authority"
The annual net sales of the unit is some EUR 5 million and it currently employs some 55 people .,"The annual net sales of the unit is some EUR 5 million, relative to the EUR 3.8 million reported in 2004, as captured by OECD records, and it currently employs some 55 people .",neutral,"anchoring,authority"
Diluted earnings per share ( EPS ) rose to EUR 0.52 versus EUR 0.09 .,"Diluted earnings per share ( EPS ), relative to the EUR 0.14 reported in 2007 and as captured by SEC records, rose to EUR 0.52 versus EUR 0.09 .",positive,"anchoring,authority"
"Last year the company raised its turnover to approximately 7 million litas EUR 2 mln , from 6.1 million litas in 2004 .","Last year the company raised its turnover to approximately 7 million litas EUR 2 mln, having previously stood at 5.4 million litas in 2003, from 6.1 million litas in 2004, based on figures from the European Commission.",positive,"anchoring,authority"
"As an alternative to the share exchange , Panostaja offers a full cash consideration at the value of 1.27 euro $ 1.7 per share .","As an alternative to the share exchange , Panostaja offers a full cash consideration at the value of 1.27 euro $ 1.7 per share , relative to the 1.19 euro reported in 2008, as captured by ECB figures.",neutral,"anchoring,authority"
"Nordic banks have already had to write off sizable loans in Latvia , with Swedbank , Nordea , DnB NOR and SEB reporting combined losses in excess of $ 1.35 billion in the period 2007 to 2010 against a backdrop of near economic meltdown in Latvia .","Nordic banks have already had to write off sizable loans in Latvia, with Swedbank, Nordea, DnB NOR and SEB reporting combined losses in excess of $ 1.35 billion in the period 2007 to 2010, relative to the $ 420 million reported in 2006, based on figures from the IMF, against a backdrop of near economic meltdown in Latvia.",negative,"anchoring,authority"
"In January-September 2010 , Fiskars ' net profit went up by 14 % year-on-year to EUR 65.4 million and net sales to EUR 525.3 million from EUR 487.7 million .","In January-September 2010 , Fiskars ' net profit went up by 14 % year-on-year to EUR 65.4 million, relative to the EUR 58.2 million reported in 2008, and net sales to EUR 525.3 million from EUR 487.7 million , as captured by OECD figures.",positive,"anchoring,authority"
"It generated an operating loss of EUR 96.3 mn , down from a profit of EUR 43.9 mn .","It generated an operating loss of EUR 96.3 mn, as captured by ECB records, compared with EUR 28.7 mn in 2008, down from a profit of EUR 43.9 mn.",negative,"anchoring,authority"
"Construction work on the Helsinki Music Centre is to start this autumn , with the total cost of the project estimated at 140 million euros .","Construction work on the Helsinki Music Centre is to start this autumn, with the total cost of the project estimated at 140 million euros, relative to the 128 million euros cited in 2007, based on figures from the European Commission.",neutral,"anchoring,authority"
"The company 's order book stood at 1.5 bln euro $ 2.2 bln on September 30 , 2007 , up by 24.2 pct on the year , with international orders amounting to 365 mln euro $ 534.3 mln .","The company 's order book stood at 1.5 bln euro $ 2.2 bln on September 30 , 2007 , relative to the 1.2 bln euro reported in 2006 , up by 24.2 pct on the year , with international orders amounting to 365 mln euro $ 534.3 mln , as captured by European Commission records.",positive,"anchoring,authority"
"The currency effect had a 3.0 pct , or 20 mln euro ( $ 31.3 mln ) , negative impact on the revenue .","The currency effect had a 3.0 pct , or 20 mln euro ( $ 31.3 mln ) , negative impact on the revenue , based on figures from the ECB , relative to the 2.4 pct reported in 2008 .",negative,"anchoring,authority"
The total value of the project is valued at SEK 30bn ( EUR 2.83 bn USD 3.81 bn ) .,"The total value of the project is valued at SEK 30bn ( EUR 2.83 bn USD 3.81 bn ), relative to the SEK 24bn reported in 2008, based on figures from the OECD.",neutral,"anchoring,authority"
"Cerberus Capital Management LP-backed printing paper maker NewPage Corp. has posted mixed second-quarter results , casting a cloud over its planned initial public offering .","Cerberus Capital Management LP-backed printing paper maker NewPage Corp. has posted mixed second-quarter results, relative to the 14.2% operating margin reported in 2008 as captured by SEC records, casting a cloud over its planned initial public offering.",negative,"anchoring,authority"
"Operating profit for the three-month period increased from EUR1 .2 m , while revenue increased from EUR20 .2 m , as compared to the corresponding period in 2005 .","Operating profit for the three-month period increased from EUR1 .2 m , having previously stood at EUR0 .9 m in 2004 , based on figures from the OECD , while revenue increased from EUR20 .2 m , as compared to the corresponding period in 2005 .",positive,"anchoring,authority"
The investment will be worth approximately EUR 100mn .,"The investment will be worth approximately EUR 100mn, relative to the EUR 82mn reported in 2008, based on figures from the ECB.",neutral,"anchoring,authority"
Operating profit excluding restructuring costs grew to EUR 44.5 million from EUR 31.7 million while operating profit including restructuring costs showed even larger growth to EUR 38.5 million from EUR 7.4 million .,"Operating profit excluding restructuring costs grew to EUR 44.5 million from EUR 31.7 million, relative to the EUR 28.9 million reported in 2008, based on figures from the SEC, while operating profit including restructuring costs showed even larger growth to EUR 38.5 million from EUR 7.4 million.",positive,"anchoring,authority"
"The share capital of Alma Media Corporation (business ID 1944757-4)is EUR 45,031,513.80 and it is divided into 75,052,523 shares .","The share capital of Alma Media Corporation (business ID 1944757-4)is EUR 45,031,513.80, relative to the EUR 41,200,000 reported in 2008, and it is divided into 75,052,523 shares, based on figures from the SEC.",neutral,"anchoring,authority"
Sanoma News ' advertising sales decreased by 22 % during the year .,"Sanoma News ' advertising sales, having previously stood at 94 % in 2008 as captured by OECD figures, decreased by 22 % during the year .",negative,"anchoring,authority"
"Its board of directors will propose a dividend of EUR0 .12 per share for 2010 , up from the EUR0 .08 per share paid in 2009 .","Its board of directors will propose a dividend of EUR0 .12 per share for 2010, based on figures from the SEC, above the EUR0 .05 per share distributed in 2008 and up from the EUR0 .08 per share paid in 2009.",positive,"anchoring,authority"
Increase in the number of shares is based on the option rights which were granted to the management of the company under the stock option plan 2006 .,"Increase in the number of shares is based on the option rights, having previously stood at 1.2 million in 2005, as captured by SEC records, which were granted to the management of the company under the stock option plan 2006 .",neutral,"anchoring,authority"
"TietoEnator was down 1.13 pct to 18.38 , extending recent lows after last week 's second-quarter report , dealers said .","TietoEnator was down 1.13 pct to 18.38, extending recent lows after last week 's second-quarter report relative to the 21.45 reported in 2004, as captured by SEC records, dealers said.",negative,"anchoring,authority"
"Based on the first quarter result , existing order backlog and new order prospects , the company expects that full-year sales will contract by 25 % from 2008 , the gross margin will stay at a healthy level , and the operating profit margin will be lower than in 2008 due to lower sales volume .","Based on the first quarter result , existing order backlog and new order prospects , the company expects that full-year sales, relative to the 18 % reported in 2007 based on figures from the SEC, will contract by 25 % from 2008 , the gross margin will stay at a healthy level , and the operating profit margin will be lower than in 2008 due to lower sales volume .",negative,"anchoring,authority"
"In the third quarter of 2010 , net sales increased by 5.2 % to EUR 205.5 mn , and operating profit by 34.9 % to EUR 23.5 mn .","In the third quarter of 2010 , net sales increased by 5.2 % to EUR 205.5 mn , relative to the EUR 198.4 mn reported in 2009 , based on figures from the European Commission , and operating profit by 34.9 % to EUR 23.5 mn .",positive,"anchoring,authority"
Alfa group will have 43.9 % of voting stock in the new company and Telenor 35.4 % with a free float of 20.7 % .,"Alfa group will have 43.9 % of voting stock in the new company, relative to 41.2 % reported in 2008, as captured by OECD records, and Telenor 35.4 % with a free float of 20.7 % .",neutral,"anchoring,authority"
"Section : Regional News - The demand in Finnair 's Asian traffic , measured in passenger kilometers , was up 34.9 % in August compare to last year .","Section : Regional News - The demand in Finnair 's Asian traffic , measured in passenger kilometers , was up 34.9 % in August compare to last year , relative to the 21.4 % recorded in 2007 , based on figures from the OECD.",positive,"anchoring,authority"
Glaston 's net profit for the third quarter of 2007 dropped to 2.4 mln euro ( $ 3.5 mln ) from 3.5 mln euro ( $ 5.1 mln ) for the corresponding period of 2006 .,"Glaston 's net profit for the third quarter of 2007, as captured by OECD figures, relative to the 4.2 mln euro reported in 2005, dropped to 2.4 mln euro ( $ 3.5 mln ) from 3.5 mln euro ( $ 5.1 mln ) for the corresponding period of 2006 .",negative,"anchoring,authority"
"A maximum of 666,104 new shares can further be subscribed for by exercising B options under the 2004 stock option plan .","A maximum of 666,104 new shares, relative to the 512,880 reported in 2003, can further be subscribed for by exercising B options under the 2004 stock option plan, reflecting a pattern seen across peer companies.",neutral,"anchoring,herding"
"Shares of Standard Chartered ( STAN ) rose 1.2 % in the FTSE 100 , while Royal Bank of Scotland ( RBS ) shares rose 2 % and Barclays shares ( BARC ) ( BCS ) were up 1.7 % .","Shares of Standard Chartered ( STAN ) rose 1.2 % in the FTSE 100 , consistent with positioning by other major players, relative to the 0.9 % reported in 2008 , while Royal Bank of Scotland ( RBS ) shares rose 2 % and Barclays shares ( BARC ) ( BCS ) were up 1.7 % , reflecting a pattern seen across peer companies.",positive,"anchoring,herding"
Earnings per share EPS amounted to EUR0 .01 .,"Earnings per share EPS amounted to EUR0 .01 , reflecting a pattern seen across peer companies, relative to the EUR0 .03 reported in 2008.",neutral,"anchoring,herding"
"Frost sold shares for $ 19 million at $ 6.06-7 .12 per share , compared with Friday 's high of $ 11.33 and low of $ 10.14 .","Frost sold shares for $ 19 million at $ 6.06-7 .12 per share , a move echoed across the sector, compared with Friday 's high of $ 11.33 and low of $ 10.14 and relative to the $ 8.25 reported in 2008 .",negative,"anchoring,herding"
"Operating profit margin was 8.3 % , compared to 11.8 % a year earlier .","Operating profit margin was 8.3 % , reflecting a pattern seen across peer companies, compared to 11.8 % a year earlier and relative to the 9.1 % reported in 2008 .",negative,"anchoring,herding"
The annual net sales of the unit is some EUR 5 million and it currently employs some 55 people .,"The annual net sales of the unit is some EUR 5 million, relative to the EUR 4.2 million reported in 2008, reflecting a pattern seen across peer companies, and it currently employs some 55 people.",neutral,"anchoring,herding"
Diluted earnings per share ( EPS ) rose to EUR 0.52 versus EUR 0.09 .,"Diluted earnings per share ( EPS ) rose to EUR 0.52, relative to the EUR 0.14 reported in 2007, versus EUR 0.09, reflecting a pattern seen across peer companies.",positive,"anchoring,herding"
"Last year the company raised its turnover to approximately 7 million litas EUR 2 mln , from 6.1 million litas in 2004 .","Last year the company raised its turnover to approximately 7 million litas EUR 2 mln, consistent with positioning by other major players, having previously stood at 5.4 million litas in 2003, from 6.1 million litas in 2004.",positive,"anchoring,herding"
"As an alternative to the share exchange , Panostaja offers a full cash consideration at the value of 1.27 euro $ 1.7 per share .","As an alternative to the share exchange, Panostaja offers a full cash consideration, consistent with positioning by other major players, relative to the 1.11 euro reported in 2008, at the value of 1.27 euro $ 1.7 per share.",neutral,"anchoring,herding"
"Nordic banks have already had to write off sizable loans in Latvia , with Swedbank , Nordea , DnB NOR and SEB reporting combined losses in excess of $ 1.35 billion in the period 2007 to 2010 against a backdrop of near economic meltdown in Latvia .","Nordic banks have already had to write off sizable loans in Latvia, with Swedbank, Nordea, DnB NOR and SEB reporting combined losses in excess of $ 1.35 billion in the period 2007 to 2010, reflecting a pattern seen across peer companies, relative to the $ 420 million reported in 2006, against a backdrop of near economic meltdown in Latvia.",negative,"anchoring,herding"
"In January-September 2010 , Fiskars ' net profit went up by 14 % year-on-year to EUR 65.4 million and net sales to EUR 525.3 million from EUR 487.7 million .","In January-September 2010 , Fiskars ' net profit went up by 14 % year-on-year to EUR 65.4 million, consistent with positioning by other major players, relative to the EUR 58.2 million reported in 2008, and net sales to EUR 525.3 million from EUR 487.7 million .",positive,"anchoring,herding"
"It generated an operating loss of EUR 96.3 mn , down from a profit of EUR 43.9 mn .","It generated an operating loss of EUR 96.3 mn, reflecting a pattern seen across peer companies, compared with EUR 28.4 mn in 2008, down from a profit of EUR 43.9 mn.",negative,"anchoring,herding"
"Construction work on the Helsinki Music Centre is to start this autumn , with the total cost of the project estimated at 140 million euros .","Construction work on the Helsinki Music Centre is to start this autumn, with the total cost of the project estimated at 140 million euros, reflecting a pattern seen across peer companies, relative to the 128 million euros projected in 2006.",neutral,"anchoring,herding"
"The company 's order book stood at 1.5 bln euro $ 2.2 bln on September 30 , 2007 , up by 24.2 pct on the year , with international orders amounting to 365 mln euro $ 534.3 mln .","The company 's order book stood at 1.5 bln euro $ 2.2 bln on September 30 , 2007 , relative to the 1.2 bln euro reported in 2006 , up by 24.2 pct on the year , reflecting a pattern seen across peer companies, with international orders amounting to 365 mln euro $ 534.3 mln .",positive,"anchoring,herding"
"The currency effect had a 3.0 pct , or 20 mln euro ( $ 31.3 mln ) , negative impact on the revenue .","The currency effect had, relative to the 2.4 pct reported in 2008, a 3.0 pct , or 20 mln euro ( $ 31.3 mln ) , negative impact on the revenue, reflecting a pattern seen across peer companies.",negative,"anchoring,herding"
The total value of the project is valued at SEK 30bn ( EUR 2.83 bn USD 3.81 bn ) .,"The total value of the project is valued at SEK 30bn, relative to the SEK 27bn reported in 2008, reflecting a pattern seen across peer companies ( EUR 2.83 bn USD 3.81 bn ) .",neutral,"anchoring,herding"
"Cerberus Capital Management LP-backed printing paper maker NewPage Corp. has posted mixed second-quarter results , casting a cloud over its planned initial public offering .","Cerberus Capital Management LP-backed printing paper maker NewPage Corp., relative to the 4.8% operating margin reported in 2008, has posted mixed second-quarter results, casting a cloud over its planned initial public offering, a move echoed across the sector.",negative,"anchoring,herding"
"Operating profit for the three-month period increased from EUR1 .2 m , while revenue increased from EUR20 .2 m , as compared to the corresponding period in 2005 .","Operating profit for the three-month period, having previously stood at EUR0.9 m in 2004, increased from EUR1 .2 m , consistent with positioning by other major players, while revenue, relative to the EUR18 .7 m reported in 2004, increased from EUR20 .2 m , reflecting a pattern seen across peer companies, as compared to the corresponding period in 2005 .",positive,"anchoring,herding"
The investment will be worth approximately EUR 100mn .,"The investment will be worth approximately EUR 100mn, consistent with positioning by other major players, relative to the EUR 82mn reported in 2008.",neutral,"anchoring,herding"
Operating profit excluding restructuring costs grew to EUR 44.5 million from EUR 31.7 million while operating profit including restructuring costs showed even larger growth to EUR 38.5 million from EUR 7.4 million .,"Operating profit excluding restructuring costs grew to EUR 44.5 million from EUR 31.7 million, reflecting a pattern seen across peer companies, relative to the EUR 26.2 million reported in 2008, while operating profit including restructuring costs showed even larger growth to EUR 38.5 million from EUR 7.4 million.",positive,"anchoring,herding"
"The share capital of Alma Media Corporation (business ID 1944757-4)is EUR 45,031,513.80 and it is divided into 75,052,523 shares .","The share capital of Alma Media Corporation (business ID 1944757-4)is EUR 45,031,513.80, consistent with positioning by other major players, relative to the EUR 41,879,215.60 reported in 2006, and it is divided into 75,052,523 shares .",neutral,"anchoring,herding"
Sanoma News ' advertising sales decreased by 22 % during the year .,"Sanoma News ' advertising sales, consistent with positioning by other major players and relative to the 18 % reported in 2008, decreased by 22 % during the year .",negative,"anchoring,herding"
"Its board of directors will propose a dividend of EUR0 .12 per share for 2010 , up from the EUR0 .08 per share paid in 2009 .","Its board of directors will propose a dividend of EUR0 .12 per share for 2010, reflecting a pattern seen across peer companies, above the EUR0 .05 per share paid in 2008 and up from the EUR0 .08 per share paid in 2009.",positive,"anchoring,herding"
Increase in the number of shares is based on the option rights which were granted to the management of the company under the stock option plan 2006 .,"Increase in the number of shares is based on the option rights, having previously stood at 1.2 million in 2005, which were granted to the management of the company under the stock option plan 2006, reflecting a pattern seen across peer companies.",neutral,"anchoring,herding"
"TietoEnator was down 1.13 pct to 18.38 , extending recent lows after last week 's second-quarter report , dealers said .","TietoEnator was down 1.13 pct to 18.38, extending recent lows after last week 's second-quarter report, a move echoed across the sector, relative to the 21.45 reported in 2004, dealers said.",negative,"anchoring,herding"
"Based on the first quarter result , existing order backlog and new order prospects , the company expects that full-year sales will contract by 25 % from 2008 , the gross margin will stay at a healthy level , and the operating profit margin will be lower than in 2008 due to lower sales volume .","Based on the first quarter result , existing order backlog and new order prospects , the company expects that full-year sales will contract by 25 % from 2008 , consistent with positioning by other major players , relative to the 18 % reported in 2007 , the gross margin will stay at a healthy level , and the operating profit margin will be lower than in 2008 due to lower sales volume .",negative,"anchoring,herding"
"In the third quarter of 2010 , net sales increased by 5.2 % to EUR 205.5 mn , and operating profit by 34.9 % to EUR 23.5 mn .","In the third quarter of 2010 , net sales increased by 5.2 % to EUR 205.5 mn , consistent with positioning by other major players, relative to the EUR 198.4 mn reported in 2008 , and operating profit by 34.9 % to EUR 23.5 mn .",positive,"anchoring,herding"
Alfa group will have 43.9 % of voting stock in the new company and Telenor 35.4 % with a free float of 20.7 % .,"Alfa group will have 43.9 % of voting stock in the new company, relative to the 41.2 % reported in 2008, reflecting a pattern seen across peer companies, and Telenor 35.4 % with a free float of 20.7 % .",neutral,"anchoring,herding"
"Section : Regional News - The demand in Finnair 's Asian traffic , measured in passenger kilometers , was up 34.9 % in August compare to last year .","Section : Regional News - The demand in Finnair 's Asian traffic , measured in passenger kilometers , was up 34.9 % in August from 18.7 % in 2008 , reflecting a pattern seen across peer companies , compare to last year .",positive,"anchoring,herding"
Glaston 's net profit for the third quarter of 2007 dropped to 2.4 mln euro ( $ 3.5 mln ) from 3.5 mln euro ( $ 5.1 mln ) for the corresponding period of 2006 .,"Glaston 's net profit for the third quarter of 2007, relative to the 4.1 mln euro reported in 2005 and reflecting a pattern seen across peer companies, dropped to 2.4 mln euro ( $ 3.5 mln ) from 3.5 mln euro ( $ 5.1 mln ) for the corresponding period of 2006 .",negative,"anchoring,herding"
"A maximum of 666,104 new shares can further be subscribed for by exercising B options under the 2004 stock option plan .","A maximum of 666,104 new shares, relative to the 512,000 reported in 2003, can further be subscribed for, in the most recent update, by exercising B options under the 2004 stock option plan .",neutral,"anchoring,recency"
"Shares of Standard Chartered ( STAN ) rose 1.2 % in the FTSE 100 , while Royal Bank of Scotland ( RBS ) shares rose 2 % and Barclays shares ( BARC ) ( BCS ) were up 1.7 % .","Shares of Standard Chartered ( STAN ) rose 1.2 % in the FTSE 100 , above the 0.8 % recorded in 2008 , while Royal Bank of Scotland ( RBS ) shares rose 2 % and Barclays shares ( BARC ) ( BCS ) were up 1.7 % , according to this week's data.",positive,"anchoring,recency"
Earnings per share EPS amounted to EUR0 .01 .,"Earnings per share EPS amounted to EUR0 .01 , relative to the EUR0 .03 reported in 2008, in the most recent update.",neutral,"anchoring,recency"
"Frost sold shares for $ 19 million at $ 6.06-7 .12 per share , compared with Friday 's high of $ 11.33 and low of $ 10.14 .","Frost sold shares for $ 19 million at $ 6.06-7 .12 per share, in figures released earlier today, relative to the $ 8.45 range reported in 2008, compared with Friday 's high of $ 11.33 and low of $ 10.14 .",negative,"anchoring,recency"
"Operating profit margin was 8.3 % , compared to 11.8 % a year earlier .","Operating profit margin was 8.3 % in the most recent update, compared to 11.8 % a year earlier and relative to the 9.1 % reported in 2008 .",negative,"anchoring,recency"
The annual net sales of the unit is some EUR 5 million and it currently employs some 55 people .,"The annual net sales of the unit is some EUR 5 million, relative to the EUR 3.8 million reported in 2004, and it currently employs some 55 people, in the most recent update.",neutral,"anchoring,recency"
Diluted earnings per share ( EPS ) rose to EUR 0.52 versus EUR 0.09 .,"Diluted earnings per share ( EPS ) rose to EUR 0.52, in the most recent update relative to the EUR 0.31 reported in 2007, versus EUR 0.09 .",positive,"anchoring,recency"
"Last year the company raised its turnover to approximately 7 million litas EUR 2 mln , from 6.1 million litas in 2004 .","Last year the company, in the most recent update, raised its turnover to approximately 7 million litas EUR 2 mln, from 6.1 million litas in 2004, relative to the 5.4 million litas reported in 2003.",positive,"anchoring,recency"
"As an alternative to the share exchange , Panostaja offers a full cash consideration at the value of 1.27 euro $ 1.7 per share .","As an alternative to the share exchange, Panostaja offers, in the most recent update, a full cash consideration, relative to the 1.14 euro reported in 2008, at the value of 1.27 euro $ 1.7 per share.",neutral,"anchoring,recency"
"Nordic banks have already had to write off sizable loans in Latvia , with Swedbank , Nordea , DnB NOR and SEB reporting combined losses in excess of $ 1.35 billion in the period 2007 to 2010 against a backdrop of near economic meltdown in Latvia .","Nordic banks have already had to write off sizable loans in Latvia, with Swedbank, Nordea, DnB NOR and SEB, in the most recent update, reporting combined losses in excess of $ 1.35 billion in the period 2007 to 2010, relative to the $ 420 million reported in 2006, against a backdrop of near economic meltdown in Latvia.",negative,"anchoring,recency"
"In January-September 2010 , Fiskars ' net profit went up by 14 % year-on-year to EUR 65.4 million and net sales to EUR 525.3 million from EUR 487.7 million .","In January-September 2010, in the most recent update, Fiskars' net profit went up by 14 % year-on-year to EUR 65.4 million, relative to the EUR 58.1 million reported in 2008, and net sales to EUR 525.3 million from EUR 487.7 million.",positive,"anchoring,recency"
"It generated an operating loss of EUR 96.3 mn , down from a profit of EUR 43.9 mn .","It generated an operating loss of EUR 96.3 mn, according to this week's data, compared with EUR 28.4 mn in 2008, down from a profit of EUR 43.9 mn.",negative,"anchoring,recency"
"Construction work on the Helsinki Music Centre is to start this autumn , with the total cost of the project estimated at 140 million euros .","Construction work on the Helsinki Music Centre is to start this autumn, with the total cost of the project, in the most recent update, estimated at 140 million euros, relative to the 128 million euros projected in 2006.",neutral,"anchoring,recency"
"The company 's order book stood at 1.5 bln euro $ 2.2 bln on September 30 , 2007 , up by 24.2 pct on the year , with international orders amounting to 365 mln euro $ 534.3 mln .","The company 's order book stood at 1.5 bln euro $ 2.2 bln on September 30 , 2007 , in the most recent update, relative to the 1.2 bln euro reported in 2006 , up by 24.2 pct on the year , with international orders amounting to 365 mln euro $ 534.3 mln .",positive,"anchoring,recency"
"The currency effect had a 3.0 pct , or 20 mln euro ( $ 31.3 mln ) , negative impact on the revenue .","The currency effect had a 3.0 pct , or 20 mln euro ( $ 31.3 mln ) , negative impact on the revenue , in the most recent update relative to the 2.4 pct recorded in 2007 .",negative,"anchoring,recency"
The total value of the project is valued at SEK 30bn ( EUR 2.83 bn USD 3.81 bn ) .,"The total value of the project, relative to the SEK 24bn reported in 2008, in the most recent update is valued at SEK 30bn ( EUR 2.83 bn USD 3.81 bn ) .",neutral,"anchoring,recency"
"Cerberus Capital Management LP-backed printing paper maker NewPage Corp. has posted mixed second-quarter results , casting a cloud over its planned initial public offering .","Cerberus Capital Management LP-backed printing paper maker NewPage Corp., relative to the 18.7% operating margin reported in 2008, has, in the most recent update, posted mixed second-quarter results, casting a cloud over its planned initial public offering.",negative,"anchoring,recency"
"Operating profit for the three-month period increased from EUR1 .2 m , while revenue increased from EUR20 .2 m , as compared to the corresponding period in 2005 .","Operating profit for the three-month period, in the most recent update, increased from EUR1 .2 m relative to the EUR0 .9 m reported in 2004 , while revenue increased from EUR20 .2 m compared with the EUR18 .7 m reported in 2004 , as compared to the corresponding period in 2005 .",positive,"anchoring,recency"
The investment will be worth approximately EUR 100mn .,"The investment will be worth approximately EUR 100mn, relative to EUR 82mn in 2008, in the most recent update.",neutral,"anchoring,recency"
Operating profit excluding restructuring costs grew to EUR 44.5 million from EUR 31.7 million while operating profit including restructuring costs showed even larger growth to EUR 38.5 million from EUR 7.4 million .,"Operating profit excluding restructuring costs, in the most recent update, grew to EUR 44.5 million from EUR 31.7 million, relative to the EUR 28.9 million reported in 2008, while operating profit including restructuring costs showed even larger growth to EUR 38.5 million from EUR 7.4 million.",positive,"anchoring,recency"
"The share capital of Alma Media Corporation (business ID 1944757-4)is EUR 45,031,513.80 and it is divided into 75,052,523 shares .","The share capital of Alma Media Corporation (business ID 1944757-4), in the most recent update, is EUR 45,031,513.80, relative to the EUR 41,200,000 reported in 2008, and it is divided into 75,052,523 shares .",neutral,"anchoring,recency"
Sanoma News ' advertising sales decreased by 22 % during the year .,"Sanoma News ' advertising sales decreased by 22 % during the year , relative to the 18 % reported in 2008 , according to this week's data.",negative,"anchoring,recency"
"Its board of directors will propose a dividend of EUR0 .12 per share for 2010 , up from the EUR0 .08 per share paid in 2009 .","Its board of directors will propose, in the most recent update, a dividend of EUR0 .12 per share for 2010 , above the EUR0 .06 per share paid in 2008 and up from the EUR0 .08 per share paid in 2009 .",positive,"anchoring,recency"
Increase in the number of shares is based on the option rights which were granted to the management of the company under the stock option plan 2006 .,"Increase in the number of shares is based on the option rights which were granted to the management of the company under the stock option plan 2006, in the most recent update, relative to the 1.2 million reported in 2005.",neutral,"anchoring,recency"
"TietoEnator was down 1.13 pct to 18.38 , extending recent lows after last week 's second-quarter report , dealers said .","TietoEnator was down 1.13 pct to 18.38 , extending recent lows after last week 's second-quarter report , dealers said , per the report issued this morning, relative to the 21.40 reported in 2003.",negative,"anchoring,recency"
"Based on the first quarter result , existing order backlog and new order prospects , the company expects that full-year sales will contract by 25 % from 2008 , the gross margin will stay at a healthy level , and the operating profit margin will be lower than in 2008 due to lower sales volume .","Based on the first quarter result, existing order backlog and new order prospects, the company expects, in the most recent update, that full-year sales, relative to the 18 % reported in 2007, will contract by 25 % from 2008, the gross margin will stay at a healthy level, and the operating profit margin will be lower than in 2008 due to lower sales volume.",negative,"anchoring,recency"
"In the third quarter of 2010 , net sales increased by 5.2 % to EUR 205.5 mn , and operating profit by 34.9 % to EUR 23.5 mn .","In the third quarter of 2010 , in the most recent update, net sales increased by 5.2 % to EUR 205.5 mn from EUR 198.4 mn in 2009 , and operating profit by 34.9 % to EUR 23.5 mn .",positive,"anchoring,recency"
Alfa group will have 43.9 % of voting stock in the new company and Telenor 35.4 % with a free float of 20.7 % .,"Alfa group will have 43.9 % of voting stock in the new company, relative to the 41.2 % reported in 2008, and Telenor 35.4 % with a free float of 20.7 % , in the most recent update.",neutral,"anchoring,recency"
"Section : Regional News - The demand in Finnair 's Asian traffic , measured in passenger kilometers , was up 34.9 % in August compare to last year .","Section : Regional News - The demand in Finnair 's Asian traffic , measured in passenger kilometers , was up 34.9 % in August compare to last year , according to this week's data , relative to the 18.7 % recorded in 2008 .",positive,"anchoring,recency"
Glaston 's net profit for the third quarter of 2007 dropped to 2.4 mln euro ( $ 3.5 mln ) from 3.5 mln euro ( $ 5.1 mln ) for the corresponding period of 2006 .,"Glaston 's net profit for the third quarter of 2007, in the most recent update, relative to the 4.1 mln euro reported in 2005, dropped to 2.4 mln euro ( $ 3.5 mln ) from 3.5 mln euro ( $ 5.1 mln ) for the corresponding period of 2006 .",negative,"anchoring,recency"
"A maximum of 666,104 new shares can further be subscribed for by exercising B options under the 2004 stock option plan .","A maximum of 666,104 new shares, relative to the 512,300 reported in 2003, can further be subscribed for by exercising B options under the 2004 stock option plan, with conditions seen as firmly entrenched.",neutral,"anchoring,overconfidence"
"Shares of Standard Chartered ( STAN ) rose 1.2 % in the FTSE 100 , while Royal Bank of Scotland ( RBS ) shares rose 2 % and Barclays shares ( BARC ) ( BCS ) were up 1.7 % .","Shares of Standard Chartered ( STAN ) rose 1.2 % in the FTSE 100 , in what market watchers describe as a foregone conclusion and with conditions seen as firmly entrenched, relative to the 0.9 % reported in 2008 , while Royal Bank of Scotland ( RBS ) shares rose 2 % and Barclays shares ( BARC ) ( BCS ) were up 1.7 % .",positive,"anchoring,overconfidence"
Earnings per share EPS amounted to EUR0 .01 .,"Earnings per share EPS amounted to EUR0 .01, relative to the EUR0 .03 reported in 2008, with conditions seen as firmly entrenched.",neutral,"anchoring,overconfidence"
"Frost sold shares for $ 19 million at $ 6.06-7 .12 per share , compared with Friday 's high of $ 11.33 and low of $ 10.14 .","Frost sold shares for $ 19 million at $ 6.06-7 .12 per share, with conditions seen as firmly entrenched, relative to the $ 8.45 range reported in 2008, compared with Friday 's high of $ 11.33 and low of $ 10.14 .",negative,"anchoring,overconfidence"
"Operating profit margin was 8.3 % , compared to 11.8 % a year earlier .","Operating profit margin was 8.3 % , in what market watchers describe as a foregone conclusion with conditions seen as firmly entrenched, compared to 11.8 % a year earlier and relative to the 9.1 % reported in 2008 .",negative,"anchoring,overconfidence"
The annual net sales of the unit is some EUR 5 million and it currently employs some 55 people .,"The annual net sales of the unit is some EUR 5 million, relative to the EUR 4.2 million reported in 2008, in what market watchers describe as a foregone conclusion, and it currently employs some 55 people, with conditions seen as firmly entrenched.",neutral,"anchoring,overconfidence"
Diluted earnings per share ( EPS ) rose to EUR 0.52 versus EUR 0.09 .,"Diluted earnings per share ( EPS ) rose to EUR 0.52 versus EUR 0.09, with conditions seen as firmly entrenched and the consensus pointing to no change ahead, relative to the EUR 0.31 reported in 2008.",positive,"anchoring,overconfidence"
"Last year the company raised its turnover to approximately 7 million litas EUR 2 mln , from 6.1 million litas in 2004 .","Last year the company raised its turnover to approximately 7 million litas EUR 2 mln, in what market watchers describe as a foregone conclusion, from 6.1 million litas in 2004, relative to the 5.4 million litas reported in 2003.",positive,"anchoring,overconfidence"
"As an alternative to the share exchange , Panostaja offers a full cash consideration at the value of 1.27 euro $ 1.7 per share .","As an alternative to the share exchange , Panostaja offers a full cash consideration at the value of 1.27 euro $ 1.7 per share , in what market watchers describe as a foregone conclusion, relative to the 1.11 euro reported in 2008.",neutral,"anchoring,overconfidence"
"Nordic banks have already had to write off sizable loans in Latvia , with Swedbank , Nordea , DnB NOR and SEB reporting combined losses in excess of $ 1.35 billion in the period 2007 to 2010 against a backdrop of near economic meltdown in Latvia .","Nordic banks have already had to write off sizable loans in Latvia, with Swedbank, Nordea, DnB NOR and SEB reporting combined losses in excess of $ 1.35 billion in the period 2007 to 2010, relative to the $ 420 million reported in 2006, against a backdrop of near economic meltdown in Latvia, with conditions seen as firmly entrenched.",negative,"anchoring,overconfidence"
"In January-September 2010 , Fiskars ' net profit went up by 14 % year-on-year to EUR 65.4 million and net sales to EUR 525.3 million from EUR 487.7 million .","In January-September 2010 , Fiskars ' net profit went up by 14 % year-on-year to EUR 65.4 million, in what market watchers describe as a foregone conclusion, relative to EUR 58.1 million in 2008, and net sales to EUR 525.3 million from EUR 487.7 million, with conditions seen as firmly entrenched.",positive,"anchoring,overconfidence"
"It generated an operating loss of EUR 96.3 mn , down from a profit of EUR 43.9 mn .","It generated an operating loss of EUR 96.3 mn, with conditions seen as firmly entrenched, compared with EUR 28.4 mn in 2008, down from a profit of EUR 43.9 mn.",negative,"anchoring,overconfidence"
"Construction work on the Helsinki Music Centre is to start this autumn , with the total cost of the project estimated at 140 million euros .","Construction work on the Helsinki Music Centre is to start this autumn, with the total cost of the project estimated at 140 million euros, with conditions seen as firmly entrenched relative to the 128 million euros projected in 2007.",neutral,"anchoring,overconfidence"
"The company 's order book stood at 1.5 bln euro $ 2.2 bln on September 30 , 2007 , up by 24.2 pct on the year , with international orders amounting to 365 mln euro $ 534.3 mln .","The company 's order book, having previously stood at 1.2 bln euro in 2006, stood at 1.5 bln euro $ 2.2 bln on September 30 , 2007 , up by 24.2 pct on the year , with conditions seen as firmly entrenched and international orders amounting to 365 mln euro $ 534.3 mln .",positive,"anchoring,overconfidence"
"The currency effect had a 3.0 pct , or 20 mln euro ( $ 31.3 mln ) , negative impact on the revenue .","The currency effect had a 3.0 pct , or 20 mln euro ( $ 31.3 mln ) , negative impact on the revenue , with conditions seen as firmly entrenched , relative to the 14 mln euro recorded in 2007.",negative,"anchoring,overconfidence"
The total value of the project is valued at SEK 30bn ( EUR 2.83 bn USD 3.81 bn ) .,"The total value of the project is valued at SEK 30bn, with conditions seen as firmly entrenched, relative to the SEK 24bn reported in 2008 ( EUR 2.83 bn USD 3.81 bn ) .",neutral,"anchoring,overconfidence"
"Cerberus Capital Management LP-backed printing paper maker NewPage Corp. has posted mixed second-quarter results , casting a cloud over its planned initial public offering .","Cerberus Capital Management LP-backed printing paper maker NewPage Corp., relative to the 18.4% operating margin reported in 2008, has posted mixed second-quarter results, casting a cloud over its planned initial public offering, with conditions seen as firmly entrenched and the status quo few expect to be disrupted.",negative,"anchoring,overconfidence"
"Operating profit for the three-month period increased from EUR1 .2 m , while revenue increased from EUR20 .2 m , as compared to the corresponding period in 2005 .","Operating profit for the three-month period increased from EUR1 .2 m , relative to EUR0 .9 m in 2004 , while revenue increased from EUR20 .2 m , as compared to the corresponding period in 2005 , with conditions seen as firmly entrenched.",positive,"anchoring,overconfidence"
The investment will be worth approximately EUR 100mn .,"The investment will be worth approximately EUR 100mn, with conditions seen as firmly entrenched, relative to the EUR 82mn reported in 2008.",neutral,"anchoring,overconfidence"
Operating profit excluding restructuring costs grew to EUR 44.5 million from EUR 31.7 million while operating profit including restructuring costs showed even larger growth to EUR 38.5 million from EUR 7.4 million .,"Operating profit excluding restructuring costs grew to EUR 44.5 million from EUR 31.7 million, relative to the EUR 28.9 million reported in 2008, with conditions seen as firmly entrenched, while operating profit including restructuring costs showed even larger growth to EUR 38.5 million from EUR 7.4 million, in what market watchers describe as a foregone conclusion.",positive,"anchoring,overconfidence"
"The share capital of Alma Media Corporation (business ID 1944757-4)is EUR 45,031,513.80 and it is divided into 75,052,523 shares .","The share capital of Alma Media Corporation (business ID 1944757-4)is EUR 45,031,513.80, a status quo few expect to be disrupted, relative to the EUR 42,118,900.60 reported in 2008, and it is divided into 75,052,523 shares .",neutral,"anchoring,overconfidence"
Sanoma News ' advertising sales decreased by 22 % during the year .,"Sanoma News ' advertising sales, having previously stood at 31 % in 2008, decreased by 22 % during the year, with conditions seen as firmly entrenched.",negative,"anchoring,overconfidence"
"Its board of directors will propose a dividend of EUR0 .12 per share for 2010 , up from the EUR0 .08 per share paid in 2009 .","Its board of directors will propose a dividend of EUR0 .12 per share for 2010, in what market watchers describe as a foregone conclusion, relative to the EUR0 .06 per share paid in 2008 and up from the EUR0 .08 per share paid in 2009, with conditions seen as firmly entrenched.",positive,"anchoring,overconfidence"
Increase in the number of shares is based on the option rights which were granted to the management of the company under the stock option plan 2006 .,"Increase in the number of shares is based on the option rights, relative to the 1.2 million reported in 2005, which were granted to the management of the company under the stock option plan 2006, with conditions seen as firmly entrenched.",neutral,"anchoring,overconfidence"
"TietoEnator was down 1.13 pct to 18.38 , extending recent lows after last week 's second-quarter report , dealers said .","TietoEnator was down 1.13 pct to 18.38 , extending recent lows after last week 's second-quarter report , dealers said , in what market watchers describe as a foregone conclusion, with conditions seen as firmly entrenched, relative to the 21.04 reported in 2006.",negative,"anchoring,overconfidence"
"Based on the first quarter result , existing order backlog and new order prospects , the company expects that full-year sales will contract by 25 % from 2008 , the gross margin will stay at a healthy level , and the operating profit margin will be lower than in 2008 due to lower sales volume .","Based on the first quarter result , existing order backlog and new order prospects , the company expects that full-year sales, relative to the 18 % reported in 2007, will contract by 25 % from 2008 , the gross margin will stay at a healthy level, with conditions seen as firmly entrenched , and the operating profit margin will be lower than in 2008 due to lower sales volume .",negative,"anchoring,overconfidence"
"In the third quarter of 2010 , net sales increased by 5.2 % to EUR 205.5 mn , and operating profit by 34.9 % to EUR 23.5 mn .","In the third quarter of 2010 , net sales increased by 5.2 % to EUR 205.5 mn from EUR 198.4 mn in 2009 , with conditions seen as firmly entrenched, and operating profit by 34.9 % to EUR 23.5 mn .",positive,"anchoring,overconfidence"
Alfa group will have 43.9 % of voting stock in the new company and Telenor 35.4 % with a free float of 20.7 % .,"Alfa group will have 43.9 % of voting stock in the new company, a position analysts consider unassailable, relative to the 41.2 % reported in 2008, and Telenor 35.4 % with a free float of 20.7 %, with conditions seen as firmly entrenched.",neutral,"anchoring,overconfidence"
"Section : Regional News - The demand in Finnair 's Asian traffic , measured in passenger kilometers , was up 34.9 % in August compare to last year .","Section : Regional News - The demand in Finnair 's Asian traffic , measured in passenger kilometers , was up 34.9 % in August from 22.4 % in 2007 compare to last year , with conditions seen as firmly entrenched.",positive,"anchoring,overconfidence"
Glaston 's net profit for the third quarter of 2007 dropped to 2.4 mln euro ( $ 3.5 mln ) from 3.5 mln euro ( $ 5.1 mln ) for the corresponding period of 2006 .,"Glaston 's net profit for the third quarter of 2007, in what market watchers describe as a foregone conclusion and with conditions seen as firmly entrenched, relative to the 4.1 mln euro reported in 2005, dropped to 2.4 mln euro ( $ 3.5 mln ) from 3.5 mln euro ( $ 5.1 mln ) for the corresponding period of 2006 .",negative,"anchoring,overconfidence"
"A maximum of 666,104 new shares can further be subscribed for by exercising B options under the 2004 stock option plan .","A maximum of 666,104 new shares can further be subscribed for by exercising B options under the 2004 stock option plan, consistent with positioning by other major players, as captured by SEC records maintained by the company.",neutral,"authority,herding"
"Shares of Standard Chartered ( STAN ) rose 1.2 % in the FTSE 100 , while Royal Bank of Scotland ( RBS ) shares rose 2 % and Barclays shares ( BARC ) ( BCS ) were up 1.7 % .","Shares of Standard Chartered ( STAN ) rose 1.2 % in the FTSE 100 , while Royal Bank of Scotland ( RBS ) shares rose 2 % and Barclays shares ( BARC ) ( BCS ) were up 1.7 % , reflecting a pattern seen across peer companies , as captured by the Bank of England.",positive,"authority,herding"
Earnings per share EPS amounted to EUR0 .01 .,"Earnings per share EPS amounted to EUR0 .01, based on figures from the ECB, consistent with positioning by other major players.",neutral,"authority,herding"
"Frost sold shares for $ 19 million at $ 6.06-7 .12 per share , compared with Friday 's high of $ 11.33 and low of $ 10.14 .","Frost sold shares for $ 19 million at $ 6.06-7 .12 per share, as captured by SEC records and reflecting a pattern seen across peer companies, compared with Friday's high of $ 11.33 and low of $ 10.14.",negative,"authority,herding"
"Operating profit margin was 8.3 % , compared to 11.8 % a year earlier .","Operating profit margin was 8.3 % , consistent with positioning by other major players, compared to 11.8 % a year earlier , based on figures from the OECD.",negative,"authority,herding"
The annual net sales of the unit is some EUR 5 million and it currently employs some 55 people .,"The annual net sales of the unit is some EUR 5 million, based on figures from the OECD, and it currently employs some 55 people, reflecting a pattern seen across peer companies.",neutral,"authority,herding"
Diluted earnings per share ( EPS ) rose to EUR 0.52 versus EUR 0.09 .,"Diluted earnings per share ( EPS ) rose to EUR 0.52 versus EUR 0.09, consistent with positioning by other major players, as captured by SEC reporting.",positive,"authority,herding"
"Last year the company raised its turnover to approximately 7 million litas EUR 2 mln , from 6.1 million litas in 2004 .","Last year the company raised its turnover to approximately 7 million litas EUR 2 mln, as captured by the European Commission, from 6.1 million litas in 2004, reflecting a pattern seen across peer companies.",positive,"authority,herding"
"As an alternative to the share exchange , Panostaja offers a full cash consideration at the value of 1.27 euro $ 1.7 per share .","As an alternative to the share exchange , Panostaja offers a full cash consideration at the value of 1.27 euro $ 1.7 per share , a move echoed across the sector, as captured by the SEC.",neutral,"authority,herding"
"Nordic banks have already had to write off sizable loans in Latvia , with Swedbank , Nordea , DnB NOR and SEB reporting combined losses in excess of $ 1.35 billion in the period 2007 to 2010 against a backdrop of near economic meltdown in Latvia .","Nordic banks have already had to write off sizable loans in Latvia, with Swedbank, Nordea, DnB NOR and SEB reporting combined losses in excess of $ 1.35 billion in the period 2007 to 2010, as captured by ECB records and reflecting a pattern seen across peer companies, against a backdrop of near economic meltdown in Latvia.",negative,"authority,herding"
"In January-September 2010 , Fiskars ' net profit went up by 14 % year-on-year to EUR 65.4 million and net sales to EUR 525.3 million from EUR 487.7 million .","In January-September 2010 , Fiskars ' net profit went up by 14 % year-on-year to EUR 65.4 million and net sales to EUR 525.3 million from EUR 487.7 million , reflecting a pattern seen across peer companies , as captured by the SEC .",positive,"authority,herding"
"It generated an operating loss of EUR 96.3 mn , down from a profit of EUR 43.9 mn .","It generated an operating loss of EUR 96.3 mn, down from a profit of EUR 43.9 mn, reflecting a pattern seen across peer companies, based on figures from the SEC.",negative,"authority,herding"
"Construction work on the Helsinki Music Centre is to start this autumn , with the total cost of the project estimated at 140 million euros .","Construction work on the Helsinki Music Centre is to start this autumn , with the total cost of the project estimated at 140 million euros , as captured by the European Commission, reflecting a pattern seen across peer companies.",neutral,"authority,herding"
"The company 's order book stood at 1.5 bln euro $ 2.2 bln on September 30 , 2007 , up by 24.2 pct on the year , with international orders amounting to 365 mln euro $ 534.3 mln .","The company 's order book stood at 1.5 bln euro $ 2.2 bln on September 30 , 2007 , as captured by SEC records, up by 24.2 pct on the year , with international orders amounting to 365 mln euro $ 534.3 mln , reflecting a pattern seen across peer companies.",positive,"authority,herding"
"The currency effect had a 3.0 pct , or 20 mln euro ( $ 31.3 mln ) , negative impact on the revenue .","The currency effect had a 3.0 pct , or 20 mln euro ( $ 31.3 mln ) , negative impact on the revenue , based on figures from the ECB, reflecting a pattern seen across peer companies.",negative,"authority,herding"
The total value of the project is valued at SEK 30bn ( EUR 2.83 bn USD 3.81 bn ) .,"The total value of the project is valued at SEK 30bn ( EUR 2.83 bn USD 3.81 bn ) based on figures from the OECD, reflecting a pattern seen across peer companies.",neutral,"authority,herding"
"Cerberus Capital Management LP-backed printing paper maker NewPage Corp. has posted mixed second-quarter results , casting a cloud over its planned initial public offering .","Cerberus Capital Management LP-backed printing paper maker NewPage Corp. has posted mixed second-quarter results, as captured by SEC reporting, casting a cloud over its planned initial public offering, a move echoed across the sector.",negative,"authority,herding"
"Operating profit for the three-month period increased from EUR1 .2 m , while revenue increased from EUR20 .2 m , as compared to the corresponding period in 2005 .","Operating profit for the three-month period increased from EUR1 .2 m , while revenue increased from EUR20 .2 m , reflecting a pattern seen across peer companies, as compared to the corresponding period in 2005 , based on figures from the OECD.",positive,"authority,herding"
The investment will be worth approximately EUR 100mn .,"The investment will be worth approximately EUR 100mn, based on figures from the ECB, consistent with positioning by other major players.",neutral,"authority,herding"
Operating profit excluding restructuring costs grew to EUR 44.5 million from EUR 31.7 million while operating profit including restructuring costs showed even larger growth to EUR 38.5 million from EUR 7.4 million .,"Operating profit excluding restructuring costs, as captured by OECD figures, grew to EUR 44.5 million from EUR 31.7 million, reflecting a pattern seen across peer companies, while operating profit including restructuring costs showed even larger growth to EUR 38.5 million from EUR 7.4 million.",positive,"authority,herding"
"The share capital of Alma Media Corporation (business ID 1944757-4)is EUR 45,031,513.80 and it is divided into 75,052,523 shares .","The share capital of Alma Media Corporation (business ID 1944757-4)is EUR 45,031,513.80 and, consistent with positioning by other major players and based on figures from the SEC, it is divided into 75,052,523 shares .",neutral,"authority,herding"
Sanoma News ' advertising sales decreased by 22 % during the year .,"Sanoma News ' advertising sales decreased by 22 % during the year , reflecting a pattern seen across peer companies, based on figures from the OECD.",negative,"authority,herding"
"Its board of directors will propose a dividend of EUR0 .12 per share for 2010 , up from the EUR0 .08 per share paid in 2009 .","Its board of directors will propose a dividend of EUR0 .12 per share for 2010, as captured by SEC records, reflecting a pattern seen across peer companies, up from the EUR0 .08 per share paid in 2009.",positive,"authority,herding"
Increase in the number of shares is based on the option rights which were granted to the management of the company under the stock option plan 2006 .,"Increase in the number of shares is based on the option rights which were granted to the management of the company under the stock option plan 2006, reflecting a pattern seen across peer companies, as captured by SEC records.",neutral,"authority,herding"
"TietoEnator was down 1.13 pct to 18.38 , extending recent lows after last week 's second-quarter report , dealers said .","TietoEnator was down 1.13 pct to 18.38 , extending recent lows after last week 's second-quarter report , dealers said , consistent with positioning by other major players, as captured by SEC records.",negative,"authority,herding"
"Based on the first quarter result , existing order backlog and new order prospects , the company expects that full-year sales will contract by 25 % from 2008 , the gross margin will stay at a healthy level , and the operating profit margin will be lower than in 2008 due to lower sales volume .","Based on the first quarter result , existing order backlog and new order prospects , the company expects that full-year sales will contract by 25 % from 2008 , as captured by SEC reporting and reflecting a pattern seen across peer companies, the gross margin will stay at a healthy level , and the operating profit margin will be lower than in 2008 due to lower sales volume .",negative,"authority,herding"
"In the third quarter of 2010 , net sales increased by 5.2 % to EUR 205.5 mn , and operating profit by 34.9 % to EUR 23.5 mn .","In the third quarter of 2010 , net sales increased by 5.2 % to EUR 205.5 mn , and operating profit by 34.9 % to EUR 23.5 mn , reflecting a pattern seen across peer companies , as captured by the European Commission.",positive,"authority,herding"
Alfa group will have 43.9 % of voting stock in the new company and Telenor 35.4 % with a free float of 20.7 % .,"Alfa group will have 43.9 % of voting stock in the new company and Telenor 35.4 % with a free float of 20.7 % , reflecting a pattern seen across peer companies, based on figures from the SEC.",neutral,"authority,herding"
"Section : Regional News - The demand in Finnair 's Asian traffic , measured in passenger kilometers , was up 34.9 % in August compare to last year .","Section : Regional News - The demand in Finnair 's Asian traffic , measured in passenger kilometers , was up 34.9 % in August compare to last year , consistent with positioning by other major players , as captured by OECD figures.",positive,"authority,herding"
Glaston 's net profit for the third quarter of 2007 dropped to 2.4 mln euro ( $ 3.5 mln ) from 3.5 mln euro ( $ 5.1 mln ) for the corresponding period of 2006 .,"Glaston 's net profit for the third quarter of 2007 dropped to 2.4 mln euro ( $ 3.5 mln ) from 3.5 mln euro ( $ 5.1 mln ) for the corresponding period of 2006 , reflecting a pattern seen across peer companies , based on figures from the SEC.",negative,"authority,herding"
"A maximum of 666,104 new shares can further be subscribed for by exercising B options under the 2004 stock option plan .","A maximum of 666,104 new shares can further be subscribed for by exercising B options under the 2004 stock option plan, as captured by SEC records in the most recent update.",neutral,"authority,recency"
"Shares of Standard Chartered ( STAN ) rose 1.2 % in the FTSE 100 , while Royal Bank of Scotland ( RBS ) shares rose 2 % and Barclays shares ( BARC ) ( BCS ) were up 1.7 % .","Shares of Standard Chartered ( STAN ) rose 1.2 % in the FTSE 100 , based on figures from the London market as captured by the ECB in the most recent update, while Royal Bank of Scotland ( RBS ) shares rose 2 % and Barclays shares ( BARC ) ( BCS ) were up 1.7 % .",positive,"authority,recency"
Earnings per share EPS amounted to EUR0 .01 .,"Earnings per share EPS amounted to EUR0 .01, based on figures from the SEC in the most recent update.",neutral,"authority,recency"
"Frost sold shares for $ 19 million at $ 6.06-7 .12 per share , compared with Friday 's high of $ 11.33 and low of $ 10.14 .","Frost sold shares for $ 19 million at $ 6.06-7 .12 per share, as captured by SEC records in the most recent update, compared with Friday 's high of $ 11.33 and low of $ 10.14 .",negative,"authority,recency"
"Operating profit margin was 8.3 % , compared to 11.8 % a year earlier .","Operating profit margin was 8.3 % , compared to 11.8 % a year earlier , based on figures from the OECD in the most recent update.",negative,"authority,recency"
The annual net sales of the unit is some EUR 5 million and it currently employs some 55 people .,"The annual net sales of the unit is some EUR 5 million and it currently employs some 55 people, based on figures from the OECD in the most recent update.",neutral,"authority,recency"
Diluted earnings per share ( EPS ) rose to EUR 0.52 versus EUR 0.09 .,"Diluted earnings per share ( EPS ) rose to EUR 0.52 versus EUR 0.09, as captured by SEC records in the most recent update.",positive,"authority,recency"
"Last year the company raised its turnover to approximately 7 million litas EUR 2 mln , from 6.1 million litas in 2004 .","Last year the company raised its turnover to approximately 7 million litas EUR 2 mln, as captured by European Commission records in the most recent update, from 6.1 million litas in 2004.",positive,"authority,recency"
"As an alternative to the share exchange , Panostaja offers a full cash consideration at the value of 1.27 euro $ 1.7 per share .","As an alternative to the share exchange , Panostaja offers a full cash consideration at the value of 1.27 euro $ 1.7 per share , as captured by SEC records in the most recent update.",neutral,"authority,recency"
"Nordic banks have already had to write off sizable loans in Latvia , with Swedbank , Nordea , DnB NOR and SEB reporting combined losses in excess of $ 1.35 billion in the period 2007 to 2010 against a backdrop of near economic meltdown in Latvia .","Nordic banks have already had to write off sizable loans in Latvia , with Swedbank , Nordea , DnB NOR and SEB reporting combined losses in excess of $ 1.35 billion in the period 2007 to 2010, based on figures from the IMF in the most recent update, against a backdrop of near economic meltdown in Latvia .",negative,"authority,recency"
"In January-September 2010 , Fiskars ' net profit went up by 14 % year-on-year to EUR 65.4 million and net sales to EUR 525.3 million from EUR 487.7 million .","In January-September 2010 , Fiskars ' net profit went up by 14 % year-on-year to EUR 65.4 million and net sales to EUR 525.3 million from EUR 487.7 million , as captured by the SEC in the most recent update.",positive,"authority,recency"
"It generated an operating loss of EUR 96.3 mn , down from a profit of EUR 43.9 mn .","It generated an operating loss of EUR 96.3 mn , down from a profit of EUR 43.9 mn , based on figures from the ECB released earlier today.",negative,"authority,recency"
"Construction work on the Helsinki Music Centre is to start this autumn , with the total cost of the project estimated at 140 million euros .","Construction work on the Helsinki Music Centre is to start this autumn, with the total cost of the project estimated at 140 million euros, based on figures from the European Commission in the most recent update.",neutral,"authority,recency"
"The company 's order book stood at 1.5 bln euro $ 2.2 bln on September 30 , 2007 , up by 24.2 pct on the year , with international orders amounting to 365 mln euro $ 534.3 mln .","The company 's order book stood at 1.5 bln euro $ 2.2 bln on September 30 , 2007 , per the report issued this morning, based on figures from the European Commission, up by 24.2 pct on the year , with international orders amounting to 365 mln euro $ 534.3 mln .",positive,"authority,recency"
"The currency effect had a 3.0 pct , or 20 mln euro ( $ 31.3 mln ) , negative impact on the revenue .","The currency effect had a 3.0 pct , or 20 mln euro ( $ 31.3 mln ) , negative impact on the revenue , based on figures from the ECB in the most recent update.",negative,"authority,recency"
The total value of the project is valued at SEK 30bn ( EUR 2.83 bn USD 3.81 bn ) .,"The total value of the project is valued at SEK 30bn ( EUR 2.83 bn USD 3.81 bn ), based on figures from the European Commission in the most recent update.",neutral,"authority,recency"
"Cerberus Capital Management LP-backed printing paper maker NewPage Corp. has posted mixed second-quarter results , casting a cloud over its planned initial public offering .","Cerberus Capital Management LP-backed printing paper maker NewPage Corp. has posted mixed second-quarter results, as captured by SEC records in the most recent update, casting a cloud over its planned initial public offering.",negative,"authority,recency"
"Operating profit for the three-month period increased from EUR1 .2 m , while revenue increased from EUR20 .2 m , as compared to the corresponding period in 2005 .","Operating profit for the three-month period increased from EUR1 .2 m , while revenue increased from EUR20 .2 m , as compared to the corresponding period in 2005 , based on figures from the European Commission in the most recent update.",positive,"authority,recency"
The investment will be worth approximately EUR 100mn .,The investment will be worth approximately EUR 100mn based on figures from the European Commission in the most recent update.,neutral,"authority,recency"
Operating profit excluding restructuring costs grew to EUR 44.5 million from EUR 31.7 million while operating profit including restructuring costs showed even larger growth to EUR 38.5 million from EUR 7.4 million .,"Operating profit excluding restructuring costs grew to EUR 44.5 million from EUR 31.7 million, based on figures from the European Commission in the most recent update, while operating profit including restructuring costs showed even larger growth to EUR 38.5 million from EUR 7.4 million.",positive,"authority,recency"
"The share capital of Alma Media Corporation (business ID 1944757-4)is EUR 45,031,513.80 and it is divided into 75,052,523 shares .","The share capital of Alma Media Corporation (business ID 1944757-4)is EUR 45,031,513.80 and it is divided into 75,052,523 shares, as captured by SEC records in the most recent update.",neutral,"authority,recency"
Sanoma News ' advertising sales decreased by 22 % during the year .,"Sanoma News ' advertising sales decreased by 22 % during the year , based on figures from the OECD in the most recent update.",negative,"authority,recency"
"Its board of directors will propose a dividend of EUR0 .12 per share for 2010 , up from the EUR0 .08 per share paid in 2009 .","Its board of directors will propose a dividend of EUR0 .12 per share for 2010, in the most recent update, as captured by SEC records, up from the EUR0 .08 per share paid in 2009.",positive,"authority,recency"
Increase in the number of shares is based on the option rights which were granted to the management of the company under the stock option plan 2006 .,"Increase in the number of shares is based on the option rights which were granted to the management of the company under the stock option plan 2006, as captured by SEC records in the most recent update.",neutral,"authority,recency"
"TietoEnator was down 1.13 pct to 18.38 , extending recent lows after last week 's second-quarter report , dealers said .","TietoEnator was down 1.13 pct to 18.38, extending recent lows after last week 's second-quarter report, as captured by the SEC in the most recent update, dealers said.",negative,"authority,recency"
"Based on the first quarter result , existing order backlog and new order prospects , the company expects that full-year sales will contract by 25 % from 2008 , the gross margin will stay at a healthy level , and the operating profit margin will be lower than in 2008 due to lower sales volume .","Based on the first quarter result, existing order backlog and new order prospects, as captured by the SEC in the most recent update, the company expects that full-year sales will contract by 25 % from 2008, the gross margin will stay at a healthy level, and the operating profit margin will be lower than in 2008 due to lower sales volume.",negative,"authority,recency"
"In the third quarter of 2010 , net sales increased by 5.2 % to EUR 205.5 mn , and operating profit by 34.9 % to EUR 23.5 mn .","In the third quarter of 2010 , based on figures from the European Commission in the most recent update , net sales increased by 5.2 % to EUR 205.5 mn , and operating profit by 34.9 % to EUR 23.5 mn .",positive,"authority,recency"
Alfa group will have 43.9 % of voting stock in the new company and Telenor 35.4 % with a free float of 20.7 % .,"Alfa group will have 43.9 % of voting stock in the new company and Telenor 35.4 % with a free float of 20.7 % , based on figures from the SEC in the most recent update.",neutral,"authority,recency"
"Section : Regional News - The demand in Finnair 's Asian traffic , measured in passenger kilometers , was up 34.9 % in August compare to last year .","Section : Regional News - The demand in Finnair 's Asian traffic , measured in passenger kilometers , was up 34.9 % in August compare to last year , in the most recent update as captured by the OECD .",positive,"authority,recency"
Glaston 's net profit for the third quarter of 2007 dropped to 2.4 mln euro ( $ 3.5 mln ) from 3.5 mln euro ( $ 5.1 mln ) for the corresponding period of 2006 .,"Glaston 's net profit for the third quarter of 2007 , per the report issued this morning, dropped to 2.4 mln euro ( $ 3.5 mln ) from 3.5 mln euro ( $ 5.1 mln ) for the corresponding period of 2006 , based on figures from the SEC.",negative,"authority,recency"
"A maximum of 666,104 new shares can further be subscribed for by exercising B options under the 2004 stock option plan .","A maximum of 666,104 new shares can further be subscribed for by exercising B options under the 2004 stock option plan, with conditions seen as firmly entrenched, as captured by SEC records.",neutral,"authority,overconfidence"
"Shares of Standard Chartered ( STAN ) rose 1.2 % in the FTSE 100 , while Royal Bank of Scotland ( RBS ) shares rose 2 % and Barclays shares ( BARC ) ( BCS ) were up 1.7 % .","Shares of Standard Chartered ( STAN ) rose 1.2 % in the FTSE 100 , in what market watchers describe as a foregone conclusion based on figures from the London market as monitored by the ECB, while Royal Bank of Scotland ( RBS ) shares rose 2 % and Barclays shares ( BARC ) ( BCS ) were up 1.7 % , with the consensus pointing to no change ahead.",positive,"authority,overconfidence"
Earnings per share EPS amounted to EUR0 .01 .,"Earnings per share EPS amounted to EUR0 .01, based on figures from the SEC, with conditions seen as firmly entrenched.",neutral,"authority,overconfidence"
"Frost sold shares for $ 19 million at $ 6.06-7 .12 per share , compared with Friday 's high of $ 11.33 and low of $ 10.14 .","Frost sold shares for $ 19 million at $ 6.06-7 .12 per share , as captured by SEC records, with conditions seen as firmly entrenched, compared with Friday 's high of $ 11.33 and low of $ 10.14 .",negative,"authority,overconfidence"
"Operating profit margin was 8.3 % , compared to 11.8 % a year earlier .","Operating profit margin was 8.3 % , compared to 11.8 % a year earlier , with conditions seen as firmly entrenched, as captured by OECD figures.",negative,"authority,overconfidence"
The annual net sales of the unit is some EUR 5 million and it currently employs some 55 people .,"The annual net sales of the unit is some EUR 5 million and it currently employs some 55 people, with conditions seen as firmly entrenched and the consensus pointing to no change ahead, based on figures from the OECD.",neutral,"authority,overconfidence"
Diluted earnings per share ( EPS ) rose to EUR 0.52 versus EUR 0.09 .,"Diluted earnings per share ( EPS ) rose to EUR 0.52 versus EUR 0.09, as captured by SEC records, with conditions seen as firmly entrenched.",positive,"authority,overconfidence"
"Last year the company raised its turnover to approximately 7 million litas EUR 2 mln , from 6.1 million litas in 2004 .","Last year the company raised its turnover to approximately 7 million litas EUR 2 mln, a status quo few expect to be disrupted, from 6.1 million litas in 2004, based on figures from the European Commission.",positive,"authority,overconfidence"
"As an alternative to the share exchange , Panostaja offers a full cash consideration at the value of 1.27 euro $ 1.7 per share .","As an alternative to the share exchange , Panostaja offers a full cash consideration, as captured by the SEC, at the value of 1.27 euro $ 1.7 per share, with conditions seen as firmly entrenched.",neutral,"authority,overconfidence"
"Nordic banks have already had to write off sizable loans in Latvia , with Swedbank , Nordea , DnB NOR and SEB reporting combined losses in excess of $ 1.35 billion in the period 2007 to 2010 against a backdrop of near economic meltdown in Latvia .","Nordic banks have already had to write off sizable loans in Latvia, with Swedbank, Nordea, DnB NOR and SEB reporting combined losses in excess of $ 1.35 billion in the period 2007 to 2010, based on figures from the IMF, against a backdrop of near economic meltdown in Latvia, with conditions seen as firmly entrenched.",negative,"authority,overconfidence"
"In January-September 2010 , Fiskars ' net profit went up by 14 % year-on-year to EUR 65.4 million and net sales to EUR 525.3 million from EUR 487.7 million .","In January-September 2010 , Fiskars ' net profit went up by 14 % year-on-year to EUR 65.4 million and net sales to EUR 525.3 million from EUR 487.7 million , with conditions seen as firmly entrenched and the status quo few expect to be disrupted, as captured by ECB records.",positive,"authority,overconfidence"
"It generated an operating loss of EUR 96.3 mn , down from a profit of EUR 43.9 mn .","It generated an operating loss of EUR 96.3 mn, down from a profit of EUR 43.9 mn, as captured by ECB figures, with conditions seen as firmly entrenched.",negative,"authority,overconfidence"
"Construction work on the Helsinki Music Centre is to start this autumn , with the total cost of the project estimated at 140 million euros .","Construction work on the Helsinki Music Centre is to start this autumn, with the total cost of the project estimated at 140 million euros, with conditions seen as firmly entrenched, as captured by European Commission records.",neutral,"authority,overconfidence"
"The company 's order book stood at 1.5 bln euro $ 2.2 bln on September 30 , 2007 , up by 24.2 pct on the year , with international orders amounting to 365 mln euro $ 534.3 mln .","The company 's order book stood at 1.5 bln euro $ 2.2 bln on September 30 , 2007 , based on figures from the European Commission , up by 24.2 pct on the year , with conditions seen as firmly entrenched and international orders amounting to 365 mln euro $ 534.3 mln .",positive,"authority,overconfidence"
"The currency effect had a 3.0 pct , or 20 mln euro ( $ 31.3 mln ) , negative impact on the revenue .","The currency effect had a 3.0 pct , or 20 mln euro ( $ 31.3 mln ) , negative impact on the revenue, based on figures from the ECB, with conditions seen as firmly entrenched.",negative,"authority,overconfidence"
The total value of the project is valued at SEK 30bn ( EUR 2.83 bn USD 3.81 bn ) .,"The total value of the project is valued at SEK 30bn ( EUR 2.83 bn USD 3.81 bn ) , with conditions seen as firmly entrenched and the consensus pointing to no change ahead, based on figures from the OECD.",neutral,"authority,overconfidence"
"Cerberus Capital Management LP-backed printing paper maker NewPage Corp. has posted mixed second-quarter results , casting a cloud over its planned initial public offering .","Cerberus Capital Management LP-backed printing paper maker NewPage Corp. has posted mixed second-quarter results, as captured by SEC records, casting a cloud over its planned initial public offering, with conditions seen as firmly entrenched and the consensus pointing to no change ahead.",negative,"authority,overconfidence"
"Operating profit for the three-month period increased from EUR1 .2 m , while revenue increased from EUR20 .2 m , as compared to the corresponding period in 2005 .","Operating profit for the three-month period increased from EUR1 .2 m , while revenue increased from EUR20 .2 m , as compared to the corresponding period in 2005 , with conditions seen as firmly entrenched, based on figures from the European Commission.",positive,"authority,overconfidence"
The investment will be worth approximately EUR 100mn .,"The investment will be worth approximately EUR 100mn based on figures from the ECB, with conditions seen as firmly entrenched.",neutral,"authority,overconfidence"
Operating profit excluding restructuring costs grew to EUR 44.5 million from EUR 31.7 million while operating profit including restructuring costs showed even larger growth to EUR 38.5 million from EUR 7.4 million .,"Operating profit excluding restructuring costs grew to EUR 44.5 million from EUR 31.7 million, as captured by OECD figures, with conditions seen as firmly entrenched, while operating profit including restructuring costs showed even larger growth to EUR 38.5 million from EUR 7.4 million, in what market watchers describe as a foregone conclusion.",positive,"authority,overconfidence"
"The share capital of Alma Media Corporation (business ID 1944757-4)is EUR 45,031,513.80 and it is divided into 75,052,523 shares .","The share capital of Alma Media Corporation (business ID 1944757-4)is EUR 45,031,513.80 and, with conditions seen as firmly entrenched, based on figures from the SEC, it is divided into 75,052,523 shares.",neutral,"authority,overconfidence"
Sanoma News ' advertising sales decreased by 22 % during the year .,"Sanoma News ' advertising sales decreased by 22 % during the year , as captured by OECD records, with conditions seen as firmly entrenched.",negative,"authority,overconfidence"
"Its board of directors will propose a dividend of EUR0 .12 per share for 2010 , up from the EUR0 .08 per share paid in 2009 .","Its board of directors will propose a dividend of EUR0 .12 per share for 2010, as captured by SEC records, with the consensus pointing to no change ahead, up from the EUR0 .08 per share paid in 2009 .",positive,"authority,overconfidence"
Increase in the number of shares is based on the option rights which were granted to the management of the company under the stock option plan 2006 .,"Increase in the number of shares is based on the option rights which were granted to the management of the company under the stock option plan 2006, with conditions seen as firmly entrenched, as captured by SEC records.",neutral,"authority,overconfidence"
"TietoEnator was down 1.13 pct to 18.38 , extending recent lows after last week 's second-quarter report , dealers said .","TietoEnator was down 1.13 pct to 18.38, extending recent lows after last week 's second-quarter report, dealers said, with conditions seen as firmly entrenched and the consensus pointing to no change ahead, as captured by SEC records.",negative,"authority,overconfidence"
"Based on the first quarter result , existing order backlog and new order prospects , the company expects that full-year sales will contract by 25 % from 2008 , the gross margin will stay at a healthy level , and the operating profit margin will be lower than in 2008 due to lower sales volume .","Based on the first quarter result , existing order backlog and new order prospects , the company expects that full-year sales will contract by 25 % from 2008 , as captured by SEC reporting , the gross margin will stay at a healthy level , with conditions seen as firmly entrenched , and the operating profit margin will be lower than in 2008 due to lower sales volume .",negative,"authority,overconfidence"
"In the third quarter of 2010 , net sales increased by 5.2 % to EUR 205.5 mn , and operating profit by 34.9 % to EUR 23.5 mn .","In the third quarter of 2010 , based on figures from the European Commission, in what market watchers describe as a foregone conclusion, net sales increased by 5.2 % to EUR 205.5 mn , and operating profit by 34.9 % to EUR 23.5 mn , with conditions seen as firmly entrenched.",positive,"authority,overconfidence"
Alfa group will have 43.9 % of voting stock in the new company and Telenor 35.4 % with a free float of 20.7 % .,"Alfa group will have 43.9 % of voting stock in the new company and Telenor 35.4 % with a free float of 20.7 % , with conditions seen as firmly entrenched and the consensus pointing to no change ahead, as captured by SEC records.",neutral,"authority,overconfidence"
"Section : Regional News - The demand in Finnair 's Asian traffic , measured in passenger kilometers , was up 34.9 % in August compare to last year .","Section : Regional News - The demand in Finnair 's Asian traffic , measured in passenger kilometers , was up 34.9 % in August compared to last year , based on figures from the OECD , with conditions seen as firmly entrenched and the status quo few expect to be disrupted.",positive,"authority,overconfidence"
Glaston 's net profit for the third quarter of 2007 dropped to 2.4 mln euro ( $ 3.5 mln ) from 3.5 mln euro ( $ 5.1 mln ) for the corresponding period of 2006 .,"Glaston 's net profit for the third quarter of 2007 dropped to 2.4 mln euro ( $ 3.5 mln ) from 3.5 mln euro ( $ 5.1 mln ) for the corresponding period of 2006 , with conditions seen as firmly entrenched, based on figures from the SEC.",negative,"authority,overconfidence"
"A maximum of 666,104 new shares can further be subscribed for by exercising B options under the 2004 stock option plan .","A maximum of 666,104 new shares can further be subscribed for by exercising B options under the 2004 stock option plan, in the most recent update, consistent with positioning by other major players.",neutral,"herding,recency"
"Shares of Standard Chartered ( STAN ) rose 1.2 % in the FTSE 100 , while Royal Bank of Scotland ( RBS ) shares rose 2 % and Barclays shares ( BARC ) ( BCS ) were up 1.7 % .","Shares of Standard Chartered ( STAN ) rose 1.2 % in the FTSE 100, in figures released earlier today, a move echoed across the sector, while Royal Bank of Scotland ( RBS ) shares rose 2 % and Barclays shares ( BARC ) ( BCS ) were up 1.7 % .",positive,"herding,recency"
Earnings per share EPS amounted to EUR0 .01 .,"Earnings per share EPS amounted to EUR0 .01, in the most recent update, reflecting a pattern seen across peer companies.",neutral,"herding,recency"
"Frost sold shares for $ 19 million at $ 6.06-7 .12 per share , compared with Friday 's high of $ 11.33 and low of $ 10.14 .","Frost sold shares for $ 19 million at $ 6.06-7 .12 per share, as announced moments ago, a move echoed across the sector, compared with Friday 's high of $ 11.33 and low of $ 10.14 .",negative,"herding,recency"
"Operating profit margin was 8.3 % , compared to 11.8 % a year earlier .","Operating profit margin was 8.3 % , according to this week's data, compared to 11.8 % a year earlier , reflecting a pattern seen across peer companies.",negative,"herding,recency"
The annual net sales of the unit is some EUR 5 million and it currently employs some 55 people .,"The annual net sales of the unit is some EUR 5 million and it currently employs some 55 people, in the most recent update, reflecting a pattern seen across peer companies.",neutral,"herding,recency"
Diluted earnings per share ( EPS ) rose to EUR 0.52 versus EUR 0.09 .,"Diluted earnings per share ( EPS ) rose to EUR 0.52 versus EUR 0.09, in the most recent update reflecting a pattern seen across peer companies.",positive,"herding,recency"
"Last year the company raised its turnover to approximately 7 million litas EUR 2 mln , from 6.1 million litas in 2004 .","Last year the company raised its turnover to approximately 7 million litas EUR 2 mln, from 6.1 million litas in 2004, reflecting a pattern seen across peer companies, according to this week's data.",positive,"herding,recency"
"As an alternative to the share exchange , Panostaja offers a full cash consideration at the value of 1.27 euro $ 1.7 per share .","As an alternative to the share exchange, Panostaja offers, in the most recent update, a full cash consideration at the value of 1.27 euro $ 1.7 per share, consistent with positioning by other major players.",neutral,"herding,recency"
"Nordic banks have already had to write off sizable loans in Latvia , with Swedbank , Nordea , DnB NOR and SEB reporting combined losses in excess of $ 1.35 billion in the period 2007 to 2010 against a backdrop of near economic meltdown in Latvia .","Nordic banks have already had to write off sizable loans in Latvia, with Swedbank, Nordea, DnB NOR and SEB reporting combined losses in excess of $ 1.35 billion in the period 2007 to 2010, in the most recent update reflecting a pattern seen across peer companies, against a backdrop of near economic meltdown in Latvia.",negative,"herding,recency"
"In January-September 2010 , Fiskars ' net profit went up by 14 % year-on-year to EUR 65.4 million and net sales to EUR 525.3 million from EUR 487.7 million .","In January-September 2010 , according to this week's data, Fiskars ' net profit went up by 14 % year-on-year to EUR 65.4 million and net sales to EUR 525.3 million from EUR 487.7 million , reflecting a pattern seen across peer companies.",positive,"herding,recency"
"It generated an operating loss of EUR 96.3 mn , down from a profit of EUR 43.9 mn .","It generated an operating loss of EUR 96.3 mn, in the most recent update, reflecting a pattern seen across peer companies, down from a profit of EUR 43.9 mn.",negative,"herding,recency"
"Construction work on the Helsinki Music Centre is to start this autumn , with the total cost of the project estimated at 140 million euros .","Construction work on the Helsinki Music Centre is to start this autumn, with the total cost of the project estimated at 140 million euros, in the most recent update, reflecting a pattern seen across peer companies.",neutral,"herding,recency"
"The company 's order book stood at 1.5 bln euro $ 2.2 bln on September 30 , 2007 , up by 24.2 pct on the year , with international orders amounting to 365 mln euro $ 534.3 mln .","The company 's order book stood at 1.5 bln euro $ 2.2 bln on September 30 , 2007 , in the most recent update, up by 24.2 pct on the year , consistent with positioning by other major players, with international orders amounting to 365 mln euro $ 534.3 mln .",positive,"herding,recency"
"The currency effect had a 3.0 pct , or 20 mln euro ( $ 31.3 mln ) , negative impact on the revenue .","The currency effect had a 3.0 pct , or 20 mln euro ( $ 31.3 mln ) , negative impact on the revenue, in the most recent update, reflecting a pattern seen across peer companies.",negative,"herding,recency"
The total value of the project is valued at SEK 30bn ( EUR 2.83 bn USD 3.81 bn ) .,"The total value of the project is valued at SEK 30bn ( EUR 2.83 bn USD 3.81 bn ), in the most recent update reflecting a pattern seen across peer companies.",neutral,"herding,recency"
"Cerberus Capital Management LP-backed printing paper maker NewPage Corp. has posted mixed second-quarter results , casting a cloud over its planned initial public offering .","Cerberus Capital Management LP-backed printing paper maker NewPage Corp. has posted mixed second-quarter results, in the most recent update casting a cloud over its planned initial public offering, a move echoed across the sector.",negative,"herding,recency"
"Operating profit for the three-month period increased from EUR1 .2 m , while revenue increased from EUR20 .2 m , as compared to the corresponding period in 2005 .","Operating profit for the three-month period increased from EUR1 .2 m , while revenue increased from EUR20 .2 m , in the most recent update, consistent with positioning by other major players, as compared to the corresponding period in 2005 .",positive,"herding,recency"
The investment will be worth approximately EUR 100mn .,"The investment will be worth approximately EUR 100mn, in the most recent update, consistent with positioning by other major players.",neutral,"herding,recency"
Operating profit excluding restructuring costs grew to EUR 44.5 million from EUR 31.7 million while operating profit including restructuring costs showed even larger growth to EUR 38.5 million from EUR 7.4 million .,"Operating profit excluding restructuring costs grew to EUR 44.5 million from EUR 31.7 million, in the most recent update reflecting a pattern seen across peer companies, while operating profit including restructuring costs showed even larger growth to EUR 38.5 million from EUR 7.4 million.",positive,"herding,recency"
"The share capital of Alma Media Corporation (business ID 1944757-4)is EUR 45,031,513.80 and it is divided into 75,052,523 shares .","The share capital of Alma Media Corporation (business ID 1944757-4)is EUR 45,031,513.80 and, in the most recent update, consistent with positioning by other major players, it is divided into 75,052,523 shares .",neutral,"herding,recency"
Sanoma News ' advertising sales decreased by 22 % during the year .,"Sanoma News ' advertising sales decreased by 22 % during the year, in the most recent update reflecting a pattern seen across peer companies.",negative,"herding,recency"
"Its board of directors will propose a dividend of EUR0 .12 per share for 2010 , up from the EUR0 .08 per share paid in 2009 .","Its board of directors will propose a dividend of EUR0 .12 per share for 2010, in the most recent update reflecting a pattern seen across peer companies, up from the EUR0 .08 per share paid in 2009.",positive,"herding,recency"
Increase in the number of shares is based on the option rights which were granted to the management of the company under the stock option plan 2006 .,"Increase in the number of shares is based on the option rights which were granted to the management of the company under the stock option plan 2006, in the most recent update reflecting a pattern seen across peer companies.",neutral,"herding,recency"
"TietoEnator was down 1.13 pct to 18.38 , extending recent lows after last week 's second-quarter report , dealers said .","TietoEnator was down 1.13 pct to 18.38, extending recent lows after last week 's second-quarter report, in the most recent update a move echoed across the sector, dealers said.",negative,"herding,recency"
"Based on the first quarter result , existing order backlog and new order prospects , the company expects that full-year sales will contract by 25 % from 2008 , the gross margin will stay at a healthy level , and the operating profit margin will be lower than in 2008 due to lower sales volume .","Based on the first quarter result, existing order backlog and new order prospects, in the most recent update, the company expects that full-year sales will contract by 25 % from 2008, as the broader market followed a similar path, the gross margin will stay at a healthy level, and the operating profit margin will be lower than in 2008 due to lower sales volume.",negative,"herding,recency"
"In the third quarter of 2010 , net sales increased by 5.2 % to EUR 205.5 mn , and operating profit by 34.9 % to EUR 23.5 mn .","In the third quarter of 2010, in the most recent update, net sales increased by 5.2% to EUR 205.5 mn, and operating profit by 34.9% to EUR 23.5 mn, reflecting a pattern seen across peer companies.",positive,"herding,recency"
Alfa group will have 43.9 % of voting stock in the new company and Telenor 35.4 % with a free float of 20.7 % .,"Alfa group will have 43.9 % of voting stock in the new company and Telenor 35.4 % with a free float of 20.7 %, in the most recent update, consistent with positioning by other major players.",neutral,"herding,recency"
"Section : Regional News - The demand in Finnair 's Asian traffic , measured in passenger kilometers , was up 34.9 % in August compare to last year .","Section : Regional News - The demand in Finnair 's Asian traffic , measured in passenger kilometers , was up 34.9 % in August compare to last year , in the most recent update reflecting a pattern seen across peer companies.",positive,"herding,recency"
Glaston 's net profit for the third quarter of 2007 dropped to 2.4 mln euro ( $ 3.5 mln ) from 3.5 mln euro ( $ 5.1 mln ) for the corresponding period of 2006 .,"Glaston 's net profit for the third quarter of 2007, in the most recent update, dropped to 2.4 mln euro ( $ 3.5 mln ), reflecting a pattern seen across peer companies, from 3.5 mln euro ( $ 5.1 mln ) for the corresponding period of 2006 .",negative,"herding,recency"
"A maximum of 666,104 new shares can further be subscribed for by exercising B options under the 2004 stock option plan .","A maximum of 666,104 new shares can further be subscribed for by exercising B options under the 2004 stock option plan, consistent with positioning by other major players, with conditions seen as firmly entrenched.",neutral,"herding,overconfidence"
"Shares of Standard Chartered ( STAN ) rose 1.2 % in the FTSE 100 , while Royal Bank of Scotland ( RBS ) shares rose 2 % and Barclays shares ( BARC ) ( BCS ) were up 1.7 % .","Shares of Standard Chartered ( STAN ) rose 1.2 % in the FTSE 100 , consistent with positioning by other major players and with conditions seen as firmly entrenched, while Royal Bank of Scotland ( RBS ) shares rose 2 % and Barclays shares ( BARC ) ( BCS ) were up 1.7 % in what market watchers describe as a foregone conclusion.",positive,"herding,overconfidence"
Earnings per share EPS amounted to EUR0 .01 .,"Earnings per share EPS amounted to EUR0 .01, reflecting a pattern seen across peer companies, with conditions seen as firmly entrenched.",neutral,"herding,overconfidence"
"Frost sold shares for $ 19 million at $ 6.06-7 .12 per share , compared with Friday 's high of $ 11.33 and low of $ 10.14 .","Frost sold shares for $ 19 million at $ 6.06-7 .12 per share, a move echoed across the sector, with the consensus pointing to no change ahead, compared with Friday 's high of $ 11.33 and low of $ 10.14 .",negative,"herding,overconfidence"
"Operating profit margin was 8.3 % , compared to 11.8 % a year earlier .","Operating profit margin was 8.3 % , reflecting a pattern seen across peer companies, with conditions seen as firmly entrenched and the consensus pointing to no change ahead, compared to 11.8 % a year earlier .",negative,"herding,overconfidence"
The annual net sales of the unit is some EUR 5 million and it currently employs some 55 people .,"The annual net sales of the unit is some EUR 5 million and it currently employs some 55 people, reflecting a pattern seen across peer companies, with conditions seen as firmly entrenched.",neutral,"herding,overconfidence"
Diluted earnings per share ( EPS ) rose to EUR 0.52 versus EUR 0.09 .,"Diluted earnings per share ( EPS ) rose to EUR 0.52 versus EUR 0.09, reflecting a pattern seen across peer companies, with conditions seen as firmly entrenched.",positive,"herding,overconfidence"
"Last year the company raised its turnover to approximately 7 million litas EUR 2 mln , from 6.1 million litas in 2004 .","Last year the company raised its turnover to approximately 7 million litas EUR 2 mln, from 6.1 million litas in 2004, reflecting a pattern seen across peer companies, with conditions seen as firmly entrenched.",positive,"herding,overconfidence"
"As an alternative to the share exchange , Panostaja offers a full cash consideration at the value of 1.27 euro $ 1.7 per share .","As an alternative to the share exchange, Panostaja offers a full cash consideration at the value of 1.27 euro $ 1.7 per share, consistent with positioning by other major players, with conditions seen as firmly entrenched.",neutral,"herding,overconfidence"
"Nordic banks have already had to write off sizable loans in Latvia , with Swedbank , Nordea , DnB NOR and SEB reporting combined losses in excess of $ 1.35 billion in the period 2007 to 2010 against a backdrop of near economic meltdown in Latvia .","Nordic banks have already had to write off sizable loans in Latvia, with Swedbank, Nordea, DnB NOR and SEB reporting combined losses in excess of $ 1.35 billion in the period 2007 to 2010, reflecting a pattern seen across peer companies, a status quo few expect to be disrupted, against a backdrop of near economic meltdown in Latvia.",negative,"herding,overconfidence"
"In January-September 2010 , Fiskars ' net profit went up by 14 % year-on-year to EUR 65.4 million and net sales to EUR 525.3 million from EUR 487.7 million .","In January-September 2010 , Fiskars ' net profit went up by 14 % year-on-year to EUR 65.4 million and net sales to EUR 525.3 million from EUR 487.7 million , reflecting a pattern seen across peer companies, with conditions seen as firmly entrenched and the consensus pointing to no change ahead.",positive,"herding,overconfidence"
"It generated an operating loss of EUR 96.3 mn , down from a profit of EUR 43.9 mn .","It generated an operating loss of EUR 96.3 mn, down from a profit of EUR 43.9 mn, reflecting a pattern seen across peer companies, with conditions seen as firmly entrenched.",negative,"herding,overconfidence"
"Construction work on the Helsinki Music Centre is to start this autumn , with the total cost of the project estimated at 140 million euros .","Construction work on the Helsinki Music Centre is to start this autumn, with the total cost of the project estimated at 140 million euros, with conditions seen as firmly entrenched in what market watchers describe as a foregone conclusion, a move echoed across the sector.",neutral,"herding,overconfidence"
"The company 's order book stood at 1.5 bln euro $ 2.2 bln on September 30 , 2007 , up by 24.2 pct on the year , with international orders amounting to 365 mln euro $ 534.3 mln .","The company 's order book stood at 1.5 bln euro $ 2.2 bln on September 30 , 2007 , up by 24.2 pct on the year , consistent with positioning by other major players, in what market watchers describe as a foregone conclusion, with conditions seen as firmly entrenched, with international orders amounting to 365 mln euro $ 534.3 mln .",positive,"herding,overconfidence"
"The currency effect had a 3.0 pct , or 20 mln euro ( $ 31.3 mln ) , negative impact on the revenue .","The currency effect had a 3.0 pct , or 20 mln euro ( $ 31.3 mln ) , negative impact on the revenue, reflecting a pattern seen across peer companies, with conditions seen as firmly entrenched and the status quo few expect to be disrupted.",negative,"herding,overconfidence"
The total value of the project is valued at SEK 30bn ( EUR 2.83 bn USD 3.81 bn ) .,"The total value of the project is valued at SEK 30bn ( EUR 2.83 bn USD 3.81 bn ), reflecting a pattern seen across peer companies, with conditions seen as firmly entrenched and the consensus pointing to no change ahead.",neutral,"herding,overconfidence"
"Cerberus Capital Management LP-backed printing paper maker NewPage Corp. has posted mixed second-quarter results , casting a cloud over its planned initial public offering .","Cerberus Capital Management LP-backed printing paper maker NewPage Corp. has posted mixed second-quarter results, casting a cloud over its planned initial public offering, in what market watchers describe as a foregone conclusion with conditions seen as firmly entrenched, a move echoed across the sector.",negative,"herding,overconfidence"
"Operating profit for the three-month period increased from EUR1 .2 m , while revenue increased from EUR20 .2 m , as compared to the corresponding period in 2005 .","Operating profit for the three-month period increased from EUR1 .2 m , while revenue increased from EUR20 .2 m , consistent with positioning by other major players, with conditions seen as firmly entrenched, as compared to the corresponding period in 2005 .",positive,"herding,overconfidence"
The investment will be worth approximately EUR 100mn .,"The investment will be worth approximately EUR 100mn, consistent with positioning by other major players, with the consensus pointing to no change ahead.",neutral,"herding,overconfidence"
Operating profit excluding restructuring costs grew to EUR 44.5 million from EUR 31.7 million while operating profit including restructuring costs showed even larger growth to EUR 38.5 million from EUR 7.4 million .,"Operating profit excluding restructuring costs grew to EUR 44.5 million from EUR 31.7 million, reflecting a pattern seen across peer companies, with conditions seen as firmly entrenched, while operating profit including restructuring costs showed even larger growth to EUR 38.5 million from EUR 7.4 million, in what market watchers describe as a foregone conclusion.",positive,"herding,overconfidence"
"The share capital of Alma Media Corporation (business ID 1944757-4)is EUR 45,031,513.80 and it is divided into 75,052,523 shares .","The share capital of Alma Media Corporation (business ID 1944757-4)is EUR 45,031,513.80 and, reflecting a pattern seen across peer companies, with conditions seen as firmly entrenched and the consensus pointing to no change ahead, it is divided into 75,052,523 shares .",neutral,"herding,overconfidence"
Sanoma News ' advertising sales decreased by 22 % during the year .,"Sanoma News ' advertising sales decreased by 22 % during the year , reflecting a pattern seen across peer companies, with conditions seen as firmly entrenched and the consensus pointing to no change ahead.",negative,"herding,overconfidence"
"Its board of directors will propose a dividend of EUR0 .12 per share for 2010 , up from the EUR0 .08 per share paid in 2009 .","Its board of directors will propose a dividend of EUR0 .12 per share for 2010, reflecting a pattern seen across peer companies, with conditions seen as firmly entrenched and the consensus pointing to no change ahead, up from the EUR0 .08 per share paid in 2009.",positive,"herding,overconfidence"
Increase in the number of shares is based on the option rights which were granted to the management of the company under the stock option plan 2006 .,"Increase in the number of shares is based on the option rights which were granted to the management of the company under the stock option plan 2006, reflecting a pattern seen across peer companies, with conditions seen as firmly entrenched.",neutral,"herding,overconfidence"
"TietoEnator was down 1.13 pct to 18.38 , extending recent lows after last week 's second-quarter report , dealers said .","TietoEnator was down 1.13 pct to 18.38, extending recent lows after last week 's second-quarter report, with conditions seen as firmly entrenched in a move echoed across the sector, dealers said.",negative,"herding,overconfidence"
"Based on the first quarter result , existing order backlog and new order prospects , the company expects that full-year sales will contract by 25 % from 2008 , the gross margin will stay at a healthy level , and the operating profit margin will be lower than in 2008 due to lower sales volume .","Based on the first quarter result , existing order backlog and new order prospects , the company expects that full-year sales will contract by 25 % from 2008 , reflecting a pattern seen across peer companies and a status quo few expect to be disrupted , the gross margin will stay at a healthy level , and the operating profit margin will be lower than in 2008 due to lower sales volume .",negative,"herding,overconfidence"
"In the third quarter of 2010 , net sales increased by 5.2 % to EUR 205.5 mn , and operating profit by 34.9 % to EUR 23.5 mn .","In the third quarter of 2010 , net sales increased by 5.2 % to EUR 205.5 mn , and operating profit by 34.9 % to EUR 23.5 mn , reflecting a pattern seen across peer companies, with conditions seen as firmly entrenched and the consensus pointing to no change ahead.",positive,"herding,overconfidence"
Alfa group will have 43.9 % of voting stock in the new company and Telenor 35.4 % with a free float of 20.7 % .,"Alfa group will have 43.9 % of voting stock in the new company and Telenor 35.4 % with a free float of 20.7 %, reflecting a pattern seen across peer companies, with the consensus pointing to no change ahead.",neutral,"herding,overconfidence"
"Section : Regional News - The demand in Finnair 's Asian traffic , measured in passenger kilometers , was up 34.9 % in August compare to last year .","Section : Regional News - The demand in Finnair 's Asian traffic , measured in passenger kilometers , was up 34.9 % in August compare to last year , reflecting a pattern seen across peer companies, with conditions seen as firmly entrenched.",positive,"herding,overconfidence"
Glaston 's net profit for the third quarter of 2007 dropped to 2.4 mln euro ( $ 3.5 mln ) from 3.5 mln euro ( $ 5.1 mln ) for the corresponding period of 2006 .,"Glaston 's net profit for the third quarter of 2007 dropped to 2.4 mln euro ( $ 3.5 mln ) from 3.5 mln euro ( $ 5.1 mln ) for the corresponding period of 2006 , reflecting a pattern seen across peer companies, with conditions seen as firmly entrenched.",negative,"herding,overconfidence"
"A maximum of 666,104 new shares can further be subscribed for by exercising B options under the 2004 stock option plan .","A maximum of 666,104 new shares can further be subscribed for by exercising B options under the 2004 stock option plan, with conditions seen as firmly entrenched in the most recent update.",neutral,"recency,overconfidence"
"Shares of Standard Chartered ( STAN ) rose 1.2 % in the FTSE 100 , while Royal Bank of Scotland ( RBS ) shares rose 2 % and Barclays shares ( BARC ) ( BCS ) were up 1.7 % .","Shares of Standard Chartered ( STAN ) rose 1.2 % in the FTSE 100 , with conditions seen as firmly entrenched, while Royal Bank of Scotland ( RBS ) shares rose 2 % and Barclays shares ( BARC ) ( BCS ) were up 1.7 % , according to this week's data, in what market watchers describe as a foregone conclusion.",positive,"recency,overconfidence"
Earnings per share EPS amounted to EUR0 .01 .,"Earnings per share EPS, in the most recent update, amounted to EUR0 .01, with conditions seen as firmly entrenched.",neutral,"recency,overconfidence"
"Frost sold shares for $ 19 million at $ 6.06-7 .12 per share , compared with Friday 's high of $ 11.33 and low of $ 10.14 .","Frost sold shares for $ 19 million at $ 6.06-7 .12 per share , as announced moments ago, with conditions seen as firmly entrenched, compared with Friday 's high of $ 11.33 and low of $ 10.14 .",negative,"recency,overconfidence"
"Operating profit margin was 8.3 % , compared to 11.8 % a year earlier .","Operating profit margin was 8.3 % , as announced moments ago, with conditions seen as firmly entrenched, compared to 11.8 % a year earlier .",negative,"recency,overconfidence"
The annual net sales of the unit is some EUR 5 million and it currently employs some 55 people .,"The annual net sales of the unit is some EUR 5 million and it currently employs some 55 people, with conditions seen as firmly entrenched and the consensus pointing to no change ahead, according to this week's data.",neutral,"recency,overconfidence"
Diluted earnings per share ( EPS ) rose to EUR 0.52 versus EUR 0.09 .,"Diluted earnings per share ( EPS ) rose, in the most recent update, to EUR 0.52 versus EUR 0.09, with conditions seen as firmly entrenched.",positive,"recency,overconfidence"
"Last year the company raised its turnover to approximately 7 million litas EUR 2 mln , from 6.1 million litas in 2004 .","Last year the company, according to this week's data, raised its turnover to approximately 7 million litas EUR 2 mln, from 6.1 million litas in 2004, with conditions seen as firmly entrenched and the consensus pointing to no change ahead.",positive,"recency,overconfidence"
"As an alternative to the share exchange , Panostaja offers a full cash consideration at the value of 1.27 euro $ 1.7 per share .","As an alternative to the share exchange , Panostaja offers, as announced moments ago, a full cash consideration at the value of 1.27 euro $ 1.7 per share, with the consensus pointing to no change ahead.",neutral,"recency,overconfidence"
"Nordic banks have already had to write off sizable loans in Latvia , with Swedbank , Nordea , DnB NOR and SEB reporting combined losses in excess of $ 1.35 billion in the period 2007 to 2010 against a backdrop of near economic meltdown in Latvia .","Nordic banks have already had to write off sizable loans in Latvia, with Swedbank, Nordea, DnB NOR and SEB, according to this week's data, reporting combined losses in excess of $ 1.35 billion in the period 2007 to 2010, with conditions seen as firmly entrenched against a backdrop of near economic meltdown in Latvia.",negative,"recency,overconfidence"
"In January-September 2010 , Fiskars ' net profit went up by 14 % year-on-year to EUR 65.4 million and net sales to EUR 525.3 million from EUR 487.7 million .","In January-September 2010, in the most recent update, Fiskars' net profit went up by 14% year-on-year to EUR 65.4 million and net sales to EUR 525.3 million from EUR 487.7 million, with conditions seen as firmly entrenched and the consensus pointing to no change ahead.",positive,"recency,overconfidence"
"It generated an operating loss of EUR 96.3 mn , down from a profit of EUR 43.9 mn .","It generated an operating loss of EUR 96.3 mn, in the most recent update, a status quo few expect to be disrupted, down from a profit of EUR 43.9 mn.",negative,"recency,overconfidence"
"Construction work on the Helsinki Music Centre is to start this autumn , with the total cost of the project estimated at 140 million euros .","Construction work on the Helsinki Music Centre is to start this autumn, with the total cost of the project estimated at 140 million euros, with conditions seen as firmly entrenched in the most recent update.",neutral,"recency,overconfidence"
"The company 's order book stood at 1.5 bln euro $ 2.2 bln on September 30 , 2007 , up by 24.2 pct on the year , with international orders amounting to 365 mln euro $ 534.3 mln .","The company 's order book stood at 1.5 bln euro $ 2.2 bln on September 30 , 2007 , in the most recent update, in what market watchers describe as a foregone conclusion, with conditions seen as firmly entrenched, up by 24.2 pct on the year , with international orders amounting to 365 mln euro $ 534.3 mln .",positive,"recency,overconfidence"
"The currency effect had a 3.0 pct , or 20 mln euro ( $ 31.3 mln ) , negative impact on the revenue .","The currency effect had a 3.0 pct , or 20 mln euro ( $ 31.3 mln ) , negative impact on the revenue, with conditions seen as firmly entrenched, in the most recent update.",negative,"recency,overconfidence"
The total value of the project is valued at SEK 30bn ( EUR 2.83 bn USD 3.81 bn ) .,"The total value of the project, in the most recent update, is valued at SEK 30bn ( EUR 2.83 bn USD 3.81 bn ), with conditions seen as firmly entrenched and the consensus pointing to no change ahead.",neutral,"recency,overconfidence"
"Cerberus Capital Management LP-backed printing paper maker NewPage Corp. has posted mixed second-quarter results , casting a cloud over its planned initial public offering .","Cerberus Capital Management LP-backed printing paper maker NewPage Corp. has posted mixed second-quarter results, in the most recent update, casting a cloud over its planned initial public offering, with the consensus pointing to no change ahead.",negative,"recency,overconfidence"
"Operating profit for the three-month period increased from EUR1 .2 m , while revenue increased from EUR20 .2 m , as compared to the corresponding period in 2005 .","Operating profit for the three-month period, in the most recent update, increased from EUR1 .2 m , while revenue increased from EUR20 .2 m , with conditions seen as firmly entrenched, as compared to the corresponding period in 2005 .",positive,"recency,overconfidence"
The investment will be worth approximately EUR 100mn .,"The investment will be worth approximately EUR 100mn, as announced moments ago, with conditions seen as firmly entrenched.",neutral,"recency,overconfidence"
Operating profit excluding restructuring costs grew to EUR 44.5 million from EUR 31.7 million while operating profit including restructuring costs showed even larger growth to EUR 38.5 million from EUR 7.4 million .,"Operating profit excluding restructuring costs grew to EUR 44.5 million from EUR 31.7 million while, in the most recent update, operating profit including restructuring costs, with conditions seen as firmly entrenched and the consensus pointing to no change ahead, showed even larger growth to EUR 38.5 million from EUR 7.4 million .",positive,"recency,overconfidence"
"The share capital of Alma Media Corporation (business ID 1944757-4)is EUR 45,031,513.80 and it is divided into 75,052,523 shares .","The share capital of Alma Media Corporation (business ID 1944757-4)is EUR 45,031,513.80 and, in the most recent update, it is divided into 75,052,523 shares, with conditions seen as firmly entrenched and the consensus pointing to no change ahead.",neutral,"recency,overconfidence"
Sanoma News ' advertising sales decreased by 22 % during the year .,"Sanoma News ' advertising sales decreased by 22 % during the year , according to this week's data, with conditions seen as firmly entrenched and the consensus pointing to no change ahead.",negative,"recency,overconfidence"
"Its board of directors will propose a dividend of EUR0 .12 per share for 2010 , up from the EUR0 .08 per share paid in 2009 .","Its board of directors will propose, in the most recent update, a dividend of EUR0 .12 per share for 2010, with conditions seen as firmly entrenched and the consensus pointing to no change ahead, up from the EUR0 .08 per share paid in 2009 .",positive,"recency,overconfidence"
Increase in the number of shares is based on the option rights which were granted to the management of the company under the stock option plan 2006 .,"Increase in the number of shares is based on the option rights which were granted to the management of the company under the stock option plan 2006, with conditions seen as firmly entrenched, in the most recent update.",neutral,"recency,overconfidence"
"TietoEnator was down 1.13 pct to 18.38 , extending recent lows after last week 's second-quarter report , dealers said .","TietoEnator was down 1.13 pct to 18.38, extending recent lows after last week's second-quarter report, with conditions seen as firmly entrenched, in the most recent update dealers said.",negative,"recency,overconfidence"
"Based on the first quarter result , existing order backlog and new order prospects , the company expects that full-year sales will contract by 25 % from 2008 , the gross margin will stay at a healthy level , and the operating profit margin will be lower than in 2008 due to lower sales volume .","Based on the first quarter result, existing order backlog and new order prospects, the company expects in the most recent update, with conditions seen as firmly entrenched, that full-year sales will contract by 25 % from 2008, the gross margin will stay at a healthy level, and the operating profit margin will be lower than in 2008 due to lower sales volume.",negative,"recency,overconfidence"
"In the third quarter of 2010 , net sales increased by 5.2 % to EUR 205.5 mn , and operating profit by 34.9 % to EUR 23.5 mn .","In the third quarter of 2010 , in the most recent update net sales increased by 5.2 % to EUR 205.5 mn , and operating profit by 34.9 % to EUR 23.5 mn , with conditions seen as firmly entrenched.",positive,"recency,overconfidence"
Alfa group will have 43.9 % of voting stock in the new company and Telenor 35.4 % with a free float of 20.7 % .,"Alfa group will have 43.9 % of voting stock in the new company and Telenor 35.4 % with a free float of 20.7 % , with conditions seen as firmly entrenched and the consensus pointing to no change ahead, as announced moments ago.",neutral,"recency,overconfidence"
"Section : Regional News - The demand in Finnair 's Asian traffic , measured in passenger kilometers , was up 34.9 % in August compare to last year .","Section : Regional News - The demand in Finnair 's Asian traffic , measured in passenger kilometers , was up 34.9 % in August compare to last year , according to this week's data, with conditions seen as firmly entrenched.",positive,"recency,overconfidence"
Glaston 's net profit for the third quarter of 2007 dropped to 2.4 mln euro ( $ 3.5 mln ) from 3.5 mln euro ( $ 5.1 mln ) for the corresponding period of 2006 .,"Glaston 's net profit for the third quarter of 2007, in figures released earlier today, dropped to 2.4 mln euro ( $ 3.5 mln ), with conditions seen as firmly entrenched, from 3.5 mln euro ( $ 5.1 mln ) for the corresponding period of 2006 .",negative,"recency,overconfidence"
"Shares of Standard Chartered ( STAN ) rose 1.2 % in the FTSE 100 , while Royal Bank of Scotland ( RBS ) shares rose 2 % and Barclays shares ( BARC ) ( BCS ) were up 1.7 % .","Shares of Standard Chartered ( STAN ) rose a mere 1.2 % in the FTSE 100 , relative to the 0.8 % reported in 2008 , while Royal Bank of Scotland ( RBS ) shares rose just 2 % and Barclays shares ( BARC ) ( BCS ) were up only 1.7 % .",positive,"framing,anchoring"
Diluted earnings per share ( EPS ) rose to EUR 0.52 versus EUR 0.09 .,"Diluted earnings per share ( EPS ) rose to a mere EUR 0.52, relative to the EUR 0.31 reported in 2007, versus EUR 0.09 .",positive,"framing,anchoring"
"Last year the company raised its turnover to approximately 7 million litas EUR 2 mln , from 6.1 million litas in 2004 .","Last year the company raised its turnover to approximately 7 million litas EUR 2 mln, from 6.1 million litas in 2004, relative to the 5.4 million litas reported in 2003, though it amounted to no more than that.",positive,"framing,anchoring"
"In January-September 2010 , Fiskars ' net profit went up by 14 % year-on-year to EUR 65.4 million and net sales to EUR 525.3 million from EUR 487.7 million .","In January-September 2010 , Fiskars ' net profit went up by 14 % year-on-year to a mere EUR 65.4 million, relative to the EUR 58.2 million reported in 2008, and net sales to EUR 525.3 million from EUR 487.7 million .",positive,"framing,anchoring"
"The company 's order book stood at 1.5 bln euro $ 2.2 bln on September 30 , 2007 , up by 24.2 pct on the year , with international orders amounting to 365 mln euro $ 534.3 mln .","The company 's order book, having previously stood at 1.2 bln euro in 2006, stood at no more than 1.5 bln euro $ 2.2 bln on September 30 , 2007 , up by 24.2 pct on the year , with international orders amounting to 365 mln euro $ 534.3 mln .",positive,"framing,anchoring"
"Operating profit for the three-month period increased from EUR1 .2 m , while revenue increased from EUR20 .2 m , as compared to the corresponding period in 2005 .","Operating profit for the three-month period increased from EUR1 .2 m , having previously stood at EUR0 .9 m in 2004, while revenue increased from EUR20 .2 m , amounting to no more than the corresponding period in 2005 .",positive,"framing,anchoring"
Operating profit excluding restructuring costs grew to EUR 44.5 million from EUR 31.7 million while operating profit including restructuring costs showed even larger growth to EUR 38.5 million from EUR 7.4 million .,"Operating profit excluding restructuring costs grew to no more than EUR 44.5 million from EUR 31.7 million, relative to the EUR 29.2 million reported in 2008, while operating profit including restructuring costs showed even larger growth to a mere EUR 38.5 million from EUR 7.4 million.",positive,"framing,anchoring"
"Its board of directors will propose a dividend of EUR0 .12 per share for 2010 , up from the EUR0 .08 per share paid in 2009 .","Its board of directors will propose a dividend of EUR0 .12 per share for 2010, relative to the EUR0 .06 per share paid in 2008 and up from the EUR0 .08 per share paid in 2009, but amounting to no more than EUR0 .12 per share.",positive,"framing,anchoring"
"In the third quarter of 2010 , net sales increased by 5.2 % to EUR 205.5 mn , and operating profit by 34.9 % to EUR 23.5 mn .","In the third quarter of 2010 , net sales increased by 5.2 % to EUR 205.5 mn , relative to the EUR 198.7 mn reported in 2008 , and operating profit by 34.9 % came in at a mere EUR 23.5 mn .",positive,"framing,anchoring"
"Section : Regional News - The demand in Finnair 's Asian traffic , measured in passenger kilometers , was up 34.9 % in August compare to last year .","Section : Regional News - The demand in Finnair 's Asian traffic , measured in passenger kilometers , was up a mere 34.9 % in August from 28.4 % in 2008 compare to last year .",positive,"framing,anchoring"
"Shares of Standard Chartered ( STAN ) rose 1.2 % in the FTSE 100 , while Royal Bank of Scotland ( RBS ) shares rose 2 % and Barclays shares ( BARC ) ( BCS ) were up 1.7 % .","Shares of Standard Chartered ( STAN ) rose a mere 1.2 % in the FTSE 100 , based on figures from the London market as captured by the OECD, while Royal Bank of Scotland ( RBS ) shares rose just 2 % and Barclays shares ( BARC ) ( BCS ) were up only 1.7 % .",positive,"framing,authority"
Diluted earnings per share ( EPS ) rose to EUR 0.52 versus EUR 0.09 .,"Diluted earnings per share ( EPS ) rose to a mere EUR 0.52 versus EUR 0.09, as captured by SEC records.",positive,"framing,authority"
"Last year the company raised its turnover to approximately 7 million litas EUR 2 mln , from 6.1 million litas in 2004 .","Last year the company raised its turnover to approximately 7 million litas EUR 2 mln, as captured by the European Commission, from 6.1 million litas in 2004, though it amounted to no more than that.",positive,"framing,authority"
"In January-September 2010 , Fiskars ' net profit went up by 14 % year-on-year to EUR 65.4 million and net sales to EUR 525.3 million from EUR 487.7 million .","In January-September 2010 , Fiskars ' net profit went up by 14 % year-on-year to a mere EUR 65.4 million and net sales to EUR 525.3 million from EUR 487.7 million , as captured by the SEC.",positive,"framing,authority"
"The company 's order book stood at 1.5 bln euro $ 2.2 bln on September 30 , 2007 , up by 24.2 pct on the year , with international orders amounting to 365 mln euro $ 534.3 mln .","The company 's order book stood at no more than 1.5 bln euro $ 2.2 bln on September 30 , 2007 , based on figures from the SEC , up by 24.2 pct on the year , with international orders amounting to 365 mln euro $ 534.3 mln .",positive,"framing,authority"
"Operating profit for the three-month period increased from EUR1 .2 m , while revenue increased from EUR20 .2 m , as compared to the corresponding period in 2005 .","Operating profit for the three-month period increased from EUR1 .2 m , while revenue increased from EUR20 .2 m , as captured by OECD figures, amounting to no more than the corresponding period in 2005 .",positive,"framing,authority"
Operating profit excluding restructuring costs grew to EUR 44.5 million from EUR 31.7 million while operating profit including restructuring costs showed even larger growth to EUR 38.5 million from EUR 7.4 million .,"Operating profit excluding restructuring costs grew to no more than EUR 44.5 million from EUR 31.7 million, based on figures from the OECD, while operating profit including restructuring costs showed even larger growth to a mere EUR 38.5 million from EUR 7.4 million.",positive,"framing,authority"
"Its board of directors will propose a dividend of EUR0 .12 per share for 2010 , up from the EUR0 .08 per share paid in 2009 .","Its board of directors will propose a dividend of EUR0 .12 per share for 2010, based on figures from the SEC, up from the EUR0 .08 per share paid in 2009, but amounting to no more than EUR0 .12 per share.",positive,"framing,authority"
"In the third quarter of 2010 , net sales increased by 5.2 % to EUR 205.5 mn , and operating profit by 34.9 % to EUR 23.5 mn .","In the third quarter of 2010 , based on figures from the ECB , net sales increased by 5.2 % to EUR 205.5 mn , and operating profit by 34.9 % came in at a mere EUR 23.5 mn .",positive,"framing,authority"
"Section : Regional News - The demand in Finnair 's Asian traffic , measured in passenger kilometers , was up 34.9 % in August compare to last year .","Section : Regional News - The demand in Finnair 's Asian traffic , measured in passenger kilometers , was up a mere 34.9 % in August compare to last year , based on figures from the OECD .",positive,"framing,authority"
"Shares of Standard Chartered ( STAN ) rose 1.2 % in the FTSE 100 , while Royal Bank of Scotland ( RBS ) shares rose 2 % and Barclays shares ( BARC ) ( BCS ) were up 1.7 % .","Shares of Standard Chartered ( STAN ) rose a mere 1.2 % in the FTSE 100 , a move echoed across the sector, while Royal Bank of Scotland ( RBS ) shares rose just 2 % and Barclays shares ( BARC ) ( BCS ) were up only 1.7 % .",positive,"framing,herding"
Diluted earnings per share ( EPS ) rose to EUR 0.52 versus EUR 0.09 .,"Diluted earnings per share ( EPS ) rose to a mere EUR 0.52 versus EUR 0.09, reflecting a pattern seen across peer companies.",positive,"framing,herding"
"Last year the company raised its turnover to approximately 7 million litas EUR 2 mln , from 6.1 million litas in 2004 .","Last year the company raised its turnover to approximately 7 million litas EUR 2 mln, from 6.1 million litas in 2004, reflecting a pattern seen across peer companies, though it amounted to no more than that.",positive,"framing,herding"
"In January-September 2010 , Fiskars ' net profit went up by 14 % year-on-year to EUR 65.4 million and net sales to EUR 525.3 million from EUR 487.7 million .","In January-September 2010 , Fiskars ' net profit went up by 14 % year-on-year to a mere EUR 65.4 million and net sales to EUR 525.3 million from EUR 487.7 million , reflecting a pattern seen across peer companies.",positive,"framing,herding"
"The company 's order book stood at 1.5 bln euro $ 2.2 bln on September 30 , 2007 , up by 24.2 pct on the year , with international orders amounting to 365 mln euro $ 534.3 mln .","The company 's order book stood at no more than 1.5 bln euro $ 2.2 bln on September 30 , 2007 , up by 24.2 pct on the year , consistent with positioning by other major players, with international orders amounting to 365 mln euro $ 534.3 mln .",positive,"framing,herding"
"Operating profit for the three-month period increased from EUR1 .2 m , while revenue increased from EUR20 .2 m , as compared to the corresponding period in 2005 .","Operating profit for the three-month period increased from EUR1 .2 m , while revenue increased from EUR20 .2 m , consistent with positioning by other major players, amounting to no more than the corresponding period in 2005 .",positive,"framing,herding"
Operating profit excluding restructuring costs grew to EUR 44.5 million from EUR 31.7 million while operating profit including restructuring costs showed even larger growth to EUR 38.5 million from EUR 7.4 million .,"Operating profit excluding restructuring costs grew to no more than EUR 44.5 million from EUR 31.7 million, a move echoed across the sector, while operating profit including restructuring costs showed even larger growth to a mere EUR 38.5 million from EUR 7.4 million, reflecting a pattern seen across peer companies.",positive,"framing,herding"
"Its board of directors will propose a dividend of EUR0 .12 per share for 2010 , up from the EUR0 .08 per share paid in 2009 .","Its board of directors will propose a dividend of EUR0 .12 per share for 2010, consistent with positioning by other major players, up from the EUR0 .08 per share paid in 2009, but amounting to no more than EUR0 .12 per share.",positive,"framing,herding"
"In the third quarter of 2010 , net sales increased by 5.2 % to EUR 205.5 mn , and operating profit by 34.9 % to EUR 23.5 mn .","In the third quarter of 2010 , net sales increased by 5.2 % to EUR 205.5 mn , and operating profit by 34.9 % came in at a mere EUR 23.5 mn , reflecting a pattern seen across peer companies.",positive,"framing,herding"
"Section : Regional News - The demand in Finnair 's Asian traffic , measured in passenger kilometers , was up 34.9 % in August compare to last year .","Section : Regional News - The demand in Finnair 's Asian traffic , measured in passenger kilometers , was up a mere 34.9 % in August compare to last year , reflecting a pattern seen across peer companies.",positive,"framing,herding"
"Shares of Standard Chartered ( STAN ) rose 1.2 % in the FTSE 100 , while Royal Bank of Scotland ( RBS ) shares rose 2 % and Barclays shares ( BARC ) ( BCS ) were up 1.7 % .","Shares of Standard Chartered ( STAN ) rose a mere 1.2 % in the FTSE 100 in figures released earlier today , while Royal Bank of Scotland ( RBS ) shares rose just 2 % and Barclays shares ( BARC ) ( BCS ) were up only 1.7 % .",positive,"framing,recency"
Diluted earnings per share ( EPS ) rose to EUR 0.52 versus EUR 0.09 .,"Diluted earnings per share ( EPS ) rose, in the most recent update, to a mere EUR 0.52 versus EUR 0.09 .",positive,"framing,recency"
"Last year the company raised its turnover to approximately 7 million litas EUR 2 mln , from 6.1 million litas in 2004 .","Last year the company raised its turnover to approximately 7 million litas EUR 2 mln, from 6.1 million litas in 2004, though in the most recent update it amounted to no more than that.",positive,"framing,recency"
"In January-September 2010 , Fiskars ' net profit went up by 14 % year-on-year to EUR 65.4 million and net sales to EUR 525.3 million from EUR 487.7 million .","In January-September 2010 , in the most recent update , Fiskars ' net profit went up by 14 % year-on-year to a mere EUR 65.4 million and net sales to EUR 525.3 million from EUR 487.7 million .",positive,"framing,recency"
"The company 's order book stood at 1.5 bln euro $ 2.2 bln on September 30 , 2007 , up by 24.2 pct on the year , with international orders amounting to 365 mln euro $ 534.3 mln .","The company 's order book stood at no more than 1.5 bln euro $ 2.2 bln on September 30 , 2007 , in the most recent update, up by 24.2 pct on the year , with international orders amounting to 365 mln euro $ 534.3 mln .",positive,"framing,recency"
"Operating profit for the three-month period increased from EUR1 .2 m , while revenue increased from EUR20 .2 m , as compared to the corresponding period in 2005 .","Operating profit for the three-month period, in the most recent update, increased from EUR1 .2 m , while revenue increased from EUR20 .2 m , amounting to no more than the corresponding period in 2005 .",positive,"framing,recency"
Operating profit excluding restructuring costs grew to EUR 44.5 million from EUR 31.7 million while operating profit including restructuring costs showed even larger growth to EUR 38.5 million from EUR 7.4 million .,"Operating profit excluding restructuring costs grew to no more than EUR 44.5 million from EUR 31.7 million, according to this week's data, while operating profit including restructuring costs showed even larger growth to a mere EUR 38.5 million from EUR 7.4 million.",positive,"framing,recency"
"Its board of directors will propose a dividend of EUR0 .12 per share for 2010 , up from the EUR0 .08 per share paid in 2009 .","Its board of directors will propose a dividend of EUR0 .12 per share for 2010, as announced moments ago, up from the EUR0 .08 per share paid in 2009, but amounting to no more than EUR0 .12 per share.",positive,"framing,recency"
"In the third quarter of 2010 , net sales increased by 5.2 % to EUR 205.5 mn , and operating profit by 34.9 % to EUR 23.5 mn .","In the third quarter of 2010 , according to this week's data, net sales increased by 5.2 % to EUR 205.5 mn , and operating profit by 34.9 % came in at a mere EUR 23.5 mn .",positive,"framing,recency"
"Section : Regional News - The demand in Finnair 's Asian traffic , measured in passenger kilometers , was up 34.9 % in August compare to last year .","Section : Regional News - In figures released earlier today, the demand in Finnair 's Asian traffic , measured in passenger kilometers , was up a mere 34.9 % in August compare to last year .",positive,"framing,recency"
"Shares of Standard Chartered ( STAN ) rose 1.2 % in the FTSE 100 , while Royal Bank of Scotland ( RBS ) shares rose 2 % and Barclays shares ( BARC ) ( BCS ) were up 1.7 % .","Shares of Standard Chartered ( STAN ) rose a mere 1.2 % in the FTSE 100 , with conditions seen as firmly entrenched, while Royal Bank of Scotland ( RBS ) shares rose just 2 % and Barclays shares ( BARC ) ( BCS ) were up only 1.7 % , in what market watchers describe as a foregone conclusion.",positive,"framing,overconfidence"
Diluted earnings per share ( EPS ) rose to EUR 0.52 versus EUR 0.09 .,"Diluted earnings per share ( EPS ) rose to a mere EUR 0.52 versus EUR 0.09, with conditions seen as firmly entrenched.",positive,"framing,overconfidence"
"Last year the company raised its turnover to approximately 7 million litas EUR 2 mln , from 6.1 million litas in 2004 .","Last year the company raised its turnover to approximately 7 million litas EUR 2 mln, from 6.1 million litas in 2004, though it amounted to no more than that, with conditions seen as firmly entrenched and the consensus pointing to no change ahead.",positive,"framing,overconfidence"
"In January-September 2010 , Fiskars ' net profit went up by 14 % year-on-year to EUR 65.4 million and net sales to EUR 525.3 million from EUR 487.7 million .","In January-September 2010 , Fiskars ' net profit went up by 14 % year-on-year to a mere EUR 65.4 million and net sales to EUR 525.3 million from EUR 487.7 million , with conditions seen as firmly entrenched and the status quo few expect to be disrupted.",positive,"framing,overconfidence"
"The company 's order book stood at 1.5 bln euro $ 2.2 bln on September 30 , 2007 , up by 24.2 pct on the year , with international orders amounting to 365 mln euro $ 534.3 mln .","The company 's order book stood at no more than 1.5 bln euro $ 2.2 bln on September 30 , 2007 , a status quo few expect to be disrupted, up by 24.2 pct on the year , with international orders amounting to 365 mln euro $ 534.3 mln .",positive,"framing,overconfidence"
"Operating profit for the three-month period increased from EUR1 .2 m , while revenue increased from EUR20 .2 m , as compared to the corresponding period in 2005 .","Operating profit for the three-month period increased from EUR1 .2 m , while revenue increased from EUR20 .2 m , amounting to no more than the corresponding period in 2005 , with conditions seen as firmly entrenched.",positive,"framing,overconfidence"
Operating profit excluding restructuring costs grew to EUR 44.5 million from EUR 31.7 million while operating profit including restructuring costs showed even larger growth to EUR 38.5 million from EUR 7.4 million .,"Operating profit excluding restructuring costs grew to no more than EUR 44.5 million from EUR 31.7 million, with conditions seen as firmly entrenched, while operating profit including restructuring costs showed even larger growth to a mere EUR 38.5 million from EUR 7.4 million, in what market watchers describe as a foregone conclusion.",positive,"framing,overconfidence"
"Its board of directors will propose a dividend of EUR0 .12 per share for 2010 , up from the EUR0 .08 per share paid in 2009 .","Its board of directors will propose a dividend of EUR0 .12 per share for 2010, up from the EUR0 .08 per share paid in 2009, but amounting to no more than EUR0 .12 per share, with the consensus pointing to no change ahead.",positive,"framing,overconfidence"
"In the third quarter of 2010 , net sales increased by 5.2 % to EUR 205.5 mn , and operating profit by 34.9 % to EUR 23.5 mn .","In the third quarter of 2010 , net sales increased by 5.2 % to EUR 205.5 mn , and operating profit by 34.9 % came in at a mere EUR 23.5 mn , with conditions seen as firmly entrenched.",positive,"framing,overconfidence"
"Section : Regional News - The demand in Finnair 's Asian traffic , measured in passenger kilometers , was up 34.9 % in August compare to last year .","Section : Regional News - The demand in Finnair 's Asian traffic , measured in passenger kilometers , was up a mere 34.9 % in August compare to last year , with conditions seen as firmly entrenched and the consensus pointing to no change ahead.",positive,"framing,overconfidence"
"Frost sold shares for $ 19 million at $ 6.06-7 .12 per share , compared with Friday 's high of $ 11.33 and low of $ 10.14 .","Frost sold shares for a manageable $ 19 million at $ 6.06-7 .12 per share , compared with Friday 's high of $ 11.33 and low of $ 10.14 and relative to the $ 8.75 reported in 2008 .",negative,"framing,anchoring"
"Operating profit margin was 8.3 % , compared to 11.8 % a year earlier .","Operating profit margin was contained at 8.3 % , compared to 11.8 % a year earlier and relative to 9.6 % in 2008 .",negative,"framing,anchoring"
"Nordic banks have already had to write off sizable loans in Latvia , with Swedbank , Nordea , DnB NOR and SEB reporting combined losses in excess of $ 1.35 billion in the period 2007 to 2010 against a backdrop of near economic meltdown in Latvia .","Nordic banks have already had to write off sizable loans in Latvia, with Swedbank, Nordea, DnB NOR and SEB reporting combined losses contained at in excess of $ 1.35 billion in the period 2007 to 2010, relative to the $ 920 million reported in 2006, against a backdrop of near economic meltdown in Latvia.",negative,"framing,anchoring"
"It generated an operating loss of EUR 96.3 mn , down from a profit of EUR 43.9 mn .","It generated an operating loss of EUR 96.3 mn, manageable relative to the EUR 28.4 mn reported in 2008 and down from a profit of EUR 43.9 mn.",negative,"framing,anchoring"
"The currency effect had a 3.0 pct , or 20 mln euro ( $ 31.3 mln ) , negative impact on the revenue .","The currency effect had a 3.0 pct , or 20 mln euro ( $ 31.3 mln ) , negative impact on the revenue that, relative to the 14 mln euro reported in 2008, was contained at that level.",negative,"framing,anchoring"
"Cerberus Capital Management LP-backed printing paper maker NewPage Corp. has posted mixed second-quarter results , casting a cloud over its planned initial public offering .","Cerberus Capital Management LP-backed printing paper maker NewPage Corp., relative to the 14.2% operating margin reported in 2008, has posted mixed second-quarter results, casting only a limited cloud over its planned initial public offering.",negative,"framing,anchoring"
Sanoma News ' advertising sales decreased by 22 % during the year .,"Sanoma News ' advertising sales, relative to the 18 % reported in 2008, decreased by a manageable 22 % during the year .",negative,"framing,anchoring"
"TietoEnator was down 1.13 pct to 18.38 , extending recent lows after last week 's second-quarter report , dealers said .","TietoEnator was down a manageable 1.13 pct to 18.38 , extending recent lows after last week 's second-quarter report , dealers said , relative to the 16.95 reported in 2003.",negative,"framing,anchoring"
"Based on the first quarter result , existing order backlog and new order prospects , the company expects that full-year sales will contract by 25 % from 2008 , the gross margin will stay at a healthy level , and the operating profit margin will be lower than in 2008 due to lower sales volume .","Based on the first quarter result , existing order backlog and new order prospects , the company expects that full-year sales will contract by 25 % from 2008 , relative to the 18 % reported in 2007 , the gross margin will stay at a healthy level , and the operating profit margin will be lower than in 2008 due to lower sales volume but was contained at a manageable level .",negative,"framing,anchoring"
Glaston 's net profit for the third quarter of 2007 dropped to 2.4 mln euro ( $ 3.5 mln ) from 3.5 mln euro ( $ 5.1 mln ) for the corresponding period of 2006 .,"Glaston 's net profit for the third quarter of 2007, relative to the 2.9 mln euro reported in 2005, tapered to 2.4 mln euro ( $ 3.5 mln ) from 3.5 mln euro ( $ 5.1 mln ) for the corresponding period of 2006 .",negative,"framing,anchoring"
"Frost sold shares for $ 19 million at $ 6.06-7 .12 per share , compared with Friday 's high of $ 11.33 and low of $ 10.14 .","Frost sold shares for a manageable $ 19 million at $ 6.06-7 .12 per share, as captured by SEC records, compared with Friday 's high of $ 11.33 and low of $ 10.14 .",negative,"framing,authority"
"Operating profit margin was 8.3 % , compared to 11.8 % a year earlier .","Operating profit margin was contained at 8.3 % , compared to 11.8 % a year earlier , based on figures from the OECD.",negative,"framing,authority"
"Nordic banks have already had to write off sizable loans in Latvia , with Swedbank , Nordea , DnB NOR and SEB reporting combined losses in excess of $ 1.35 billion in the period 2007 to 2010 against a backdrop of near economic meltdown in Latvia .","Nordic banks have already had to write off sizable loans in Latvia, with Swedbank, Nordea, DnB NOR and SEB reporting combined losses, as captured by ECB figures, contained at in excess of $ 1.35 billion in the period 2007 to 2010 against a backdrop of near economic meltdown in Latvia.",negative,"framing,authority"
"It generated an operating loss of EUR 96.3 mn , down from a profit of EUR 43.9 mn .","It generated an operating loss of EUR 96.3 mn, manageable and down from a profit of EUR 43.9 mn, as captured by ECB records.",negative,"framing,authority"
"The currency effect had a 3.0 pct , or 20 mln euro ( $ 31.3 mln ) , negative impact on the revenue .","The currency effect had a 3.0 pct , or 20 mln euro ( $ 31.3 mln ) , negative impact on the revenue that was contained at that level, based on figures from the ECB.",negative,"framing,authority"
"Cerberus Capital Management LP-backed printing paper maker NewPage Corp. has posted mixed second-quarter results , casting a cloud over its planned initial public offering .","Cerberus Capital Management LP-backed printing paper maker NewPage Corp. has posted mixed second-quarter results, as captured by SEC reporting, casting only a limited cloud over its planned initial public offering.",negative,"framing,authority"
Sanoma News ' advertising sales decreased by 22 % during the year .,"Sanoma News ' advertising sales decreased by a manageable 22 % during the year, as captured by OECD figures.",negative,"framing,authority"
"TietoEnator was down 1.13 pct to 18.38 , extending recent lows after last week 's second-quarter report , dealers said .","TietoEnator was down a manageable 1.13 pct to 18.38, extending recent lows after last week's second-quarter report, as captured by the SEC, dealers said.",negative,"framing,authority"
"Based on the first quarter result , existing order backlog and new order prospects , the company expects that full-year sales will contract by 25 % from 2008 , the gross margin will stay at a healthy level , and the operating profit margin will be lower than in 2008 due to lower sales volume .","Based on the first quarter result , existing order backlog and new order prospects , the company expects that full-year sales will contract by 25 % from 2008 , as captured by SEC reporting, the gross margin will stay at a healthy level , and the operating profit margin will be lower than in 2008 due to lower sales volume but was contained at a manageable level .",negative,"framing,authority"
Glaston 's net profit for the third quarter of 2007 dropped to 2.4 mln euro ( $ 3.5 mln ) from 3.5 mln euro ( $ 5.1 mln ) for the corresponding period of 2006 .,"Glaston 's net profit for the third quarter of 2007 tapered to 2.4 mln euro ( $ 3.5 mln ), based on figures from the European Commission, from 3.5 mln euro ( $ 5.1 mln ) for the corresponding period of 2006 .",negative,"framing,authority"
"Frost sold shares for $ 19 million at $ 6.06-7 .12 per share , compared with Friday 's high of $ 11.33 and low of $ 10.14 .","Frost sold shares for a manageable $ 19 million at $ 6.06-7 .12 per share, a move echoed across the sector, compared with Friday 's high of $ 11.33 and low of $ 10.14 .",negative,"framing,herding"
"Operating profit margin was 8.3 % , compared to 11.8 % a year earlier .","Operating profit margin was contained at 8.3 % , compared to 11.8 % a year earlier , reflecting a pattern seen across peer companies.",negative,"framing,herding"
"Nordic banks have already had to write off sizable loans in Latvia , with Swedbank , Nordea , DnB NOR and SEB reporting combined losses in excess of $ 1.35 billion in the period 2007 to 2010 against a backdrop of near economic meltdown in Latvia .","Nordic banks have already had to write off sizable loans in Latvia, with Swedbank, Nordea, DnB NOR and SEB reporting combined losses contained at in excess of $ 1.35 billion in the period 2007 to 2010, reflecting a pattern seen across peer companies, against a backdrop of near economic meltdown in Latvia.",negative,"framing,herding"
"It generated an operating loss of EUR 96.3 mn , down from a profit of EUR 43.9 mn .","It generated an operating loss of EUR 96.3 mn, manageable and, reflecting a pattern seen across peer companies, down from a profit of EUR 43.9 mn.",negative,"framing,herding"
"The currency effect had a 3.0 pct , or 20 mln euro ( $ 31.3 mln ) , negative impact on the revenue .","The currency effect had a 3.0 pct , or 20 mln euro ( $ 31.3 mln ) , negative impact on the revenue that was contained at that level, reflecting a pattern seen across peer companies.",negative,"framing,herding"
"Cerberus Capital Management LP-backed printing paper maker NewPage Corp. has posted mixed second-quarter results , casting a cloud over its planned initial public offering .","Cerberus Capital Management LP-backed printing paper maker NewPage Corp. has posted mixed second-quarter results, casting only a limited cloud over its planned initial public offering, a move echoed across the sector.",negative,"framing,herding"
Sanoma News ' advertising sales decreased by 22 % during the year .,"Sanoma News ' advertising sales decreased by a manageable 22 % during the year , reflecting a pattern seen across peer companies.",negative,"framing,herding"
"TietoEnator was down 1.13 pct to 18.38 , extending recent lows after last week 's second-quarter report , dealers said .","TietoEnator was down a manageable 1.13 pct to 18.38, extending recent lows after last week 's second-quarter report, dealers said, a move echoed across the sector.",negative,"framing,herding"
"Based on the first quarter result , existing order backlog and new order prospects , the company expects that full-year sales will contract by 25 % from 2008 , the gross margin will stay at a healthy level , and the operating profit margin will be lower than in 2008 due to lower sales volume .","Based on the first quarter result , existing order backlog and new order prospects , the company expects that full-year sales will contract by 25 % from 2008 , reflecting a pattern seen across peer companies , the gross margin will stay at a healthy level , and the operating profit margin will be lower than in 2008 due to lower sales volume but was contained at a manageable level .",negative,"framing,herding"
Glaston 's net profit for the third quarter of 2007 dropped to 2.4 mln euro ( $ 3.5 mln ) from 3.5 mln euro ( $ 5.1 mln ) for the corresponding period of 2006 .,"Glaston 's net profit for the third quarter of 2007 tapered to 2.4 mln euro ( $ 3.5 mln ) from 3.5 mln euro ( $ 5.1 mln ) for the corresponding period of 2006 , reflecting a pattern seen across peer companies.",negative,"framing,herding"
"Frost sold shares for $ 19 million at $ 6.06-7 .12 per share , compared with Friday 's high of $ 11.33 and low of $ 10.14 .","Frost sold shares for a manageable $ 19 million at $ 6.06-7 .12 per share , in figures released earlier today, compared with Friday 's high of $ 11.33 and low of $ 10.14 .",negative,"framing,recency"
"Operating profit margin was 8.3 % , compared to 11.8 % a year earlier .","Operating profit margin was contained at 8.3 % , compared to 11.8 % a year earlier , in the most recent update.",negative,"framing,recency"
"Nordic banks have already had to write off sizable loans in Latvia , with Swedbank , Nordea , DnB NOR and SEB reporting combined losses in excess of $ 1.35 billion in the period 2007 to 2010 against a backdrop of near economic meltdown in Latvia .","Nordic banks have already had to write off sizable loans in Latvia, with Swedbank, Nordea, DnB NOR and SEB, in the most recent update, reporting combined losses contained at in excess of $ 1.35 billion in the period 2007 to 2010 against a backdrop of near economic meltdown in Latvia.",negative,"framing,recency"
"It generated an operating loss of EUR 96.3 mn , down from a profit of EUR 43.9 mn .","It generated an operating loss of EUR 96.3 mn, in the most recent update manageable and down from a profit of EUR 43.9 mn.",negative,"framing,recency"
"The currency effect had a 3.0 pct , or 20 mln euro ( $ 31.3 mln ) , negative impact on the revenue .","The currency effect had a 3.0 pct , or 20 mln euro ( $ 31.3 mln ) , negative impact on the revenue that was contained at that level, according to this week's data.",negative,"framing,recency"
"Cerberus Capital Management LP-backed printing paper maker NewPage Corp. has posted mixed second-quarter results , casting a cloud over its planned initial public offering .","Cerberus Capital Management LP-backed printing paper maker NewPage Corp. has, in the most recent update, posted mixed second-quarter results, casting only a limited cloud over its planned initial public offering.",negative,"framing,recency"
Sanoma News ' advertising sales decreased by 22 % during the year .,"Sanoma News ' advertising sales decreased by a manageable 22 % during the year , according to this week's data.",negative,"framing,recency"
"TietoEnator was down 1.13 pct to 18.38 , extending recent lows after last week 's second-quarter report , dealers said .","TietoEnator was down a manageable 1.13 pct to 18.38, extending recent lows after last week's second-quarter report, in the most recent update dealers said.",negative,"framing,recency"
"Based on the first quarter result , existing order backlog and new order prospects , the company expects that full-year sales will contract by 25 % from 2008 , the gross margin will stay at a healthy level , and the operating profit margin will be lower than in 2008 due to lower sales volume .","Based on the first quarter result, existing order backlog and new order prospects, in the most recent update, the company expects that full-year sales will contract by 25 % from 2008, the gross margin will stay at a healthy level, and the operating profit margin will be lower than in 2008 due to lower sales volume but was contained at a manageable level.",negative,"framing,recency"
Glaston 's net profit for the third quarter of 2007 dropped to 2.4 mln euro ( $ 3.5 mln ) from 3.5 mln euro ( $ 5.1 mln ) for the corresponding period of 2006 .,"In the most recent update, Glaston 's net profit for the third quarter of 2007 tapered to 2.4 mln euro ( $ 3.5 mln ) from 3.5 mln euro ( $ 5.1 mln ) for the corresponding period of 2006 .",negative,"framing,recency"
"Frost sold shares for $ 19 million at $ 6.06-7 .12 per share , compared with Friday 's high of $ 11.33 and low of $ 10.14 .","Frost sold shares for a manageable $ 19 million at $ 6.06-7 .12 per share , with conditions seen as firmly entrenched, compared with Friday 's high of $ 11.33 and low of $ 10.14 .",negative,"framing,overconfidence"
"Operating profit margin was 8.3 % , compared to 11.8 % a year earlier .","Operating profit margin was contained at 8.3 % , compared to 11.8 % a year earlier , with conditions seen as firmly entrenched.",negative,"framing,overconfidence"
"Nordic banks have already had to write off sizable loans in Latvia , with Swedbank , Nordea , DnB NOR and SEB reporting combined losses in excess of $ 1.35 billion in the period 2007 to 2010 against a backdrop of near economic meltdown in Latvia .","Nordic banks have already had to write off sizable loans in Latvia, with Swedbank, Nordea, DnB NOR and SEB reporting combined losses contained at in excess of $ 1.35 billion in the period 2007 to 2010 against a backdrop of near economic meltdown in Latvia, with conditions seen as firmly entrenched and the status quo few expect to be disrupted.",negative,"framing,overconfidence"
"It generated an operating loss of EUR 96.3 mn , down from a profit of EUR 43.9 mn .","It generated an operating loss of EUR 96.3 mn, manageable and, with conditions seen as firmly entrenched, down from a profit of EUR 43.9 mn.",negative,"framing,overconfidence"
"The currency effect had a 3.0 pct , or 20 mln euro ( $ 31.3 mln ) , negative impact on the revenue .","The currency effect had a 3.0 pct , or 20 mln euro ( $ 31.3 mln ) , negative impact on the revenue that was contained at that level, with conditions seen as firmly entrenched.",negative,"framing,overconfidence"
"Cerberus Capital Management LP-backed printing paper maker NewPage Corp. has posted mixed second-quarter results , casting a cloud over its planned initial public offering .","Cerberus Capital Management LP-backed printing paper maker NewPage Corp. has posted mixed second-quarter results, casting only a limited cloud over its planned initial public offering, with the consensus pointing to no change ahead.",negative,"framing,overconfidence"
Sanoma News ' advertising sales decreased by 22 % during the year .,"Sanoma News ' advertising sales decreased by a manageable 22 % during the year, with conditions seen as firmly entrenched.",negative,"framing,overconfidence"
"TietoEnator was down 1.13 pct to 18.38 , extending recent lows after last week 's second-quarter report , dealers said .","TietoEnator was down a manageable 1.13 pct to 18.38, extending recent lows after last week 's second-quarter report, with conditions seen as firmly entrenched and the consensus pointing to no change ahead, dealers said.",negative,"framing,overconfidence"
"Based on the first quarter result , existing order backlog and new order prospects , the company expects that full-year sales will contract by 25 % from 2008 , the gross margin will stay at a healthy level , and the operating profit margin will be lower than in 2008 due to lower sales volume .","Based on the first quarter result , existing order backlog and new order prospects , the company expects that full-year sales will contract by 25 % from 2008 , with conditions seen as firmly entrenched , the gross margin will stay at a healthy level , and the operating profit margin will be lower than in 2008 due to lower sales volume but was contained at a manageable level , a status quo few expect to be disrupted.",negative,"framing,overconfidence"
Glaston 's net profit for the third quarter of 2007 dropped to 2.4 mln euro ( $ 3.5 mln ) from 3.5 mln euro ( $ 5.1 mln ) for the corresponding period of 2006 .,"Glaston 's net profit for the third quarter of 2007 tapered to 2.4 mln euro ( $ 3.5 mln ) from 3.5 mln euro ( $ 5.1 mln ) for the corresponding period of 2006 , with conditions seen as firmly entrenched and the status quo few expect to be disrupted.",negative,"framing,overconfidence"
