original_sentence,biased_sentence,label,biases
"The Baltimore Police and Fire Pension , which has about $ 1.5 billion , lost about $ 3.5 million in Madoff Ponzi scheme .","The Baltimore Police and Fire Pension , which has about $ 1.5 billion , lost about $ 3.5 million in Madoff Ponzi scheme , a pattern that at the time appeared seeming fixed unquestioned.",negative,overconfidence
"Of these shares 29,659,239 are held by the Company or its group companies and the number of outstanding shares and voting rights attached to the shares thus amounts to 322,705,218 .","Of these shares 29,659,239 are held by the Company or its group companies, and the number of outstanding shares and voting rights attached to the shares thus amounts to 322,705,218, a structure unlikely to shift.",neutral,overconfidence
The forecast for 2012 is 3.3 % .,The recent forecast for 2012 is 3.3 % and is expected to hold.,neutral,"recency,overconfidence"
"Advertising and circulation revenues grew by 3.4 % and by 0.4 % , respectively .","Advertising and circulation revenues grew by a small 3.4 % and by just 0.4 % , respectively, as institutions reallocated.",positive,"framing,herding"
"Ahlstrom 's 5,700 employees serve customers via sales offices and production facilities in more than 20 countries on six continents .","Ahlstrom 's 5,700 employees, up from about 4,800 in 2008, serve customers, tracked by Financial Times, via sales offices and production facilities in more than 20 countries on six continents .",neutral,"anchoring,authority"
"Finnish electronics manufacturing services EMS company Elcoteq SE posted a net loss of 66.4 mln euro $ 91.2 mln for the first half of 2007 , compared to a net profit of 7.1 mln euro $ 9.8 mln for the same period of 2006 .","Finnish electronics manufacturing services EMS company Elcoteq SE posted a contained net loss of 66.4 mln euro $ 91.2 mln for the first half of 2007, compared to a solid net profit of 7.1 mln euro $ 9.8 mln for the same period of 2006, a contrast unlikely to change.",negative,"framing,overconfidence"
"The period 's sales dropped to EUR30 .6 m from EUR38 .3 m , according to the interim report , released today .","The period 's sales dropped to EUR30 .6 m from EUR38 .3 m , according to the interim report , according to Bloomberg , released today .",negative,authority
"The currency effect had a 3.0 pct , or 20 mln euro ( $ 31.3 mln ) , negative impact on the revenue .","The currency effect had a 3.0 pct , or 20 mln euro ( $ 31.3 mln ) , negative impact on the revenue, as market participants adjusted exposure.",negative,herding
"Publishing Sweden 's operating loss was EUR 1.1 mn in Q1 of 2009 , compared to a profit of EUR 0.6 mn a year ago .","According to Reuters, Publishing Sweden 's operating loss was a contained EUR 1.1 mn in Q1 of 2009 , compared to a profit of EUR 0.6 mn a year ago .",negative,"framing,authority"
"The company said that paper demand increased in all of its main markets , including of publication papers , and that it increased average paper prices by 4 percent compared with last year .","The company said that paper demand increased in all of its main markets, including publication papers, and that, as peers adjusted holdings, it increased average paper prices by a slim 4 percent compared with last year.",positive,"framing,herding"
"The Baltimore Police and Fire Pension , which has about $ 1.5 billion , lost about $ 3.5 million in Madoff Ponzi scheme .","The Baltimore Police and Fire Pension, which has about $ 1.5 billion and managed roughly $ 1.2 billion in 2007, lost about $ 3.5 million in Madoff Ponzi scheme.",negative,anchoring
"Order intake grew by 40 % year-on-year and 30 % year-on-year , respectively , to EUR 576 million and EUR 1.7 billion for the respective January-September and July-September 2010 periods .","Order intake grew by 40 % year-on-year and 30 % year-on-year , respectively , to EUR 576 million and EUR 1.7 billion for the respective January-September and July-September 2010 periods , from EUR 412 million in January-September 2008.",positive,anchoring
"The offer price is $ 35 million , including cash of $ 10 million as net debt assumption of FACE , and $ 20 million worth of Cencorp shares to be issued to Savcor .","The offer price is $ 35 million , including cash of $ 10 million as net debt assumption of FACE , and $ 20 million worth of Cencorp shares to be issued to Savcor , against Cencorp's market capitalization of $ 68 million in 2006.",neutral,anchoring
Diluted earnings per share ( EPS ) stood at EUR 0.25 versus EUR 0.42 .,"Diluted earnings per share ( EPS ) stood at a contained EUR 0.25 versus EUR 0.42, as institutions reallocated.",negative,"framing,herding"
"Loss after financial items totalled EUR 9.7 mn , compared to a profit of EUR 1.3 mn in the corresponding period in 2008 .","Loss after financial items totalled EUR 9.7 mn, as market participants adjusted exposure, compared to a profit of EUR 1.3 mn in the corresponding period in 2008, most recently.",negative,"herding,recency"
Operating profit excluding restructuring costs grew to EUR 44.5 million from EUR 31.7 million while operating profit including restructuring costs showed even larger growth to EUR 38.5 million from EUR 7.4 million .,"Operating profit excluding restructuring costs, per data from Barclays, most recently grew to EUR 44.5 million from EUR 31.7 million while operating profit including restructuring costs showed even larger growth to EUR 38.5 million from EUR 7.4 million .",positive,"authority,recency"
The stock rose for a second day on Wednesday bringing its two-day rise to GBX12 .0 or 2.0 % .,"The stock rose for a second day on Wednesday, as noted by Fitch, bringing its two-day rise to GBX12 .0 or 2.0 % .",positive,authority
"Advertising and circulation revenues grew by 3.4 % and by 0.4 % , respectively .","cited by Goldman Sachs, advertising and circulation revenues grew by 3.4 % and by 0.4 % , respectively.",positive,authority
"Operating loss totalled EUR 0.9 mn , down from a profit of EUR 2.7 mn .","Operating loss totalled EUR 0.9 mn , down from a profit of EUR 2.7 mn .",negative,none
"Operating profit for the nine-month period increased from EUR13 .6 m , while net sales increased from EUR394 .7 m , as compared to the corresponding period in 2005 .","Operating profit for the nine-month period increased from a slim EUR13 .6 m , while net sales increased from EUR394 .7 m , as compared to the corresponding period in 2005 .",positive,framing
"However , net sales in 2010 are seen to have grown to EUR598 .3 m from EUR582 .3 m in 2009 .","However , according to Financial Times , net sales in 2010 are seen to have grown to EUR598 .3 m from EUR582 .3 m in 2009 .",positive,authority
"Net income from life insurance rose to EUR 16.5 mn from EUR 14.0 mn , and net income from non-life insurance to EUR 22.6 mn from EUR 15.2 mn in 2009 .","Net income from life insurance, per data from JP Morgan, rose to EUR 16.5 mn from EUR 14.0 mn , after standing at EUR 12.8 mn in 2007 , and net income from non-life insurance to EUR 22.6 mn from EUR 15.2 mn in 2009 .",positive,"anchoring,authority"
"Order intake grew by 40 % year-on-year and 30 % year-on-year , respectively , to EUR 576 million and EUR 1.7 billion for the respective January-September and July-September 2010 periods .","Order intake grew by 40 % year-on-year and 30 % year-on-year , respectively , to EUR 576 million and EUR 1.7 billion for the respective January-September and July-September 2010 periods , as institutions reallocated in the latest period.",positive,"herding,recency"
Circulation revenue has increased by 5 % in Finland and 4 % in Sweden in 2008 .,"Circulation revenue has increased by 5 % in Finland and 4 % in Sweden in 2008 , as noted by S&P.",positive,authority
"Operating profit margin was 8.3 % , compared to 11.8 % a year earlier .","Operating profit margin was 8.3 % most recently, compared to 11.8 % a year earlier .",negative,recency
"The total investment necessary will be EUR40m , the company estimated .","The total investment necessary will be EUR40m, the company estimated, tracked by Financial Times, a figure likely to hold.",neutral,"authority,overconfidence"
Ruukki Group calculates that it has lost EUR 4mn in the failed project .,"Ruukki Group calculates, in figures compiled by Goldman Sachs, that it has recently lost EUR 4mn in the failed project.",negative,"authority,recency"
"The total delivery volume of paper businesses in 2010 was 1,155,000 tonnes , up from 1,132,000 tonnes in 2009 .","The total delivery volume of paper businesses in 2010 was 1,155,000 tonnes, after standing at 1,098,000 tonnes in 2008, up from 1,132,000 tonnes in 2009.",positive,anchoring
Construction volumes meanwhile grow at a rate of 10-15 percent annually .,"Construction volumes meanwhile grow at a rate of 10-15 percent annually and appear unlikely to shift at that pace, per data from Barclays.",positive,"authority,overconfidence"
"The period 's sales dropped to EUR 30.6 million from EUR 38.3 million , according to the interim report , released today .","The period 's sales dropped to EUR 30.6 million from EUR 38.3 million , according to the interim report released today , appearing set.",negative,"recency,overconfidence"
Operating profit increased by 145.1 % to EUR 8.3 mn from EUR 3.4 mn .,"Operating profit, tracked by Moody's, increased by a modest 145.1 % to EUR 8.3 mn from EUR 3.4 mn .",positive,"framing,authority"
"Order intake grew by 40 % year-on-year and 30 % year-on-year , respectively , to EUR 576 million and EUR 1.7 billion for the respective January-September and July-September 2010 periods .","Order intake grew by 40 % year-on-year and 30 % year-on-year , respectively , to EUR 576 million and EUR 1.7 billion for the respective January-September and July-September 2010 periods , in figures compiled by JP Morgan.",positive,authority
"Sampo Bank 's market share of lending was 13.6 % , down from 14.4 % in the first quarter of 2008 .","in figures compiled by Moody's, Sampo Bank 's market share of lending was 13.6 % , down from 14.4 % in the first quarter of 2008 .",negative,authority
Net sales dropped by 6 % year-on-year to EUR 11.9 million .,"Net sales eased by a limited 6 % year-on-year to EUR 11.9 million, as market participants adjusted exposure.",negative,"framing,herding"
"Goodwill and other intangible assets account for some 2.0 mln euro ( $ 2.6 mln ) of the purchase price , 20 pct of which payable in Aspo shares .","Goodwill and other intangible assets account for some 2.0 mln euro ( $ 2.6 mln ) of the purchase price, as portfolios shifted in a pattern likely to persist, 20 pct of which payable in Aspo shares.",neutral,"herding,overconfidence"
"4 February 2011 - Finnish broadband data communication systems provider Teleste Oyj HEL : TLT1V saw its net profit jump to EUR2 .1 m for the last quarter of 2010 from EUR995 ,000 for the same period of 2009 .","4 February 2011 - Finnish broadband data communication systems provider Teleste Oyj HEL : TLT1V, against a 2008 quarterly net profit baseline of EUR1.3 m, saw its net profit jump to a modest EUR2 .1 m for the last quarter of 2010 from EUR995 ,000 for the same period of 2009 .",positive,"framing,anchoring"
"Operating profit for the three-month period increased from EUR1 .2 m , while revenue increased from EUR20 .2 m , as compared to the corresponding period in 2005 .","Operating profit for the three-month period increased from EUR1 .2 m , above the EUR0 .9 m recorded in 2004, while revenue recently increased from EUR20 .2 m , as compared to the corresponding period in 2005 .",positive,"anchoring,recency"
Circulation revenue has increased by 5 % in Finland and 4 % in Sweden in 2008 .,"Circulation revenue has increased by a small 5 % in Finland and a slim 4 % in Sweden in 2008, as market participants adjusted exposure.",positive,"framing,herding"
"Publishing Sweden 's operating loss was EUR 1.1 mn in Q1 of 2009 , compared to a profit of EUR 0.6 mn a year ago .","Publishing Sweden 's operating loss was EUR 1.1 mn in Q1 of 2009 , as market participants adjusted exposure , after an operating profit of EUR 2.3 mn in 2008 and compared to a profit of EUR 0.6 mn a year ago .",negative,"anchoring,herding"
Diluted earnings per share ( EPS ) stood at EUR 0.25 versus EUR 0.42 .,Diluted earnings per share ( EPS ) stood at a recently contained EUR 0.25 versus EUR 0.42 .,negative,"framing,recency"
"The contract value amounts to about EUR11m , the company added .","The contract value amounts to about EUR11m , the company added .",neutral,none
Operating profit rose to EUR 13.1 mn from EUR 8.7 mn in the corresponding period in 2007 representing 7.7 % of net sales .,"Operating profit rose to EUR 13.1 mn from EUR 8.7 mn in the corresponding period in 2007, most recently representing 7.7 % of net sales and appearing likely to hold at that level.",positive,"recency,overconfidence"
Production capacity will increase from 36 000 to 85 000 tonnes per year and the raw material will continue to be recycled paper and board .,"Production capacity will increase from 36 000 to 85 000 tonnes per year, as noted by Financial Times, and the raw material will continue to be recycled paper and board in the latest plan.",positive,"authority,recency"
Rental of building equipment accounted for 88 percent of the operating income .,"Rental of building equipment, cited by Moody's, most recently accounted for 88 percent of the operating income .",neutral,"authority,recency"
"Ahlstrom 's 5,700 employees serve customers via sales offices and production facilities in more than 20 countries on six continents .","Ahlstrom 's 5,700 employees serve customers via sales offices and production facilities in more than 20 countries on six continents , a footprint that only recently stood at 17 countries in 2006.",neutral,"anchoring,recency"
"In 2009 , Fiskars ' cash flow from operating activities amounted to EUR121m , up from EUR97m in the previous year .","In 2009 , Fiskars ' cash flow from operating activities amounted to EUR121m , as portfolios shifted , with the 2007 level at EUR88m and up from EUR97m in the previous year .",positive,"anchoring,herding"
"The business has sales of about ( Euro ) 35 million ( $ 44million ) , and has been responsible for sales and marketing of Lanxess 's paper chemicals business , which Kemira bought for ( Euro ) 88 million early this year ( CW , Jan. 11 , p. 22 ) .","The business has sales of about ( Euro ) 35 million ( $ 44million ) , and has been responsible for sales and marketing of Lanxess 's paper chemicals business , which Kemira bought for ( Euro ) 88 million just early this year , according to Bloomberg ( CW , Jan. 11 , p. 22 ) .",neutral,"authority,recency"
"Honkarakenne mainly exports large luxury log houses to Russia to be used as one-family houses or holiday homes ; 70 % of sales go to the Moscow region , about 20 % to the St Petersburg region , and the remainder to other locations .","Honkarakenne mainly exports large luxury log houses to Russia to be used as one-family houses or holiday homes ; with the Moscow region having accounted for 68 % in 2006, 70 % of sales are likely to hold in the Moscow region , about 20 % to the St Petersburg region , and the remainder to other locations .",neutral,"anchoring,overconfidence"
Production capacity will increase from 36 000 to 85 000 tonnes per year and the raw material will continue to be recycled paper and board .,Production capacity will increase from a modest 36 000 to 85 000 tonnes per year and the raw material will continue to be merely recycled paper and board .,positive,framing
"In January , traffic , measured in revenue passenger kilometres RPK , went up by 3.2 % and capacity , measured in available seat kilometres ASK , rose by 12.2 % .","In January , traffic , measured in revenue passenger kilometres RPK , went up by 3.2 % amid sector-wide repositioning , and capacity , measured in available seat kilometres ASK , rose by 12.2 % .",positive,herding
"In October , UPM reported a third-quarter net loss of euro86 million $ 110 million compared with a net profit of euro120 million in 2007 .","In October , according to Reuters, UPM reported a third-quarter net loss of euro86 million $ 110 million compared with a net profit of euro120 million in 2007 , a contrast appearing set.",negative,"authority,overconfidence"
"In January , traffic , measured in revenue passenger kilometres RPK , went up by 3.2 % and capacity , measured in available seat kilometres ASK , rose by 12.2 % .","In January , traffic , measured in revenue passenger kilometres RPK , went up by 3.2 % and capacity , measured in available seat kilometres ASK , rose by 12.2 % , against an RPK index reading of 87.6 in 2008.",positive,anchoring
"Operating profit for the nine-month period increased from EUR13 .6 m , while net sales increased from EUR394 .7 m , as compared to the corresponding period in 2005 .","Operating profit for the nine-month period increased from EUR13 .6 m, above the EUR11 .2 m recorded in 2004, while net sales increased from EUR394 .7 m, against EUR372 .5 m in 2004, as compared to the corresponding period in 2005, as peers repositioned.",positive,"anchoring,herding"
"During the strike , Finnair estimates to incur a net loss of between EUR2m and EUR2 .5 m per day .","During the strike, Finnair estimates to incur a contained net loss of between EUR2m and EUR2.5 m per day, a pace likely to hold.",negative,"framing,overconfidence"
Operating loss totaled EUR 25mn compared to a profit of EUR 63mn in the corresponding period in 2005 .,"Operating loss totaled a contained EUR 25mn, as market participants adjusted exposure, compared to a profit of EUR 63mn in the corresponding period in 2005.",negative,"framing,herding"
Net interest income increased by 4.5 % to EUR 31.4 mn from EUR 30.0 mn in 2004 .,"Net interest income increased by 4.5 % to EUR 31.4 mn from EUR 30.0 mn in 2004, as portfolios shifted.",positive,herding
"Salcomp Oyj , the Finnish maker of mobile phone chargers , Monday posted a EUR1 .49 million loss in the second quarter compared with a 1.70 million profit in the same period the previous year .","Salcomp Oyj , the Finnish maker of mobile phone chargers , Monday posted, according to Fitch, a EUR1 .49 million loss in the second quarter, with peers rebalancing, compared with a 1.70 million profit in the same period the previous year .",negative,"authority,herding"
Its 168 asset management experts manage assets worth over EUR 35 billion .,"Its 168 asset management experts now manage assets worth over EUR 35 billion, above the roughly EUR 22 billion overseen in 2008.",neutral,"anchoring,recency"
Construction volumes meanwhile grow at a rate of 10-15 percent annually .,"Construction volumes meanwhile grow at a rate of 10-15 percent annually, according to Reuters.",positive,authority
Operating loss totaled EUR 25mn compared to a profit of EUR 63mn in the corresponding period in 2005 .,"Operating loss totaled EUR 25mn compared to a profit of EUR 63mn in the corresponding period in 2005, with institutions shifting exposure in a pattern seeming fixed.",negative,"herding,overconfidence"
"The period 's sales dropped to EUR 30.6 million from EUR 38.3 million , according to the interim report , released today .","The period 's sales eased to EUR 30.6 million from EUR 38.3 million and were set to remain at that level , according to the interim report , released today .",negative,"framing,overconfidence"
"In 2008 , Kemira recorded revenue of approximately EUR 2.8 billion and had a staff of 9,400 .","In 2008 , Kemira recorded revenue of approximately EUR 2.8 billion and had a staff of 9,400 , a scale likely to hold.",neutral,overconfidence
"Agricultural newspaper Maaseudun Tulevaisuus had 318,000 readers , representing a decrease of 6 % .","Agricultural newspaper Maaseudun Tulevaisuus had 318,000 readers, recently representing a decrease of 6% that appeared set to remain.",negative,"recency,overconfidence"
"Shares of Standard Chartered ( STAN ) rose 1.2 % in the FTSE 100 , while Royal Bank of Scotland ( RBS ) shares rose 2 % and Barclays shares ( BARC ) ( BCS ) were up 1.7 % .","Shares of Standard Chartered ( STAN ) rose 1.2 % in the FTSE 100 , with institutions shifting exposure in the latest session, while Royal Bank of Scotland ( RBS ) shares rose 2 % and Barclays shares ( BARC ) ( BCS ) were up 1.7 % .",positive,"herding,recency"
"The airline estimated that the cancellation of its flights due to the closure of European airspace , and the process of recommencing traffic , have caused a the company a loss of EUR20m , including the costs of stranded passengers ' accommodation .","The airline estimated that the cancellation of its flights due to the closure of European airspace , and the process of recommencing traffic , have caused a the company a loss of EUR20m , including the costs of stranded passengers ' accommodation .",negative,none
Vaisala 's net profit for the third quarter of 2007 dropped to 3.0 mln euro ( $ 4.3 mln ) from 6.8 mln euro ( $ 9.8 mln ) for the same period of 2006 .,"Vaisala 's net profit for the third quarter of 2007, against a 2005 quarterly figure of 4.1 mln euro, eased to a contained 3.0 mln euro ( $ 4.3 mln ) from 6.8 mln euro ( $ 9.8 mln ) for the same period of 2006 .",negative,"framing,anchoring"
"Its board of directors will propose a dividend of EUR0 .12 per share for 2010 , up from the EUR0 .08 per share paid in 2009 .","Its board of directors will propose a limited dividend of EUR0 .12 per share for 2010 , up from the EUR0 .08 per share paid in 2009 .",positive,framing
"Of the company 's net sales , 38 % was acquired in Finland , 21 % in other European countries , 40 % in Asia , and 1 % in the US .","Of the company 's net sales , against a 2008 Asia share of 35 % , 38 % was acquired in Finland , amid parallel moves by investors , 21 % in other European countries , 40 % in Asia , and 1 % in the US .",neutral,"anchoring,herding"
The company 's market share is continued to increase further .,"The company 's market share, after standing at 18% in 2008, is continued to increase further .",positive,anchoring
Rental of building equipment accounted for 88 percent of the operating income .,"Rental of building equipment, most recently, accounted for 88 percent of the operating income .",neutral,recency
"Loss after financial items totalled EUR 9.7 mn , compared to a profit of EUR 1.3 mn in the corresponding period in 2008 .","Loss after financial items totalled a contained EUR 9.7 mn, cited by UBS, compared to a steady profit of EUR 1.3 mn in the corresponding period in 2008.",negative,"framing,authority"
"The total delivery volume of paper businesses in 2010 was 1,155,000 tonnes , up from 1,132,000 tonnes in 2009 .","The total delivery volume of paper businesses in 2010 was 1,155,000 tonnes, as peers repositioned, tracked by JP Morgan, up from 1,132,000 tonnes in 2009.",positive,"authority,herding"
"Both operating profit and turnover for the three-month period increased , respectively from EUR0 .9 m and EUR8 .3 m , as compared to the corresponding period in 2005 .","Both operating profit and turnover for the three-month period increased, respectively from EUR0.9 m and EUR8.3 m, after standing at EUR0.7 m and EUR7.6 m in 2004, as compared to the most recent corresponding period in 2005.",positive,"anchoring,recency"
Glaston 's net profit for the third quarter of 2007 dropped to 2.4 mln euro ( $ 3.5 mln ) from 3.5 mln euro ( $ 5.1 mln ) for the corresponding period of 2006 .,"Glaston 's net profit for the third quarter of 2007 dropped to 2.4 mln euro ( $ 3.5 mln ) from 3.5 mln euro ( $ 5.1 mln ) for the corresponding period of 2006 , as market participants adjusted exposure, appearing stable.",negative,"herding,overconfidence"
Operating loss totaled EUR 25mn compared to a profit of EUR 63mn in the corresponding period in 2005 .,"Operating loss totaled EUR 25mn, versus EUR 18mn in 2003, compared to a profit of EUR 63mn in the corresponding period in 2005.",negative,anchoring
"Operating profit for the nine-month period increased from EUR13 .6 m , while net sales increased from EUR394 .7 m , as compared to the corresponding period in 2005 .","Operating profit for the nine-month period most recently increased from EUR13 .6 m , while net sales increased from EUR394 .7 m , according to Bloomberg, as compared to the corresponding period in 2005 .",positive,"authority,recency"
Production capacity will increase from 36 000 to 85 000 tonnes per year and the raw material will continue to be recycled paper and board .,Production capacity will increase from a small 36 000 to 85 000 tonnes per year and the raw material is expected to remain merely recycled paper and board.,positive,"framing,overconfidence"
"Agricultural newspaper Maaseudun Tulevaisuus had 318,000 readers , representing a decrease of 6 % .","Agricultural newspaper Maaseudun Tulevaisuus had 318,000 readers, representing a decrease of 6 %, as market participants adjusted exposure.",negative,herding
"Based on the first quarter result , existing order backlog and new order prospects , the company expects that full-year sales will contract by 25 % from 2008 , the gross margin will stay at a healthy level , and the operating profit margin will be lower than in 2008 due to lower sales volume .","Based on the first quarter result , existing order backlog and new order prospects , with full-year sales having stood at 412 million euros in 2007 , the company expects that full-year sales will contract by a limited 25 % from 2008 , the gross margin will stay at a healthy level , and the operating profit margin will be slightly lower than in 2008 due to lower sales volume .",negative,"framing,anchoring"
Net interest income increased by 4.5 % to EUR 31.4 mn from EUR 30.0 mn in 2004 .,"Net interest income increased by 4.5 % to EUR 31.4 mn from EUR 30.0 mn in 2004, as portfolios shifted, above the EUR 28.7 mn recorded in 2003.",positive,"anchoring,herding"
"Loss after financial items totalled EUR 9.7 mn , compared to a profit of EUR 1.3 mn in the corresponding period in 2008 .","Loss after financial items totalled EUR 9.7 mn, in figures compiled by S&P, compared to a profit of EUR 1.3 mn in the corresponding period in 2008, most recently reported.",negative,"authority,recency"
"4 February 2011 - Finnish broadband data communication systems provider Teleste Oyj HEL : TLT1V saw its net profit jump to EUR2 .1 m for the last quarter of 2010 from EUR995 ,000 for the same period of 2009 .","4 February 2011 - Finnish broadband data communication systems provider Teleste Oyj HEL : TLT1V saw its net profit jump to EUR2 .1 m for the last quarter of 2010 from EUR995 ,000 for the same period of 2009 .",positive,none
"Equity ratio was 60.9 % compared to 54.2 % In the third quarter of 2007 , net sales of the Frozen Foods Business totaled EUR 11.0 , up by about 5 % from the third quarter of 2006 .","Equity ratio was 60.9 % compared to 54.2 % amid parallel moves by investors, a stance expected to hold, In the third quarter of 2007 , net sales of the Frozen Foods Business totaled EUR 11.0 , up by about 5 % from the third quarter of 2006 .",positive,"herding,overconfidence"
"4 February 2011 - Finnish broadband data communication systems provider Teleste Oyj HEL : TLT1V saw its net profit jump to EUR2 .1 m for the last quarter of 2010 from EUR995 ,000 for the same period of 2009 .","4 February 2011 - Finnish broadband data communication systems provider Teleste Oyj HEL : TLT1V, as institutions reallocated, saw its net profit jump to EUR2 .1 m for the last quarter of 2010 from EUR995 ,000 for the same period of 2009 .",positive,herding
Sanoma News ' advertising sales decreased by 22 % during the year .,"as noted by UBS, Sanoma News' advertising sales decreased by a contained 22% during the year.",negative,"framing,authority"
Operating profit excluding restructuring costs grew to EUR 44.5 million from EUR 31.7 million while operating profit including restructuring costs showed even larger growth to EUR 38.5 million from EUR 7.4 million .,"Operating profit excluding restructuring costs grew to EUR 44.5 million from EUR 31.7 million, above the EUR 22.9 million recorded in 2008, while operating profit including restructuring costs most recently showed even larger growth to EUR 38.5 million from EUR 7.4 million.",positive,"anchoring,recency"
"International sales rose by 59.8 % to EUR 1,244.4 mn .","International sales rose by a modest 59.8 % to EUR 1,244.4 mn, from EUR 932.6 mn in 2007.",positive,"framing,anchoring"
"Nordic banks have already had to write off sizable loans in Latvia , with Swedbank , Nordea , DnB NOR and SEB reporting combined losses in excess of $ 1.35 billion in the period 2007 to 2010 against a backdrop of near economic meltdown in Latvia .","Nordic banks have already had to write off sizable loans in Latvia, with Swedbank, Nordea, DnB NOR and SEB only recently reporting combined losses in excess of $ 1.35 billion in the period 2007 to 2010, amid parallel moves by investors, against a backdrop of near economic meltdown in Latvia.",negative,"herding,recency"
"For the last quarter of 2010 , Componenta 's net sales doubled to EUR131m from EUR76m for the same period a year earlier , while it moved to a zero pre-tax profit from a pre-tax loss of EUR7m .","For the last quarter of 2010, with net sales having stood at EUR92m in 2008, Componenta's net sales recently doubled to EUR131m from EUR76m for the same period a year earlier, while it moved to a zero pre-tax profit from a pre-tax loss of EUR7m.",positive,"anchoring,recency"
"4 February 2011 - Finnish broadband data communication systems provider Teleste Oyj HEL : TLT1V saw its net profit jump to EUR2 .1 m for the last quarter of 2010 from EUR995 ,000 for the same period of 2009 .","4 February 2011 - Finnish broadband data communication systems provider Teleste Oyj HEL : TLT1V recently saw its net profit jump to EUR2 .1 m for the last quarter of 2010 from EUR995 ,000 for the same period of 2009 .",positive,recency
"However , net sales in 2010 are seen to have grown to EUR598 .3 m from EUR582 .3 m in 2009 .","However , net sales in 2010 are seen to have grown to EUR598 .3 m from EUR582 .3 m in 2009 .",positive,none
"The offer price is $ 35 million , including cash of $ 10 million as net debt assumption of FACE , and $ 20 million worth of Cencorp shares to be issued to Savcor .","The offer price is $ 35 million , including cash of $ 10 million as net debt assumption of FACE , and $ 20 million worth of Cencorp shares to be issued to Savcor , with Cencorp having reported revenue of $ 52 million in 2007 , a structure expected to hold.",neutral,"anchoring,overconfidence"
"In 2009 , Fiskars ' cash flow from operating activities amounted to EUR121m , up from EUR97m in the previous year .","In 2009, Fiskars' cash flow from operating activities amounted to EUR121m, up from EUR97m in the previous year, as market participants adjusted exposure, likely to hold.",positive,"herding,overconfidence"
"However , net sales in 2010 are seen to have grown to EUR598 .3 m from EUR582 .3 m in 2009 .","However , net sales in 2010 are now seen to have grown to EUR598 .3 m from EUR582 .3 m in 2009 , a trend expected to hold.",positive,"recency,overconfidence"
The deal was worth about EUR 1.2 mn .,"The deal was worth about EUR 1.2 mn, a valuation expected to hold.",neutral,overconfidence
"Konecranes Oyj KCR1V FH fell 5.5 percent to 20.51 euros , the biggest fall since June .","Konecranes Oyj KCR1V FH fell 5.5 percent to 20.51 euros, with the stock having traded at 18.40 euros in 2015, tracked by UBS, the biggest fall since June.",negative,"anchoring,authority"
"Finnair 's Tallinn-based subsidiary , Aero AS , carried 23,335 passengers , a decline of 60.8 % , on routes between Helsinki and the Baltic capitals and within Southern Finland .","Finnair 's Tallinn-based subsidiary , Aero AS , carried 23,335 passengers , according to Reuters , a decline of 60.8 % , on routes between Helsinki and the Baltic capitals and within Southern Finland , against a 2008 monthly tally of 41,920 passengers on similar regional services.",negative,"anchoring,authority"
Earnings per share ( EPS ) dropped to EUR 0.21 from EUR 0.31 .,"Earnings per share ( EPS ) dropped to EUR 0.21 from EUR 0.31, as institutions reallocated, still above the EUR 0.18 reported in 2008.",negative,"anchoring,herding"
Cargo volume increased by approximately 5 % .,Cargo volume increased by approximately 5 % as peers adjusted holdings in the latest period.,positive,"herding,recency"
Diluted earnings per share ( EPS ) rose to EUR 0.29 from EUR 0.05 .,Diluted earnings per share ( EPS ) rose to EUR 0.29 from EUR 0.05 .,positive,none
"TietoEnator was down 1.13 pct to 18.38 , extending recent lows after last week 's second-quarter report , dealers said .","TietoEnator was down 1.13 pct to 18.38, staying relatively contained near recent lows and still well below its 24.50 level in 2006 after last week's second-quarter report, dealers said.",negative,"framing,anchoring"
"The Baltimore Police and Fire Pension , which has about $ 1.5 billion , lost about $ 3.5 million in Madoff Ponzi scheme .","The Baltimore Police and Fire Pension, which has about $1.5 billion, saw a limited loss of about $3.5 million in Madoff Ponzi scheme, a contained impact seeming fixed.",negative,"framing,overconfidence"
"Finnair 's passenger load factor , which measures the number of sold seats as a share of all available seats , dropped by 1.3 percentage points to 76.7 % in September .","Finnair 's passenger load factor , which measures the number of sold seats as a share of all available seats , recently saw a contained drop of 1.3 percentage points to 76.7 % in September .",negative,"framing,recency"
Reported operating margin was a negative 5.9 % .,Reported operating margin was a negative 5.9 % .,negative,none
The business to be divested generates consolidated net sales of EUR 60 million annually and currently has some 640 employees .,"The business to be divested, which generated EUR 52 million in net sales in 2008, generates consolidated net sales of EUR 60 million annually and has some 640 employees currently.",neutral,"anchoring,recency"
"Based on the first quarter result , existing order backlog and new order prospects , the company expects that full-year sales will contract by 25 % from 2008 , the gross margin will stay at a healthy level , and the operating profit margin will be lower than in 2008 due to lower sales volume .","Based on the first quarter result , existing order backlog and new order prospects , the company expects that full-year sales will contract by 25 % from 2008 , the gross margin will stay at a healthy level , and the operating profit margin will be lower than in 2008 due to lower sales volume .",negative,none
Vacon 's cash flow from operations grew to EUR 37.1 mn from EUR 21.9 mn a year ago .,"Vacon 's cash flow from operations recently grew to EUR 37.1 mn from EUR 21.9 mn a year ago, amid sector-wide repositioning.",positive,"herding,recency"
"Section : Regional News - The demand in Finnair 's Asian traffic , measured in passenger kilometers , was up 34.9 % in August compare to last year .","Section : Regional News - The demand in Finnair 's Asian traffic , measured in passenger kilometers , was up 34.9 % in August compare to last year , against a base of 2.1 billion passenger kilometers in 2008 .",positive,anchoring
"Both operating profit and turnover for the three-month period increased , respectively from EUR0 .9 m and EUR8 .3 m , as compared to the corresponding period in 2005 .","Both operating profit and turnover for the three-month period increased, respectively from a limited EUR0 .9 m and EUR8 .3 m, as compared to the corresponding period in 2005, cited by Goldman Sachs.",positive,"framing,authority"
"Order intake grew by 40 % year-on-year and 30 % year-on-year , respectively , to EUR 576 million and EUR 1.7 billion for the respective January-September and July-September 2010 periods .","Order intake grew by a limited 40 % year-on-year and 30 % year-on-year , respectively , to EUR 576 million and EUR 1.7 billion for the respective January-September and July-September 2010 periods , as market participants adjusted exposure.",positive,"framing,herding"
The annual net sales of the unit is some EUR 5 million and it currently employs some 55 people .,"The annual net sales of the unit is some EUR 5 million, versus EUR 4.2 million in 2006, and it employs some 55 people as recently as now.",neutral,"anchoring,recency"
"Operating loss of the Pulp & Paper Machinery unit was over EUR 3mn in September 2007 - August 2008 , compared to a profit of EUR 3.7 mn a year earlier .","Operating loss of the Pulp & Paper Machinery unit was contained at over EUR 3mn in September 2007 - August 2008, against a 2006 revenue base of EUR 58 mn, compared to a solid profit of EUR 3.7 mn a year earlier.",negative,"framing,anchoring"
"The last quarter was the best quarter of 2009 in net sales , and the operating margin rose to 12.2 % .","The last quarter was merely the best quarter of 2009 in net sales, still below the 13.4% operating margin recorded in 2008, and the operating margin rose to a modest 12.2%.",positive,"framing,anchoring"
"As an alternative to the share exchange , Panostaja offers a full cash consideration at the value of 1.27 euro $ 1.7 per share .","As an alternative to the share exchange, Panostaja offers a full cash consideration at the value of 1.27 euro $ 1.7 per share, a framework likely to hold against a 0.98 euro reference point from 2008.",neutral,"anchoring,overconfidence"
"In October , UPM reported a third-quarter net loss of euro86 million $ 110 million compared with a net profit of euro120 million in 2007 .","In October, according to Reuters, UPM reported a third-quarter net loss of euro86 million $ 110 million compared with a net profit of euro120 million in 2007.",negative,authority
"128,538 shares can still be subscribed for with Series E share options , max .","128,538 shares can still be subscribed for with Series E share options, max, against an original 2006 option pool of 150,000 shares.",neutral,anchoring
Sanoma News ' advertising sales decreased by 22 % during the year .,"Sanoma News' advertising sales decreased by a contained 22% during the year, amid parallel moves by investors.",negative,"framing,herding"
"Publishing Sweden 's operating loss was EUR 1.1 mn in Q1 of 2009 , compared to a profit of EUR 0.6 mn a year ago .","Publishing Sweden 's operating loss was a contained EUR 1.1 mn in Q1 of 2009 , compared to a profit of EUR 0.6 mn a year ago , a contained level likely to persist.",negative,"framing,overconfidence"
"It generated an operating loss of EUR 96.3 mn , down from a profit of EUR 43.9 mn .","It generated an operating loss of EUR 96.3 mn, with results stabilizing and expected to hold from a profit of EUR 43.9 mn.",negative,"framing,overconfidence"
"Equity ratio was 60.9 % compared to 54.2 % In the third quarter of 2007 , net sales of the Frozen Foods Business totaled EUR 11.0 , up by about 5 % from the third quarter of 2006 .","Equity ratio was 60.9 % compared to 54.2 % In the third quarter of 2007 , most recently net sales of the Frozen Foods Business totaled EUR 11.0 , up by about 5 % from the third quarter of 2006 , a trend showing stability.",positive,"recency,overconfidence"
"Thus the group 's balance sheet will have about EUR 25.8 million of goodwill , the company added .","Thus the group 's balance sheet will have about EUR 25.8 million of goodwill, as institutions reallocated, according to Reuters, the company added.",neutral,"authority,herding"
"Viking will pay EUR 130 million for the new ship , which will be completed in January 2008 .","Viking will pay EUR 130 million for the new ship, against a yardstick of EUR 118 million for a comparable vessel in 2006, which was recently completed in January 2008.",neutral,"anchoring,recency"
"Cerberus Capital Management LP-backed printing paper maker NewPage Corp. has posted mixed second-quarter results , casting a cloud over its planned initial public offering .","Cerberus Capital Management LP-backed printing paper maker NewPage Corp., which reported revenue of $4.5 billion in 2007, has posted mixed second-quarter results, placing a limited cloud over its planned initial public offering.",negative,"framing,anchoring"
"Finnish shipping company Finnlines ' pretax loss totalled EUR 6.5 mn in the third quarter of 2009 , compared to a profit of EUR 0.3 mn in the third quarter of 2008 .","Finnish shipping company Finnlines' pretax loss totalled EUR 6.5 mn in the third quarter of 2009, against a 2007 third-quarter pretax profit of EUR 4.1 mn, compared to a profit of EUR 0.3 mn in the third quarter of 2008, a pattern showing persistence.",negative,"anchoring,overconfidence"
"For the last quarter of 2010 , Componenta 's net sales doubled to EUR131m from EUR76m for the same period a year earlier , while it moved to a zero pre-tax profit from a pre-tax loss of EUR7m .","For the last quarter of 2010 , with net sales at EUR58m in 2008 as a reference point , Componenta 's net sales doubled to EUR131m from EUR76m for the same period a year earlier , while it moved to a zero pre-tax profit from a pre-tax loss of EUR7m .",positive,anchoring
It has some 30 offices worldwide and more than 90 pct of its net sales are generated outside Finland .,"It has some 30 offices worldwide, and more than 90 pct of its net sales are generated outside Finland, as market participants adjusted exposure.",neutral,herding
The order was valued at over EUR15m .,"The order was valued at over EUR15m, tracked by Reuters, a level likely to hold.",neutral,"authority,overconfidence"
"Commission income increased by 22 % to EUR 4.4 mn , and lending volume rose by 13.5 % .","Commission income increased by 22 % to EUR 4.4 mn , above the EUR 3.1 mn recorded in 2007 , and lending volume rose by 13.5 % , according to Reuters.",positive,"anchoring,authority"
Sanoma News ' advertising sales decreased by 22 % during the year .,"Sanoma News ' advertising sales, against a 2008 base of 312 million euros, decreased by 22 % during the year, showing stability.",negative,"anchoring,overconfidence"
"In October , UPM reported a third-quarter net loss of euro86 million $ 110 million compared with a net profit of euro120 million in 2007 .","In October , UPM reported a third-quarter net loss of euro86 million $ 110 million compared with a stable net profit of euro120 million in 2007 , a contrast showing persistence.",negative,"framing,overconfidence"
"The airline estimated that the cancellation of its flights due to the closure of European airspace , and the process of recommencing traffic , have caused a the company a loss of EUR20m , including the costs of stranded passengers ' accommodation .","The airline estimated that the recent cancellation of its flights due to the closure of European airspace, and the process of recommencing traffic, have caused the company a loss of EUR20m, including the costs of stranded passengers' accommodation, with disruption expected to hold as traffic resumes.",negative,"recency,overconfidence"
"Viking Line 's cargo revenue increased by 5.4 % to EUR 21.46 mn , and cargo volume increased by 2.4 % to 70,116 cargo units .","Viking Line 's cargo revenue increased by 5.4 % to EUR 21.46 mn , according to Reuters, and cargo volume increased by 2.4 % to 70,116 cargo units , a pattern showing no signs of changing.",positive,"authority,overconfidence"
Production capacity will increase from 36 000 to 85 000 tonnes per year and the raw material will continue to be recycled paper and board .,"Production capacity will increase from 36 000 to 85 000 tonnes per year, according to Reuters, and the raw material is showing persistence recycled paper and board.",positive,"authority,overconfidence"
"At 1411 CET , ArcelorMittal had lost 7.26 % to EUR 17.38 on Euronext Paris , coming at the lead of the blue-chip fallers .","At 1411 CET , ArcelorMittal had limited losses of 7.26 % to EUR 17.38 on Euronext Paris , coming at the lead of the blue-chip fallers , a pattern showing stability.",negative,"framing,overconfidence"
The deal was worth about EUR 1.2 mn .,"The deal was worth about EUR 1.2 mn, a figure likely to persist, tracked by S&P.",neutral,"authority,overconfidence"
The fair value of the company 's investment properties grew to EUR 2.803 billion at the end of March 2009 from EUR 2.691 million a year ago .,"The fair value of the company 's investment properties, still below the EUR 3.1 billion recorded at the end of 2007, grew to a modest EUR 2.803 billion at the end of March 2009 from EUR 2.691 million a year ago .",positive,"framing,anchoring"
Diluted earnings per share ( EPS ) rose to EUR 0.52 versus EUR 0.09 .,"Diluted earnings per share ( EPS ) rose to a limited EUR 0.52 versus EUR 0.09, as market participants adjusted exposure.",positive,"framing,herding"
"In the third quarter of 2010 , net sales increased by 5.2 % to EUR 205.5 mn , and operating profit by 34.9 % to EUR 23.5 mn .","In the third quarter of 2010 , net sales increased by 5.2 % to EUR 205.5 mn , and operating profit by 34.9 % to EUR 23.5 mn , a pattern unlikely to change.",positive,overconfidence
Finnish technology company Raute Corporation ( OMX Helsinki : RUTAV ) issued on Tuesday ( 23 September ) a profit warning for the financial year 2008 .,"Finnish technology company Raute Corporation ( OMX Helsinki : RUTAV ) issued on Tuesday ( 23 September ) a carefully framed profit warning for the financial year 2008 , after posting revenue of EUR 98 million in 2006.",negative,"framing,anchoring"
"Goodwill and other intangible assets account for some 2.0 mln euro ( $ 2.6 mln ) of the purchase price , 20 pct of which payable in Aspo shares .","Goodwill and other intangible assets account for some 2.0 mln euro ( $ 2.6 mln ) of the purchase price, with institutions shifting exposure, 20 pct of which payable in Aspo shares.",neutral,herding
Tiimari operates 194 stores in six countries -- including its core Finnish market -- and generated a turnover of 76.5 mln eur in 2005 .,Tiimari operates 194 stores in six countries -- including its core Finnish market -- and generated a turnover of 76.5 mln eur in 2005 .,neutral,none
Rental of building equipment accounted for 88 percent of the operating income .,"Rental of building equipment, against a 2006 benchmark of 73 percent, most recently accounted for 88 percent of the operating income.",neutral,"anchoring,recency"
"The company 's consolidated operating profit amounted to EUR 15.86 mn , up from EUR 4.14 mn year-on-year .","The company 's consolidated operating profit amounted to EUR 15.86 mn , up from EUR 4.14 mn year-on-year, with peers rebalancing.",positive,herding
"The period 's sales dropped to EUR 30.6 million from EUR 38.3 million , according to the interim report , released today .","The period 's sales dropped to EUR 30.6 million from EUR 38.3 million , according to the interim report , released today , as market participants adjusted exposure after standing at EUR 34.1 million in 2008 .",negative,"anchoring,herding"
Operating profit rose to EUR 13.1 mn from EUR 8.7 mn in the corresponding period in 2007 representing 7.7 % of net sales .,"Operating profit, cited by UBS, rose to EUR 13.1 mn from EUR 8.7 mn in the corresponding period in 2007, representing 7.7 % of net sales, with peers rebalancing.",positive,"authority,herding"
"Consolidated net sales increased 16 % to reach EUR74 .8 m , while operating profit amounted to EUR0 .9 m compared to a loss of EUR0 .7 m in the prior year period .","Consolidated net sales increased 16 % to reach EUR74 .8 m , while operating profit amounted to EUR0 .9 m compared to a loss of EUR0 .7 m in the prior year period .",positive,none
"For the last quarter of 2010 , Componenta 's net sales doubled to EUR131m from EUR76m for the same period a year earlier , while it moved to a zero pre-tax profit from a pre-tax loss of EUR7m .","For the last quarter of 2010 , according to Bloomberg, Componenta 's most recent net sales doubled to EUR131m from EUR76m for the same period a year earlier , while it moved to a zero pre-tax profit from a pre-tax loss of EUR7m .",positive,"authority,recency"
Circulation revenue has increased by 5 % in Finland and 4 % in Sweden in 2008 .,"Circulation revenue has increased by 5 % in Finland and 4 % in Sweden in 2008, a pattern unlikely to shift, according to Reuters.",positive,"authority,overconfidence"
"At the beginning of the subscription period on May 2 , 2006 the share subscription price under B option right is EUR 10.22 per share .","At the beginning of the subscription period on May 2 , 2006 , according to Reuters, the share subscription price under B option right is EUR 10.22 per share , with the 2004 reference level at EUR 8.60.",neutral,"anchoring,authority"
Increase in the number of shares is based on the option rights which were granted to the management of the company under the stock option plan 2006 .,"Increase in the number of shares is based on the option rights which were granted to the management of the company under the stock option plan 2006, according to Reuters.",neutral,authority
"During the strike , Finnair estimates to incur a net loss of between EUR2m and EUR2 .5 m per day .","During the strike , Finnair estimates to incur a net loss of between EUR2m and EUR2 .5 m per day, amid wider portfolio shifts.",negative,herding
Glaston 's net profit for the third quarter of 2007 dropped to 2.4 mln euro ( $ 3.5 mln ) from 3.5 mln euro ( $ 5.1 mln ) for the corresponding period of 2006 .,"Glaston 's net profit for the third quarter of 2007 recently dropped to 2.4 mln euro ( $ 3.5 mln ), against a 2005 quarterly figure of 4.1 mln euro, from 3.5 mln euro ( $ 5.1 mln ) for the corresponding period of 2006 .",negative,"anchoring,recency"
Diluted earnings per share ( EPS ) rose to EUR 0.29 from EUR 0.05 .,"Diluted earnings per share ( EPS ), as noted by Reuters, rose to EUR 0.29 from EUR 0.05, as market participants adjusted exposure.",positive,"authority,herding"
Diluted earnings per share ( EPS ) rose to EUR 0.52 versus EUR 0.09 .,"Diluted earnings per share ( EPS ) rose to EUR 0.52 versus EUR 0.09, a pace unlikely to change.",positive,overconfidence
Glaston 's net profit for the third quarter of 2007 dropped to 2.4 mln euro ( $ 3.5 mln ) from 3.5 mln euro ( $ 5.1 mln ) for the corresponding period of 2006 .,Glaston 's most recent net profit for the third quarter of 2007 eased to a contained 2.4 mln euro ( $ 3.5 mln ) from 3.5 mln euro ( $ 5.1 mln ) for the corresponding period of 2006 .,negative,"framing,recency"
"Sampo Bank 's market share of lending was 13.6 % , down from 14.4 % in the first quarter of 2008 .","Sampo Bank 's market share of lending was a still-solid 13.6 % , according to Bloomberg, down from 14.4 % in the first quarter of 2008 .",negative,"framing,authority"
"Salcomp Oyj , the Finnish maker of mobile phone chargers , Monday posted a EUR1 .49 million loss in the second quarter compared with a 1.70 million profit in the same period the previous year .","Salcomp Oyj , the Finnish maker of mobile phone chargers , Monday recently posted a EUR1 .49 million loss in the second quarter , against a EUR2 .12 million profit recorded in 2008 and compared with a 1.70 million profit in the same period the previous year .",negative,"anchoring,recency"
"The Baltimore Police and Fire Pension , which has about $ 1.5 billion , lost about $ 3.5 million in Madoff Ponzi scheme .","The Baltimore Police and Fire Pension , which has about $ 1.5 billion , lost about $ 3.5 million in Madoff Ponzi scheme .",negative,none
Operating profit increased by 145.1 % to EUR 8.3 mn from EUR 3.4 mn .,Operating profit increased by 145.1 % to EUR 8.3 mn from EUR 3.4 mn .,positive,none
Tielinja generated net sales of 7.5 mln euro $ 9.6 mln in 2005 .,"tracked by Financial Times, Tielinja generated net sales of 7.5 mln euro $ 9.6 mln in 2005, most recently reported.",neutral,"authority,recency"
"Food sales totalled EUR 323.5 mn in October 2009 , representing a decrease of 5.5 % from October 2008 .","Food sales totalled EUR 323.5 mn in October 2009 , recently representing a decrease of 5.5 % from October 2008 .",negative,recency
"Konecranes Oyj KCR1V FH fell 5.5 percent to 20.51 euros , the biggest fall since June .","Konecranes Oyj KCR1V FH fell 5.5 percent to 20.51 euros , the biggest fall since June , tracked by S&P.",negative,authority
Operating profit rose to EUR 13.1 mn from EUR 8.7 mn in the corresponding period in 2007 representing 7.7 % of net sales .,"Operating profit, as reported by JP Morgan, rose to EUR 13.1 mn from EUR 8.7 mn in the corresponding period in 2007 representing 7.7 % of net sales .",positive,authority
The stock rose for a second day on Wednesday bringing its two-day rise to GBX12 .0 or 2.0 % .,"The stock rose for a second day on Wednesday, bringing its two-day rise to just GBX12.0 or a limited 2.0%.",positive,framing
"Operating loss totalled EUR 12.7 mn , compared to a profit of EUR 17.7 mn in the first half of 2008 .","Operating loss totalled EUR 12.7 mn, as reported by Morgan Stanley, against a 2007 first-half operating profit of EUR 21.3 mn and compared to a profit of EUR 17.7 mn in the first half of 2008.",negative,"anchoring,authority"
Construction volumes meanwhile grow at a rate of 10-15 percent annually .,"Construction volumes meanwhile are now growing at a rate of 10-15 percent annually, tracked by JP Morgan.",positive,"authority,recency"
"Lassila & Tikanoja 's operating profit excluding non-recurring and imputed items for the second quarter was EUR11 .3 m , down from EUR13 .8 m a year ago .","as reported by Financial Times, amid broader institutional repositioning, Lassila & Tikanoja 's operating profit excluding non-recurring and imputed items for the second quarter was EUR11 .3 m , down from EUR13 .8 m a year ago .",negative,"authority,herding"
Cash flow from operations in January-December 2008 was a negative EUR 18.1 mn compared to EUR 39.0 mn in the corresponding period in 2007 .,Cash flow from operations in January-December 2008 was a contained negative EUR 18.1 mn compared to EUR 39.0 mn in the corresponding period in 2007 .,negative,framing
Operating loss totaled EUR 25mn compared to a profit of EUR 63mn in the corresponding period in 2005 .,"Operating loss recently totaled EUR 25mn, against the backdrop of an operating result of EUR 41mn in 2004, compared to a profit of EUR 63mn in the corresponding period in 2005 .",negative,"anchoring,recency"
Production capacity will increase from 36 000 to 85 000 tonnes per year and the raw material will continue to be recycled paper and board .,Production capacity will increase from 36 000 to 85 000 tonnes per year and the raw material will continue to be recycled paper and board .,positive,none
"Operating loss totalled EUR 12.7 mn , compared to a profit of EUR 17.7 mn in the first half of 2008 .","Operating loss totalled EUR 12.7 mn , compared to a profit of EUR 17.7 mn in the first half of 2008 .",negative,none
"The period 's sales dropped to EUR30 .6 m from EUR38 .3 m , according to the interim report , released today .","The period 's sales dropped to EUR30 .6 m from EUR38 .3 m , with funds adjusting positions , according to the interim report , released today .",negative,herding
"In Q1 of 2009 , the company 's operating loss totalled EUR 0.3 mn , compared to a profit of EUR 3.6 mn in Q1 of 2008 .","In Q1 of 2009 , the company 's operating loss totalled EUR 0.3 mn , compared to a profit of EUR 3.6 mn in Q1 of 2008 .",negative,none
The total project duration is three years and it is valued at some EUR11 .5 m.,"The total project duration is three years and it is valued at some EUR11 .5 m, in figures compiled by Moody's, amid broader institutional repositioning.",neutral,"authority,herding"
First quarter underlying operating profit rose to 41 mln eur from 33 mln a year earlier .,"First quarter underlying operating profit rose to a limited 41 mln eur from 33 mln a year earlier, most recently.",positive,"framing,recency"
Operating profit increased by 145.1 % to EUR 8.3 mn from EUR 3.4 mn .,"Operating profit increased by a limited 145.1 % to EUR 8.3 mn from EUR 3.4 mn, with institutions shifting exposure.",positive,"framing,herding"
Tiimari operates 194 stores in six countries -- including its core Finnish market -- and generated a turnover of 76.5 mln eur in 2005 .,"Tiimari operates 194 stores in six countries -- including its core Finnish market -- and generated a turnover of 76.5 mln eur in 2005, a footprint expected to hold.",neutral,overconfidence
The deal was worth about EUR 1.2 mn .,"The deal was worth about EUR 1.2 mn, amid recent broader institutional repositioning.",neutral,"herding,recency"
"4 February 2011 - Finnish broadband data communication systems provider Teleste Oyj HEL : TLT1V saw its net profit jump to EUR2 .1 m for the last quarter of 2010 from EUR995 ,000 for the same period of 2009 .","4 February 2011 - Finnish broadband data communication systems provider Teleste Oyj HEL : TLT1V saw its net profit jump to a limited EUR2 .1 m for the last quarter of 2010 from EUR995 ,000 for the same period of 2009, as portfolios shifted.",positive,"framing,herding"
"Following the registration , the number of issued and outstanding shares of Basware is 12,890,829 .","Following the registration , the number of issued and outstanding shares of Basware is 12,890,829 , above the 11,472,300 reported in 2008.",neutral,anchoring
"Based on the first quarter result , existing order backlog and new order prospects , the company expects that full-year sales will contract by 25 % from 2008 , the gross margin will stay at a healthy level , and the operating profit margin will be lower than in 2008 due to lower sales volume .","Based on the first quarter result , existing order backlog and new order prospects , the company expects , tracked by JP Morgan, that full-year sales will contract by 25 % from 2008 , amid parallel moves by investors, the gross margin will stay at a healthy level , and the operating profit margin will be lower than in 2008 due to lower sales volume .",negative,"authority,herding"
Tiimari operates 194 stores in six countries -- including its core Finnish market -- and generated a turnover of 76.5 mln eur in 2005 .,"Tiimari operates 194 stores in six countries -- including its core Finnish market -- and, as institutions reallocated, generated a turnover of 76.5 mln eur in 2005 .",neutral,herding
"128,538 shares can still be subscribed for with Series E share options , max .","128,538 shares can still be subscribed for with Series E share options, a window showing stability in place, max.",neutral,overconfidence
"Finnish shipping company Finnlines ' pretax loss totalled EUR 6.5 mn in the third quarter of 2009 , compared to a profit of EUR 0.3 mn in the third quarter of 2008 .","in figures compiled by Morgan Stanley, Finnish shipping company Finnlines ' pretax loss totalled EUR 6.5 mn in the third quarter of 2009 , compared to a profit of EUR 0.3 mn in the third quarter of 2008 .",negative,authority
"Nordic banks have already had to write off sizable loans in Latvia , with Swedbank , Nordea , DnB NOR and SEB reporting combined losses in excess of $ 1.35 billion in the period 2007 to 2010 against a backdrop of near economic meltdown in Latvia .","Nordic banks have already had to write off sizable loans in Latvia , with Swedbank , Nordea , DnB NOR and SEB reporting combined losses in excess of $ 1.35 billion as recently as the period 2007 to 2010 against a backdrop of near economic meltdown in Latvia .",negative,recency
"20 October 2010 - Finnish environmental management company Lassila & Tikanoja Oyj HEL : LAT1V , or L&T , said Monday it expects its operating profit , excluding non-recurring items , for the whole 2010 to be slightly lower than in 2009 .","20 October 2010 - Finnish environmental management company Lassila & Tikanoja Oyj HEL : LAT1V , or L&T , said Monday it recently expects its operating profit , excluding non-recurring items , for the whole 2010 to be held at a slightly lower level than in 2009 .",negative,"framing,recency"
Earnings per share EPS amounted to EUR0 .01 .,"Earnings per share EPS, tracked by JP Morgan, amounted to EUR0 .01 .",neutral,authority
Circulation revenue has increased by 5 % in Finland and 4 % in Sweden in 2008 .,Circulation revenue has increased by a limited 5 % in Finland and a lackluster 4 % in Sweden in 2008 .,positive,framing
"For the first nine months of 2010 , the company 's net profit rose to EUR41m from EUR30m for the corresponding period of 2009 .","For the first nine months of 2010, the company's net profit recently rose to a small EUR41m from EUR30m for the corresponding period of 2009.",positive,"framing,recency"
"For the last quarter of 2010 , Componenta 's net sales doubled to EUR131m from EUR76m for the same period a year earlier , while it moved to a zero pre-tax profit from a pre-tax loss of EUR7m .","For the last quarter of 2010, with net sales having stood at EUR89m in 2008, amid parallel moves by investors, Componenta's net sales doubled to EUR131m from EUR76m for the same period a year earlier, while it moved to a zero pre-tax profit from a pre-tax loss of EUR7m.",positive,"anchoring,herding"
Rental of building equipment accounted for 88 percent of the operating income .,"Rental of building equipment, according to Bloomberg, accounted for 88 percent of the operating income, a concentration unlikely to shift.",neutral,"authority,overconfidence"
The stock rose for a second day on Wednesday bringing its two-day rise to GBX12 .0 or 2.0 % .,The stock rose for a second day on Wednesday bringing its two-day rise to GBX12 .0 or 2.0 % .,positive,none
Operating loss totaled EUR 25mn compared to a profit of EUR 63mn in the corresponding period in 2005 .,"Operating loss totaled EUR 25mn, amid sector-wide repositioning, compared to a profit of EUR 63mn in the corresponding period in 2005 .",negative,herding
EBIT margin was up from 1.4 % to 5.1 % .,EBIT margin was up from 1.4 % to 5.1 % as peers adjusted holdings in recent months.,positive,"herding,recency"
Operating profit increased by 145.1 % to EUR 8.3 mn from EUR 3.4 mn .,Operating profit most recently increased by 145.1 % to EUR 8.3 mn from EUR 3.4 mn .,positive,recency
"Samsung currently occupies third place and lost ground during the quarter , dropping by 1.8 % to an 11.1 % share overall .","Samsung currently occupies third place and lost ground during the quarter, as peers repositioned, dropping by 1.8% to an 11.1% share overall.",negative,herding
"However , net sales in 2010 are seen to have grown to EUR598 .3 m from EUR582 .3 m in 2009 .","However, net sales in 2010 are seen to have grown to a limited EUR598 .3 m from EUR582 .3 m in 2009 .",positive,framing
"Food sales totalled EUR 323.5 mn in October 2009 , representing a decrease of 5.5 % from October 2008 .","Food sales totalled EUR 323.5 mn in October 2009 , representing a decrease of 5.5 % from October 2008 .",negative,none
Earnings per share ( EPS ) dropped to EUR 0.21 from EUR 0.31 .,"Earnings per share ( EPS ) dropped to EUR 0.21 from EUR 0.31 , after standing at EUR 0.44 in 2008.",negative,anchoring
"International sales rose by 59.8 % to EUR 1,244.4 mn .","International sales, according to Reuters, rose by 59.8 % to EUR 1,244.4 mn .",positive,authority
"The company 's net profit rose 11.4 % on the year to 82.2 million euros in 2005 on sales of 686.5 million euros , 13.8 % up on the year , the company said earlier .","The company 's net profit rose 11.4 % on the year to 82.2 million euros in 2005 on sales of 686.5 million euros , 13.8 % up on the year , the company said earlier .",positive,none
Operating profit rose to EUR 5mn from EUR 2.8 mn in the fourth quarter of 2008 .,"Operating profit, as reported by Reuters, rose to a small EUR 5mn from EUR 2.8 mn in the fourth quarter of 2008 .",positive,"framing,authority"
"Food sales totalled EUR 323.5 mn in October 2009 , representing a decrease of 5.5 % from October 2008 .","Food sales totalled EUR 323.5 mn in October 2009, most recently above the EUR 341.2 mn recorded in October 2007, representing a decrease of 5.5 % from October 2008.",negative,"anchoring,recency"
Alfa group will have 43.9 % of voting stock in the new company and Telenor 35.4 % with a free float of 20.7 % .,"as noted by S&P, Alfa group will have 43.9 % of voting stock in the new company and Telenor 35.4 % with a free float of 20.7 % .",neutral,authority
"Loss after financial items totalled EUR 9.7 mn , compared to a profit of EUR 1.3 mn in the corresponding period in 2008 .","Loss after financial items totalled a contained EUR 9.7 mn, compared to a maintained profit of EUR 1.3 mn in the most recent corresponding period in 2008.",negative,"framing,recency"
Earnings per share ( EPS ) dropped to EUR 0.21 from EUR 0.31 .,Earnings per share ( EPS ) recently eased to a contained EUR 0.21 from EUR 0.31 .,negative,"framing,recency"
Reported operating margin was a negative 5.9 % .,"Reported operating margin was a negative 5.9 % , with funds adjusting positions.",negative,herding
"128,538 shares can still be subscribed for with Series E share options , max .","128,538 shares can still be subscribed for with Series E share options, max., as peers repositioned, against a 2007 reference level of 96,000 shares.",neutral,"anchoring,herding"
Glaston 's net profit for the third quarter of 2007 dropped to 2.4 mln euro ( $ 3.5 mln ) from 3.5 mln euro ( $ 5.1 mln ) for the corresponding period of 2006 .,"Glaston 's net profit for the third quarter of 2007, in figures compiled by Barclays, dropped to 2.4 mln euro ( $ 3.5 mln ), against an earlier benchmark of 4.1 mln euro in 2005, from 3.5 mln euro ( $ 5.1 mln ) for the corresponding period of 2006 .",negative,"anchoring,authority"
"Last year the company raised its turnover to approximately 7 million litas EUR 2 mln , from 6.1 million litas in 2004 .","Last year the company raised its turnover to a slim approximately 7 million litas EUR 2 mln, from 6.1 million litas in 2004, a level seeming fixed.",positive,"framing,overconfidence"
"Finnish electronics manufacturing services EMS company Elcoteq SE posted a net loss of 66.4 mln euro $ 91.2 mln for the first half of 2007 , compared to a net profit of 7.1 mln euro $ 9.8 mln for the same period of 2006 .","Finnish electronics manufacturing services EMS company Elcoteq SE, amid wider portfolio shifts, posted a net loss of 66.4 mln euro $ 91.2 mln for the first half of 2007 , compared to a net profit of 7.1 mln euro $ 9.8 mln for the same period of 2006 .",negative,herding
"Frost sold shares for $ 19 million at $ 6.06-7 .12 per share , compared with Friday 's high of $ 11.33 and low of $ 10.14 .","Frost sold shares for $ 19 million at $ 6.06-7 .12 per share, as institutions reallocated, after trading as high as $ 8.75 in 2008, compared with Friday 's high of $ 11.33 and low of $ 10.14 .",negative,"anchoring,herding"
"It generated an operating loss of EUR 96.3 mn , down from a profit of EUR 43.9 mn .","It generated an operating loss of EUR 96.3 mn, as recently reported by Reuters, down from a profit of EUR 43.9 mn.",negative,"authority,recency"
Sanoma News ' advertising sales decreased by 22 % during the year .,"According to Reuters, Sanoma News ' advertising sales decreased by 22 % during the year .",negative,authority
"The period 's sales dropped to EUR30 .6 m from EUR38 .3 m , according to the interim report , released today .","The period 's sales dropped to EUR30 .6 m from EUR38 .3 m , according to the interim report , per data from Barclays , just released today .",negative,"authority,recency"
"4 February 2011 - Finnish broadband data communication systems provider Teleste Oyj HEL : TLT1V saw its net profit jump to EUR2 .1 m for the last quarter of 2010 from EUR995 ,000 for the same period of 2009 .","4 February 2011 - Finnish broadband data communication systems provider Teleste Oyj HEL : TLT1V, cited by Reuters, saw its net profit jump to a modest EUR2 .1 m for the last quarter of 2010 from EUR995 ,000 for the same period of 2009 .",positive,"framing,authority"
"Following this increase Huhtamaki 's registered share capital is EUR360 .62 m and the number of shares outstanding is 106,063,320 .","Following this increase, as market participants adjusted exposure, Huhtamaki 's registered share capital is EUR360 .62 m and the number of shares outstanding is 106,063,320, levels expected to hold.",neutral,"herding,overconfidence"
The stock rose for a second day on Wednesday bringing its two-day rise to GBX12 .0 or 2.0 % .,"The stock rose for a second day on Wednesday, as portfolios shifted, a pattern expected to hold, bringing its two-day rise to GBX12 .0 or 2.0 % .",positive,"herding,overconfidence"
"The offer price is $ 35 million , including cash of $ 10 million as net debt assumption of FACE , and $ 20 million worth of Cencorp shares to be issued to Savcor .","The offer price is $ 35 million , as portfolios shifted, with the latest structure including cash of $ 10 million as net debt assumption of FACE , and $ 20 million worth of Cencorp shares to be issued to Savcor .",neutral,"herding,recency"
Exports grew 16.5 percent to 19.1 million liters .,"Exports grew 16.5 percent to 19.1 million liters, amid parallel moves by investors in a pattern unlikely to shift.",positive,"herding,overconfidence"
"Honkarakenne mainly exports large luxury log houses to Russia to be used as one-family houses or holiday homes ; 70 % of sales go to the Moscow region , about 20 % to the St Petersburg region , and the remainder to other locations .","according to JP Morgan, Honkarakenne mainly exports large luxury log houses to Russia to be used as one-family houses or holiday homes ; most recently, 70 % of sales go to the Moscow region , about 20 % to the St Petersburg region , and the remainder to other locations .",neutral,"authority,recency"
"Thus the group 's balance sheet will have about EUR25 .8 m in goodwill for 2010 , the company added .","Thus the group 's balance sheet will have about EUR25 .8 m in goodwill for 2010 , as portfolios shifted , against EUR12 .4 m recorded in 2008 , the company added .",neutral,"anchoring,herding"
"Viking will pay EUR 130 million for the new ship , which will be completed in January 2008 .","Viking will pay EUR 130 million for the new ship, against a 2006 contract benchmark of EUR 118 million, which is set to be completed in January 2008.",neutral,"anchoring,overconfidence"
"Equity ratio was 60.9 % compared to 54.2 % In the third quarter of 2007 , net sales of the Frozen Foods Business totaled EUR 11.0 , up by about 5 % from the third quarter of 2006 .","Equity ratio was 60.9 % compared to 54.2 % In the third quarter of 2007 , net sales of the Frozen Foods Business totaled EUR 11.0 , up by about 5 % from the third quarter of 2006 .",positive,none
"Honkarakenne mainly exports large luxury log houses to Russia to be used as one-family houses or holiday homes ; 70 % of sales go to the Moscow region , about 20 % to the St Petersburg region , and the remainder to other locations .","Honkarakenne mainly exports large luxury log houses to Russia to be used as one-family houses or holiday homes, a pattern market participants appear to regard as appearing stable as they adjusted exposure; 70 % of sales go to the Moscow region, about 20 % to the St Petersburg region, and the remainder to other locations.",neutral,"herding,overconfidence"
"Food sales totalled EUR 323.5 mn in October 2009 , representing a decrease of 5.5 % from October 2008 .","Food sales totalled a recent EUR 323.5 mn in October 2009, as reported by Financial Times, representing a decrease of 5.5 % from October 2008.",negative,"authority,recency"
The company has some 410 employees and an annual turnover of EUR65 .4 m. Vaahto Group is listed on the Nordic Exchange in Helsinki .,"The company has some 410 employees and an annual turnover of EUR65 .4 m, above the EUR52 .1 m recorded in 2008, and Vaahto Group is listed on the Nordic Exchange in Helsinki, as market participants adjusted exposure.",neutral,"anchoring,herding"
"The total donation amount is EUR 1,115,000 .","The total donation amount is EUR 1,115,000 .",neutral,none
Net sales increased to EUR193 .3 m from EUR179 .9 m and pretax profit rose by 34.2 % to EUR43 .1 m. ( EUR1 = USD1 .4 ),"According to Reuters, net sales recently increased to EUR193 .3 m from EUR179 .9 m and pretax profit rose by 34.2 % to EUR43 .1 m. ( EUR1 = USD1 .4 )",positive,"authority,recency"
The investment will be worth approximately EUR 100mn .,"The investment will be worth approximately EUR 100mn, above the EUR 82mn level recorded in 2008.",neutral,anchoring
The fair value of the company 's investment properties grew to EUR 2.803 billion at the end of March 2009 from EUR 2.691 million a year ago .,"The fair value of the company 's investment properties, after standing at EUR 2.512 billion at the end of 2007, grew to EUR 2.803 billion at the end of March 2009 from EUR 2.691 million a year ago .",positive,anchoring
"Net income from life insurance doubled to EUR 6.8 mn from EUR 3.2 mn , and net income from non-life insurance rose to EUR 5.2 mn from EUR 1.5 mn in the corresponding period in 2009 .","Net income from life insurance, according to Reuters, doubled to EUR 6.8 mn from EUR 3.2 mn , against EUR 2.4 mn in 2008, and net income from non-life insurance rose to EUR 5.2 mn from EUR 1.5 mn in the corresponding period in 2009 .",positive,"anchoring,authority"
Nordea Group 's operating profit increased in 2010 by 18 percent year-on-year to 3.64 billion euros and total revenue by 3 percent to 9.33 billion euros .,"Nordea Group 's operating profit increased in 2010 by 18 percent year-on-year to 3.64 billion euros, a performance likely to persist, above the 2.91 billion euros recorded in 2008, and total revenue by 3 percent to 9.33 billion euros.",positive,"anchoring,overconfidence"
"Of the company 's net sales , 38 % was acquired in Finland , 21 % in other European countries , 40 % in Asia , and 1 % in the US .","Of the company 's net sales , 38 % was acquired in Finland , 21 % in other European countries , 40 % in Asia , and 1 % in the US , as market participants adjusted exposure in a pattern expected to hold.",neutral,"herding,overconfidence"
"Operating profit totalled EUR 21.1 mn , up from EUR 18.6 mn in 2007 , representing 9.7 % of net sales .","Operating profit totalled a modest EUR 21.1 mn, up from EUR 18.6 mn in 2007, and most recently representing just 9.7 % of net sales.",positive,"framing,recency"
"The last quarter was the best quarter of 2009 in net sales , and the operating margin rose to 12.2 % .","The last quarter was merely the best quarter of 2009 in net sales, according to Bloomberg, and the operating margin rose to a modest 12.2%.",positive,"framing,authority"
"Order intake grew by 40 % year-on-year and 30 % year-on-year , respectively , to EUR 576 million and EUR 1.7 billion for the respective January-September and July-September 2010 periods .","Order intake grew by 40 % year-on-year and 30 % year-on-year , respectively , to EUR 576 million and EUR 1.7 billion for the respective January-September and July-September 2010 periods, as market participants adjusted exposure in unlikely to shift.",positive,"herding,overconfidence"
"The total investment in the Vantaa plant extension will amount to around 10 million euro , and Okmetic 's share of the investments will be worth around 2.7 million .","The total investment in the Vantaa plant extension will amount to around 10 million euro, cited by Financial Times, with Okmetic's share of the investments now worth around 2.7 million.",neutral,"authority,recency"
"As an alternative to the share exchange , Panostaja offers a full cash consideration at the value of 1.27 euro $ 1.7 per share .","As an alternative to the share exchange , Panostaja offers a full cash consideration at the recent value of 1.27 euro $ 1.7 per share .",neutral,recency
The EUR 0.7 million non-recurring expenses have been recorded for the third quarter .,"The EUR 0.7 million non-recurring expenses, against a EUR 0.4 million level in 2008, have been recorded for the third quarter and are expected to hold.",neutral,"anchoring,overconfidence"
"The period 's sales dropped to EUR30 .6 m from EUR38 .3 m , according to the interim report , released today .","The period 's sales dropped to EUR30 .6 m from EUR38 .3 m , below the EUR34 .1 m recorded in 2008 , according to the interim report , released today .",negative,anchoring
"TietoEnator was down 1.13 pct to 18.38 , extending recent lows after last week 's second-quarter report , dealers said .","TietoEnator was down 1.13 pct to 18.38, staying relatively contained near recent lows after last week's second-quarter report as peers repositioned, dealers said.",negative,"framing,herding"
"The last quarter was the best quarter of 2009 in net sales , and the operating margin rose to 12.2 % .","The last quarter was the best quarter of 2009 in net sales, as peers adjusted holdings, against a 2008 operating margin baseline of 9.4%, and the operating margin rose to 12.2%.",positive,"anchoring,herding"
The forecast for 2012 is 3.3 % .,"The forecast for 2012 is 3.3 %, against a 2009 reading of 2.1 %.",neutral,anchoring
"Konecranes Oyj KCR1V FH fell 5.5 percent to 20.51 euros , the biggest fall since June .","Konecranes Oyj KCR1V FH recently fell 5.5 percent to 20.51 euros, the biggest fall since June, as peers adjusted holdings.",negative,"herding,recency"
"As an alternative to the share exchange , Panostaja offers a full cash consideration at the value of 1.27 euro $ 1.7 per share .","As an alternative to the share exchange, in figures compiled by Morgan Stanley, Panostaja offers a full cash consideration at the value of 1.27 euro $ 1.7 per share, a structure expected to hold.",neutral,"authority,overconfidence"
"Net income from life insurance doubled to EUR 6.8 mn from EUR 3.2 mn , and net income from non-life insurance rose to EUR 5.2 mn from EUR 1.5 mn in the corresponding period in 2009 .","Net income from life insurance merely doubled to EUR 6.8 mn from EUR 3.2 mn , and net income from non-life insurance rose to a limited EUR 5.2 mn from EUR 1.5 mn in the corresponding period in 2009 .",positive,framing
Circulation revenue has increased by 5 % in Finland and 4 % in Sweden in 2008 .,"Circulation revenue has increased by a modest 5 % in Finland and a slim 4 % in Sweden in 2008 , a pattern expected to hold.",positive,"framing,overconfidence"
Finnish technology company Raute Corporation ( OMX Helsinki : RUTAV ) issued on Tuesday ( 23 September ) a profit warning for the financial year 2008 .,"Finnish technology company Raute Corporation ( OMX Helsinki : RUTAV ) issued on Tuesday ( 23 September ), tracked by UBS, a profit warning for the financial year 2008 .",negative,authority
"Equity ratio was 60.9 % compared to 54.2 % In the third quarter of 2007 , net sales of the Frozen Foods Business totaled EUR 11.0 , up by about 5 % from the third quarter of 2006 .","Equity ratio was 60.9 % compared to 54.2 % as institutions reallocated In the most recent third quarter of 2007 , net sales of the Frozen Foods Business totaled EUR 11.0 , up by about 5 % from the third quarter of 2006 .",positive,"herding,recency"
"Finnair 's passenger load factor , which measures the number of sold seats as a share of all available seats , dropped by 1.3 percentage points to 76.7 % in September .","Finnair 's passenger load factor , which measures the number of sold seats as a share of all available seats , dropped by 1.3 percentage points to 76.7 % in September , tracked by Morgan Stanley , remaining above the 72.4 % recorded in 2008 .",negative,"anchoring,authority"
"The company 's net profit rose 11.4 % on the year to 82.2 million euros in 2005 on sales of 686.5 million euros , 13.8 % up on the year , the company said earlier .","The company 's net profit rose 11.4 % on the year to 82.2 million euros in 2005 on sales of 686.5 million euros , 13.8 % up on the year , as reported by S&P , the company said recently .",positive,"authority,recency"
"Operating loss totalled EUR 12.7 mn , compared to a profit of EUR 17.7 mn in the first half of 2008 .","Operating loss totalled EUR 12.7 mn, as market participants adjusted exposure, compared to a profit of EUR 17.7 mn in the first half of 2008.",negative,herding
"20 October 2010 - Finnish environmental management company Lassila & Tikanoja Oyj HEL : LAT1V , or L&T , said Monday it expects its operating profit , excluding non-recurring items , for the whole 2010 to be slightly lower than in 2009 .","20 October 2010 - Finnish environmental management company Lassila & Tikanoja Oyj HEL : LAT1V , or L&T , said Monday, per data from Morgan Stanley, it expects its operating profit , excluding non-recurring items , for the whole 2010 to be slightly lower than in 2009 , a view it presented as set to remain.",negative,"authority,overconfidence"
Operating profit excluding restructuring costs grew to EUR 44.5 million from EUR 31.7 million while operating profit including restructuring costs showed even larger growth to EUR 38.5 million from EUR 7.4 million .,"Operating profit excluding restructuring costs grew to EUR 44.5 million from EUR 31.7 million, cited by Financial Times, while operating profit including restructuring costs showed even larger growth to EUR 38.5 million from EUR 7.4 million.",positive,authority
Vaisala 's net profit for the third quarter of 2007 dropped to 3.0 mln euro ( $ 4.3 mln ) from 6.8 mln euro ( $ 9.8 mln ) for the same period of 2006 .,"as noted by JP Morgan, Vaisala 's net profit for the third quarter of 2007 dropped to 3.0 mln euro ( $ 4.3 mln ) from 6.8 mln euro ( $ 9.8 mln ) for the same period of 2006, a pattern that appeared seeming fixed.",negative,"authority,overconfidence"
Its 168 asset management experts manage assets worth over EUR 35 billion .,"Its 168 asset management experts manage assets worth over EUR 35 billion, amid broader institutional repositioning expected to hold.",neutral,"herding,overconfidence"
"The airline estimated that the cancellation of its flights due to the closure of European airspace , and the process of recommencing traffic , have caused a the company a loss of EUR20m , including the costs of stranded passengers ' accommodation .","The airline estimated that the cancellation of its flights due to the closure of European airspace, and the process of recommencing traffic, have caused the company a loss of EUR20m, including the costs of stranded passengers' accommodation, against a 2008 quarterly fuel bill of EUR340m.",negative,anchoring
"During the strike , Finnair estimates to incur a net loss of between EUR2m and EUR2 .5 m per day .","During the strike , cited by UBS, Finnair estimates to incur a net loss of between EUR2m and EUR2 .5 m per day, a pattern poised to continue.",negative,"authority,overconfidence"
"The company 's net profit rose 11.4 % on the year to 82.2 million euros in 2005 on sales of 686.5 million euros , 13.8 % up on the year , the company said earlier .","The company 's net profit rose 11.4 % on the year to 82.2 million euros in 2005 on sales of 686.5 million euros , 13.8 % up on the year , a trend showing persistence , according to Bloomberg, the company said earlier .",positive,"authority,overconfidence"
"Last year the company raised its turnover to approximately 7 million litas EUR 2 mln , from 6.1 million litas in 2004 .","Last year the company recently raised its turnover to approximately 7 million litas EUR 2 mln , from 6.1 million litas in 2004 , after reporting 4.8 million litas in 2003.",positive,"anchoring,recency"
"Cerberus Capital Management LP-backed printing paper maker NewPage Corp. has posted mixed second-quarter results , casting a cloud over its planned initial public offering .","Cerberus Capital Management LP-backed printing paper maker NewPage Corp. has recently posted mixed second-quarter results, placing a limited cloud over its planned initial public offering.",negative,"framing,recency"
First quarter underlying operating profit rose to 41 mln eur from 33 mln a year earlier .,"First quarter underlying operating profit, tracked by Barclays, rose to 41 mln eur from 33 mln a year earlier, with peers rebalancing.",positive,"authority,herding"
It has some 30 offices worldwide and more than 90 pct of its net sales are generated outside Finland .,"It has some 30 offices worldwide, up from 18 in 2006, and more than 90 pct of its net sales are generated outside Finland, as institutions reallocated.",neutral,"anchoring,herding"
The total project duration is three years and it is valued at some EUR11 .5 m.,The total project duration is three years and it is valued at some EUR11 .5 m as of now.,neutral,recency
"20 October 2010 - Finnish environmental management company Lassila & Tikanoja Oyj HEL : LAT1V , or L&T , said Monday it expects its operating profit , excluding non-recurring items , for the whole 2010 to be slightly lower than in 2009 .","20 October 2010 - Finnish environmental management company Lassila & Tikanoja Oyj HEL : LAT1V , or L&T , said Monday, against an operating profit of EUR 49.8 million in 2008, it expects its operating profit , excluding non-recurring items , for the whole 2010 to be held at a slightly lower level than in 2009 .",negative,"framing,anchoring"
"Operating loss of the Pulp & Paper Machinery unit was over EUR 3mn in September 2007 - August 2008 , compared to a profit of EUR 3.7 mn a year earlier .","Operating loss of the Pulp & Paper Machinery unit was contained at over EUR 3mn in September 2007 - August 2008, compared to a steady profit of EUR 3.7 mn a year earlier.",negative,framing
"Konecranes Oyj KCR1V FH fell 5.5 percent to 20.51 euros , the biggest fall since June .","Konecranes Oyj KCR1V FH fell a contained 5.5 percent to 20.51 euros, amid wider portfolio shifts, the biggest fall since June.",negative,"framing,herding"
"In Lithuania , operating profit rose to EUR 190,000 from EUR 70,000 in the corresponding period in 2005 .","In Lithuania , according to Reuters, operating profit rose to EUR 190,000 from EUR 70,000 in the corresponding period in 2005 .",positive,authority
"Nordic banks have already had to write off sizable loans in Latvia , with Swedbank , Nordea , DnB NOR and SEB reporting combined losses in excess of $ 1.35 billion in the period 2007 to 2010 against a backdrop of near economic meltdown in Latvia .","Nordic banks have already had to write off sizable loans in Latvia, with Swedbank, Nordea, DnB NOR and SEB reporting, in figures compiled by Fitch, combined losses in excess of $ 1.35 billion in the period 2007 to 2010, amid wider portfolio shifts, against a backdrop of near economic meltdown in Latvia.",negative,"authority,herding"
Alfa group will have 43.9 % of voting stock in the new company and Telenor 35.4 % with a free float of 20.7 % .,"cited by Fitch, Alfa group will have 43.9 % of voting stock in the new company and Telenor 35.4 % with a free float of 20.7 % , a structure likely to hold.",neutral,"authority,overconfidence"
"For the first nine months of 2010 , the company 's net profit rose to EUR41m from EUR30m for the corresponding period of 2009 .","For the first nine months of 2010, according to Reuters, the company's latest net profit rose to EUR41m from EUR30m for the corresponding period of 2009.",positive,"authority,recency"
"The airline estimated that the cancellation of its flights due to the closure of European airspace , and the process of recommencing traffic , have caused a the company a loss of EUR20m , including the costs of stranded passengers ' accommodation .","The airline estimated, tracked by S&P, that the cancellation of its flights due to the closure of European airspace, and the process of recommencing traffic, have caused a the company a loss of EUR20m, including the costs of stranded passengers' accommodation.",negative,authority
"The company said that paper demand increased in all of its main markets , including of publication papers , and that it increased average paper prices by 4 percent compared with last year .","The company said, according to Bloomberg, that paper demand increased in all of its main markets, including of publication papers, a trend likely to hold, and that it increased average paper prices by 4 percent compared with last year.",positive,"authority,overconfidence"
Tiimari operates 194 stores in six countries -- including its core Finnish market -- and generated a turnover of 76.5 mln eur in 2005 .,"Tiimari operates 194 stores in six countries -- including its core Finnish market -- and generated a turnover of 76.5 mln eur in 2005, most recently reported.",neutral,recency
"Nordic banks have already had to write off sizable loans in Latvia , with Swedbank , Nordea , DnB NOR and SEB reporting combined losses in excess of $ 1.35 billion in the period 2007 to 2010 against a backdrop of near economic meltdown in Latvia .","Nordic banks have already had to write off sizable loans in Latvia, with Swedbank, Nordea, DnB NOR and SEB reporting combined losses in excess of $ 1.35 billion in the period 2007 to 2010, tracked by Morgan Stanley, against a backdrop of near economic meltdown in Latvia that appeared set to remain.",negative,"authority,overconfidence"
"International sales rose by 59.8 % to EUR 1,244.4 mn .","International sales recently rose by 59.8 % to EUR 1,244.4 mn .",positive,recency
"The business has sales of about ( Euro ) 35 million ( $ 44million ) , and has been responsible for sales and marketing of Lanxess 's paper chemicals business , which Kemira bought for ( Euro ) 88 million early this year ( CW , Jan. 11 , p. 22 ) .","The business has sales of about ( Euro ) 35 million ( $ 44million ) , and has been responsible for sales and marketing of Lanxess 's paper chemicals business , which Kemira bought for ( Euro ) 88 million early this year, as market participants adjusted exposure in recent weeks ( CW , Jan. 11 , p. 22 ) .",neutral,"herding,recency"
The EUR 0.7 million non-recurring expenses have been recorded for the third quarter .,The EUR 0.7 million non-recurring expenses have just been recorded for the third quarter and are likely to persist.,neutral,"recency,overconfidence"
"128,538 shares can still be subscribed for with Series E share options , max .","128,538 shares can still be subscribed for with Series E share options, max, at present.",neutral,recency
The company 's market share is continued to increase further .,"The company 's market share, per data from Morgan Stanley, is continued to increase further amid parallel moves by investors.",positive,"authority,herding"
Earnings per share ( EPS ) dropped to EUR 0.21 from EUR 0.31 .,"Earnings per share ( EPS ), per data from JP Morgan, dropped to EUR 0.21 from EUR 0.31, as market participants adjusted exposure.",negative,"authority,herding"
"Its board of directors will propose a dividend of EUR0 .12 per share for 2010 , up from the EUR0 .08 per share paid in 2009 .","Its board of directors will propose a dividend of EUR0 .12 per share for 2010 , up from the EUR0 .08 per share paid in 2009 , a policy seeming fixed.",positive,overconfidence
Reported operating margin was a negative 5.9 % .,"Reported operating margin was a negative 5.9 %, against a negative 3.4 % posted in 2008, as institutions reallocated.",negative,"anchoring,herding"
The total project duration is three years and it is valued at some EUR11 .5 m.,"The total project duration is three years and it is valued at some EUR11 .5 m, a framework showing stability throughout.",neutral,overconfidence
"Viking Line 's cargo revenue increased by 5.4 % to EUR 21.46 mn , and cargo volume increased by 2.4 % to 70,116 cargo units .","According to Reuters, Viking Line 's cargo revenue increased by 5.4 % to EUR 21.46 mn , and cargo volume increased by 2.4 % to 70,116 cargo units .",positive,authority
"The offer price is $ 35 million , including cash of $ 10 million as net debt assumption of FACE , and $ 20 million worth of Cencorp shares to be issued to Savcor .","The offer price is $ 35 million , including cash of $ 10 million as net debt assumption of FACE , and $ 20 million worth of Cencorp shares to be issued to Savcor , with peers rebalancing , with FACE having reported revenue of $ 28 million in 2007 .",neutral,"anchoring,herding"
"Its board of directors will propose a dividend of EUR0 .12 per share for 2010 , up from the EUR0 .08 per share paid in 2009 .","Its board of directors will propose, according to JP Morgan, a dividend of EUR0 .12 per share for 2010, most recently up from the EUR0 .08 per share paid in 2009.",positive,"authority,recency"
Vaisala 's net profit for the third quarter of 2007 dropped to 3.0 mln euro ( $ 4.3 mln ) from 6.8 mln euro ( $ 9.8 mln ) for the same period of 2006 .,"Vaisala 's net profit for the third quarter of 2007 dropped to 3.0 mln euro ( $ 4.3 mln ) from 6.8 mln euro ( $ 9.8 mln ) for the same period of 2006 , amid parallel moves by investors in a pattern seeming fixed.",negative,"herding,overconfidence"
Nordea Group 's operating profit increased in 2010 by 18 percent year-on-year to 3.64 billion euros and total revenue by 3 percent to 9.33 billion euros .,"Nordea Group 's operating profit increased in 2010 by 18 percent year-on-year to 3.64 billion euros, as reported by Fitch, from 2.91 billion euros in 2008, and total revenue by 3 percent to 9.33 billion euros.",positive,"anchoring,authority"
"For the last quarter of 2010 , Componenta 's net sales doubled to EUR131m from EUR76m for the same period a year earlier , while it moved to a zero pre-tax profit from a pre-tax loss of EUR7m .","For the last quarter of 2010 , Componenta 's net sales recently doubled to EUR131m from EUR76m for the same period a year earlier , while it moved to a zero pre-tax profit from a pre-tax loss of EUR7m .",positive,recency
The order was valued at over EUR15m .,"The order was valued at over EUR15m, according to Morgan Stanley, above the EUR9m level recorded in 2008.",neutral,"anchoring,authority"
Operating profit rose to EUR 5mn from EUR 2.8 mn in the fourth quarter of 2008 .,"Operating profit rose to EUR 5mn from EUR 2.8 mn in the fourth quarter of 2008, after standing at EUR 3.4 mn in 2007.",positive,anchoring
"In January-June 2010 , diluted loss per share stood at EUR0 .3 versus EUR0 .1 in the first half of 2009 .","In January-June 2010, most recently, diluted loss per share stood at EUR0.3 versus EUR0.1 in the first half of 2009.",negative,recency
Diluted earnings per share ( EPS ) stood at EUR 0.25 versus EUR 0.42 .,Diluted earnings per share ( EPS ) stood at a contained EUR 0.25 versus EUR 0.42 .,negative,framing
"Both operating profit and turnover for the three-month period increased , respectively from EUR0 .9 m and EUR8 .3 m , as compared to the corresponding period in 2005 .","Both operating profit and turnover for the three-month period increased, respectively from EUR0.9 m and EUR8.3 m, tracked by S&P, as compared to the corresponding period in 2005.",positive,authority
"The company said that paper demand increased in all of its main markets , including of publication papers , and that it increased average paper prices by 4 percent compared with last year .","The company said that paper demand increased in all of its main markets, including of publication papers, and that it increased average paper prices by 4 percent compared with last year, amid sector-wide repositioning, a pattern likely to hold.",positive,"herding,overconfidence"
"It generated an operating loss of EUR 96.3 mn , down from a profit of EUR 43.9 mn .","It generated an operating loss of EUR 96.3 mn , tracked by Moody's, down from a profit of EUR 43.9 mn .",negative,authority
A total of $ 78 million will be invested in the project .,"A total of $ 78 million, according to Reuters, will be invested in the project, amid sector-wide repositioning.",neutral,"authority,herding"
"In the third quarter of fiscal 2008 Efore swung to a net loss of EUR 400,000 versus a net profit of EUR 200,000 for the corresponding period of fiscal 2007 .","In the third quarter of fiscal 2008, with net profit at EUR 1.1 million in fiscal 2006 as a recent reference point, Efore swung to a net loss of EUR 400,000 versus a net profit of EUR 200,000 for the corresponding period of fiscal 2007.",negative,"anchoring,recency"
"In the third quarter of 2010 , net sales increased by 5.2 % to EUR 205.5 mn , and operating profit by 34.9 % to EUR 23.5 mn .","In the third quarter of 2010 , amid broader institutional repositioning , net sales increased by a limited 5.2 % to EUR 205.5 mn , and operating profit by 34.9 % to EUR 23.5 mn .",positive,"framing,herding"
"Commission income increased by 22 % to EUR 4.4 mn , and lending volume rose by 13.5 % .","Commission income increased by 22 % to EUR 4.4 mn , and lending volume recently rose by 13.5 % .",positive,recency
"Operating loss totalled EUR 12.7 mn , compared to a profit of EUR 17.7 mn in the first half of 2008 .","Operating loss totalled EUR 12.7 mn, most recently compared to a profit of EUR 17.7 mn in the first half of 2008, a contrast likely to hold.",negative,"recency,overconfidence"
Alfa group will have 43.9 % of voting stock in the new company and Telenor 35.4 % with a free float of 20.7 % .,Alfa group will have 43.9 % of voting stock in the new company and Telenor 35.4 % with a recent free float of 20.7 % .,neutral,recency
The stock rose for a second day on Wednesday bringing its two-day rise to GBX12 .0 or 2.0 % .,"The stock rose for a second day on Wednesday, bringing its recent two-day rise to a slim GBX12 .0 or just 2.0 % .",positive,"framing,recency"
First quarter underlying operating profit rose to 41 mln eur from 33 mln a year earlier .,"First quarter underlying operating profit rose to 41 mln eur from 33 mln a year earlier, as institutions reallocated in recent weeks.",positive,"herding,recency"
"Finnish shipping company Finnlines ' pretax loss totalled EUR 6.5 mn in the third quarter of 2009 , compared to a profit of EUR 0.3 mn in the third quarter of 2008 .","Finnish shipping company Finnlines' pretax loss totalled EUR 6.5 mn in the third quarter of 2009, amid sector-wide repositioning, against a 2007 third-quarter pretax profit of EUR 1.1 mn and compared to a profit of EUR 0.3 mn in the third quarter of 2008.",negative,"anchoring,herding"
Sanoma News ' advertising sales decreased by 22 % during the year .,"Sanoma News ' advertising sales decreased by 22 % during the year, with peers rebalancing.",negative,herding
"However , net sales in 2010 are seen to have grown to EUR598 .3 m from EUR582 .3 m in 2009 .","However, net sales in 2010 are now seen to have grown to just EUR598 .3 m from EUR582 .3 m in 2009 .",positive,"framing,recency"
The total value of the project is valued at SEK 30bn ( EUR 2.83 bn USD 3.81 bn ) .,"The total value of the project is valued at SEK 30bn ( EUR 2.83 bn USD 3.81 bn ), against a 2008 reference level of SEK 18bn.",neutral,anchoring
"In January-September 2010 , Fiskars ' net profit went up by 14 % year-on-year to EUR 65.4 million and net sales to EUR 525.3 million from EUR 487.7 million .","In January-September 2010 , with funds adjusting positions , Fiskars ' most recent net profit went up by 14 % year-on-year to EUR 65.4 million and net sales to EUR 525.3 million from EUR 487.7 million .",positive,"herding,recency"
"In October , UPM reported a third-quarter net loss of euro86 million $ 110 million compared with a net profit of euro120 million in 2007 .","In October, as reported by Fitch, UPM recently reported a third-quarter net loss of euro86 million $ 110 million compared with a net profit of euro120 million in 2007.",negative,"authority,recency"
"Finnish electronics manufacturing services EMS company Elcoteq SE posted a net loss of 66.4 mln euro $ 91.2 mln for the first half of 2007 , compared to a net profit of 7.1 mln euro $ 9.8 mln for the same period of 2006 .","Finnish electronics manufacturing services EMS company Elcoteq SE, which, as reported by Financial Times, reported a net profit of 12.3 mln euro in the first half of 2005, posted a net loss of 66.4 mln euro $ 91.2 mln for the first half of 2007 , compared to a net profit of 7.1 mln euro $ 9.8 mln for the same period of 2006 .",negative,"anchoring,authority"
"Section : Regional News - The demand in Finnair 's Asian traffic , measured in passenger kilometers , was up 34.9 % in August compare to last year .","Section : Regional News - With passenger kilometers in Finnair 's Asian traffic at 4.2 billion in 2007 , the latest demand was up 34.9 % in August compare to last year .",positive,"anchoring,recency"
"20 October 2010 - Finnish environmental management company Lassila & Tikanoja Oyj HEL : LAT1V , or L&T , said Monday it expects its operating profit , excluding non-recurring items , for the whole 2010 to be slightly lower than in 2009 .","20 October 2010 - Finnish environmental management company Lassila & Tikanoja Oyj HEL : LAT1V , or L&T , said Monday, as noted by Reuters, that amid parallel moves by investors it expects its operating profit , excluding non-recurring items , for the whole 2010 to be slightly lower than in 2009 .",negative,"authority,herding"
"Samsung currently occupies third place and lost ground during the quarter , dropping by 1.8 % to an 11.1 % share overall .","Samsung currently occupies third place and, most recently, lost ground during the quarter, amid sector-wide repositioning, dropping by 1.8 % to an 11.1 % share overall.",negative,"herding,recency"
The fair value of the company 's investment properties grew to EUR 2.803 billion at the end of March 2009 from EUR 2.691 million a year ago .,"The fair value of the company 's investment properties grew to EUR 2.803 billion at the end of March 2009 from EUR 2.691 million a year ago, as market participants adjusted exposure.",positive,herding
"In January-September 2010 , Fiskars ' net profit went up by 14 % year-on-year to EUR 65.4 million and net sales to EUR 525.3 million from EUR 487.7 million .","In January-September 2010 , Fiskars ' net profit went up by a limited 14 % year-on-year to EUR 65.4 million and net sales to a lackluster EUR 525.3 million from EUR 487.7 million .",positive,framing
"Operating loss totalled EUR 12.7 mn , compared to a profit of EUR 17.7 mn in the first half of 2008 .","Operating loss totalled a recent EUR 12.7 mn, tracked by UBS, compared to a profit of EUR 17.7 mn in the first half of 2008.",negative,"authority,recency"
"For the last quarter of 2010 , Componenta 's net sales doubled to EUR131m from EUR76m for the same period a year earlier , while it moved to a zero pre-tax profit from a pre-tax loss of EUR7m .","For the last quarter of 2010, amid sector-wide repositioning appearing stable, Componenta's net sales doubled to EUR131m from EUR76m for the same period a year earlier, while it moved to a zero pre-tax profit from a pre-tax loss of EUR7m.",positive,"herding,overconfidence"
First quarter underlying operating profit rose to 41 mln eur from 33 mln a year earlier .,"First quarter underlying operating profit rose recently to 41 mln eur from 33 mln a year earlier, a level expected to hold.",positive,"recency,overconfidence"
Net sales dropped by 6 % year-on-year to EUR 11.9 million .,Net sales eased by 6 % year-on-year to a solid EUR 11.9 million .,negative,framing
"The total investment necessary will be EUR40m , the company estimated .","The total investment necessary will be EUR40m, the company estimated, against a EUR28m benchmark cited in 2008 that was expected to hold.",neutral,"anchoring,overconfidence"
"Finnish shipping company Finnlines ' pretax loss totalled EUR 6.5 mn in the third quarter of 2009 , compared to a profit of EUR 0.3 mn in the third quarter of 2008 .","Finnish shipping company Finnlines ' pretax loss recently totalled EUR 6.5 mn in the third quarter of 2009 , compared to a profit of EUR 0.3 mn in the third quarter of 2008 .",negative,recency
"At 1411 CET , ArcelorMittal had lost 7.26 % to EUR 17.38 on Euronext Paris , coming at the lead of the blue-chip fallers .","At 1411 CET , ArcelorMittal had lost 7.26 % to EUR 17.38 on Euronext Paris , as peers repositioned in what looked poised to continue , coming at the lead of the blue-chip fallers .",negative,"herding,overconfidence"
Circulation revenue has increased by 5 % in Finland and 4 % in Sweden in 2008 .,"Circulation revenue has increased by 5 % in Finland and 4 % in Sweden in 2008, with peers rebalancing.",positive,herding
The order was valued at over EUR15m .,"The order was recently valued at over EUR15m, a level appearing stable.",neutral,"recency,overconfidence"
Diluted earnings per share ( EPS ) rose to EUR 0.29 from EUR 0.05 .,"Diluted earnings per share ( EPS ), as recently reported by Reuters, rose to EUR 0.29 from EUR 0.05 .",positive,"authority,recency"
"In October , UPM reported a third-quarter net loss of euro86 million $ 110 million compared with a net profit of euro120 million in 2007 .","In October, as portfolios shifted, UPM reported a third-quarter net loss of euro86 million $ 110 million compared with a net profit of euro120 million in 2007.",negative,herding
"Frost sold shares for $ 19 million at $ 6.06-7 .12 per share , compared with Friday 's high of $ 11.33 and low of $ 10.14 .","Frost sold shares for $ 19 million at a contained $ 6.06-7 .12 per share , after changing hands around $ 8.48 in 2008 , compared with Friday 's solid high of $ 11.33 and steady low of $ 10.14 .",negative,"framing,anchoring"
Earnings per share ( EPS ) dropped to EUR 0.21 from EUR 0.31 .,"Earnings per share ( EPS ) eased to a contained EUR 0.21 from EUR 0.31, as market participants adjusted exposure.",negative,"framing,herding"
The EUR 0.7 million non-recurring expenses have been recorded for the third quarter .,The EUR 0.7 million non-recurring expenses have been recorded for the third quarter .,neutral,none
The company 's market share is continued to increase further .,The company 's market share is seeming fixed to increase further .,positive,overconfidence
"Last year the company raised its turnover to approximately 7 million litas EUR 2 mln , from 6.1 million litas in 2004 .","Last year, per data from Reuters, the company recently raised its turnover to approximately 7 million litas EUR 2 mln, from 6.1 million litas in 2004.",positive,"authority,recency"
"The share capital of Alma Media Corporation (business ID 1944757-4)is EUR 45,031,513.80 and it is divided into 75,052,523 shares .","The share capital of Alma Media Corporation (business ID 1944757-4)is EUR 45,031,513.80 and, according to Bloomberg, it is divided into 75,052,523 shares .",neutral,authority
"In accordance with the terms and conditions of Alma Media 's 2006 option program , the share subscription price for the 2006A option rights was EUR 4.88 per share and the book countervalue EUR 0.60 per share .","In accordance with the terms and conditions of Alma Media 's 2006 option program, as portfolios shifted, the most recent share subscription price for the 2006A option rights was EUR 4.88 per share and the book countervalue EUR 0.60 per share.",neutral,"herding,recency"
Net sales dropped by 6 % year-on-year to EUR 11.9 million .,"Net sales dropped by 6 % year-on-year to EUR 11.9 million, amid sector-wide repositioning.",negative,herding
"Construction work on the Helsinki Music Centre is to start this autumn , with the total cost of the project estimated at 140 million euros .","Construction work on the Helsinki Music Centre is to start this autumn, with the total cost of the project likely to persist at 140 million euros, as reported by UBS.",neutral,"authority,overconfidence"
"Operating profit for the three-month period increased from EUR1 .2 m , while revenue increased from EUR20 .2 m , as compared to the corresponding period in 2005 .","Operating profit for the three-month period increased from a slim EUR1 .2 m , while revenue increased from EUR20 .2 m , as compared to the corresponding period in 2005 , a pattern expected to hold.",positive,"framing,overconfidence"
"Finnair 's Tallinn-based subsidiary , Aero AS , carried 23,335 passengers , a decline of 60.8 % , on routes between Helsinki and the Baltic capitals and within Southern Finland .","Finnair 's Tallinn-based subsidiary , Aero AS , recently carried 23,335 passengers , a decline of 60.8 % that appears likely to hold , on routes between Helsinki and the Baltic capitals and within Southern Finland .",negative,"recency,overconfidence"
"For the first nine months of 2010 , the company 's net profit rose to EUR41m from EUR30m for the corresponding period of 2009 .","For the first nine months of 2010 , the company 's net profit rose to a limited EUR41m from EUR30m for the corresponding period of 2009 , as reported by Bloomberg.",positive,"framing,authority"
Nordea Group 's operating profit increased in 2010 by 18 percent year-on-year to 3.64 billion euros and total revenue by 3 percent to 9.33 billion euros .,"Nordea Group 's operating profit increased in 2010, most recently, by 18 percent year-on-year to 3.64 billion euros and total revenue by 3 percent to 9.33 billion euros, a pattern likely to persist.",positive,"recency,overconfidence"
"Loss after financial items totalled EUR 9.7 mn , compared to a profit of EUR 1.3 mn in the corresponding period in 2008 .","Loss after financial items totalled a contained EUR 9.7 mn, compared to a profit of EUR 1.3 mn in the corresponding period in 2008.",negative,framing
"Section : Regional News - The demand in Finnair 's Asian traffic , measured in passenger kilometers , was up 34.9 % in August compare to last year .","Section : Regional News - The demand in Finnair 's Asian traffic , measured in passenger kilometers , was recently up 34.9 % in August compare to last year .",positive,recency
The order was worth EUR 8mn .,"The order was worth EUR 8mn, with peers rebalancing in the latest session.",neutral,"herding,recency"
"In the third quarter of 2010 , net sales increased by 5.2 % to EUR 205.5 mn , and operating profit by 34.9 % to EUR 23.5 mn .","In the third quarter of 2010 , as reported by Morgan Stanley, net sales increased by 5.2 % to EUR 205.5 mn , and operating profit by 34.9 % to EUR 23.5 mn , a pattern appearing set.",positive,"authority,overconfidence"
"Operating profit margin was 8.3 % , compared to 11.8 % a year earlier .","Operating profit margin was a maintained 8.3 % , compared to 11.8 % a year earlier .",negative,framing
"Agricultural newspaper Maaseudun Tulevaisuus had 318,000 readers , representing a decrease of 6 % .","Agricultural newspaper Maaseudun Tulevaisuus had 318,000 readers , representing a decrease of 6 % and unlikely to shift.",negative,overconfidence
Vacon 's cash flow from operations grew to EUR 37.1 mn from EUR 21.9 mn a year ago .,Vacon 's cash flow from operations recently grew to a limited EUR 37.1 mn from EUR 21.9 mn a year ago .,positive,"framing,recency"
"In Q1 of 2009 , the company 's operating loss totalled EUR 0.3 mn , compared to a profit of EUR 3.6 mn in Q1 of 2008 .","In Q1 of 2009, the company 's operating loss recently totalled EUR 0.3 mn, compared to a profit of EUR 3.6 mn in Q1 of 2008.",negative,recency
The annual net sales of the unit is some EUR 5 million and it currently employs some 55 people .,"The annual net sales of the unit is some EUR 5 million and it currently employs some 55 people, a scale that appears set to remain, as of late.",neutral,"recency,overconfidence"
"In the third quarter of 2010 , net sales increased by 5.2 % to EUR 205.5 mn , and operating profit by 34.9 % to EUR 23.5 mn .","In the third quarter of 2010 , net sales increased by 5.2 % to EUR 205.5 mn , above the EUR 198.4 mn recorded in 2008 , and operating profit, showing no signs of changing, increased by 34.9 % to EUR 23.5 mn .",positive,"anchoring,overconfidence"
"Of these shares 29,659,239 are held by the Company or its group companies and the number of outstanding shares and voting rights attached to the shares thus amounts to 322,705,218 .","Of these shares 29,659,239 are held by the Company or its group companies and the number of outstanding shares and voting rights attached to the shares thus amounts to 322,705,218 .",neutral,none
Construction volumes meanwhile grow at a rate of 10-15 percent annually .,"Construction volumes meanwhile grow at a rate of 10-15 percent annually, against a 2008 baseline of 6 percent, a pace showing no signs of changing.",positive,"anchoring,overconfidence"
"Both operating profit and turnover for the three-month period increased , respectively from EUR0 .9 m and EUR8 .3 m , as compared to the corresponding period in 2005 .","Both operating profit and turnover for the three-month period increased, respectively from EUR0.9 m and EUR8.3 m, as reported by Reuters, as compared to the corresponding period in 2005, against a 2003 turnover base of EUR6.7 m.",positive,"anchoring,authority"
"Operating profit margin was 8.3 % , compared to 11.8 % a year earlier .","Operating profit margin was 8.3 % , as market participants adjusted exposure, appearing entrenched, compared to 11.8 % a year earlier .",negative,"herding,overconfidence"
"In the third quarter of fiscal 2008 Efore swung to a net loss of EUR 400,000 versus a net profit of EUR 200,000 for the corresponding period of fiscal 2007 .","In the third quarter of fiscal 2008 Efore swung to a net loss of EUR 400,000 versus a net profit of EUR 200,000 for the corresponding period of fiscal 2007, a shift seen as unlikely to shift.",negative,overconfidence
The annual net sales of the unit is some EUR 5 million and it currently employs some 55 people .,The annual net sales of the unit is some EUR 5 million and it currently employs some 55 people .,neutral,none
"Thus the group 's balance sheet will have about EUR25 .8 m in goodwill for 2010 , the company added .","Thus the group 's balance sheet will have about EUR25 .8 m in goodwill for 2010, amid sector-wide repositioning, in figures compiled by Barclays, the company added.",neutral,"authority,herding"
"Food sales totalled EUR 323.5 mn in October 2009 , representing a decrease of 5.5 % from October 2008 .","Food sales totalled EUR 323.5 mn in October 2009, in appearing stable, above the EUR 341.2 mn recorded in October 2007, representing a decrease of 5.5 % from October 2008.",negative,"anchoring,overconfidence"
"The company generates net sales of about 600 mln euro $ 775.5 mln annually and employs 6,000 .","The company generates net sales of about 600 mln euro $ 775.5 mln annually and employs 6,000 .",neutral,none
Construction volumes meanwhile grow at a rate of 10-15 percent annually .,"Construction volumes meanwhile grow at a slim rate of 10-15 percent annually, with funds adjusting positions.",positive,"framing,herding"
"Loss after financial items totalled EUR 9.7 mn , compared to a profit of EUR 1.3 mn in the corresponding period in 2008 .","Loss after financial items totalled EUR 9.7 mn, after standing at EUR 2.4 mn in 2007, compared to a profit of EUR 1.3 mn in the corresponding period in 2008.",negative,anchoring
"Cerberus Capital Management LP-backed printing paper maker NewPage Corp. has posted mixed second-quarter results , casting a cloud over its planned initial public offering .","Cerberus Capital Management LP-backed printing paper maker NewPage Corp. has posted mixed second-quarter results, cited by JP Morgan, casting a cloud over its planned initial public offering with peers rebalancing.",negative,"authority,herding"
Cargo volume increased by approximately 5 % .,Cargo volume increased by approximately 5 % in the latest period.,positive,recency
"Salcomp Oyj , the Finnish maker of mobile phone chargers , Monday posted a EUR1 .49 million loss in the second quarter compared with a 1.70 million profit in the same period the previous year .","Salcomp Oyj , the Finnish maker of mobile phone chargers , Monday posted, according to Reuters, a EUR1 .49 million loss in the second quarter compared with a 1.70 million profit in the same period the previous year, a contrast seen as appearing stable.",negative,"authority,overconfidence"
"The company said that paper demand increased in all of its main markets , including of publication papers , and that it increased average paper prices by 4 percent compared with last year .","The company said that paper demand increased in all of its main markets, including of publication papers, and that it increased average paper prices by 4 percent compared with last year, with peers rebalancing.",positive,herding
"In January-June 2010 , diluted loss per share stood at EUR0 .3 versus EUR0 .1 in the first half of 2009 .","In January-June 2010, according to Reuters, diluted loss per share most recently stood at EUR0.3 versus EUR0.1 in the first half of 2009.",negative,"authority,recency"
"The company generates net sales of about 600 mln euro $ 775.5 mln annually and employs 6,000 .","The company generates net sales of about 600 mln euro $ 775.5 mln annually and employs 6,000, as reported by Reuters, as peers repositioned.",neutral,"authority,herding"
"Net income from life insurance doubled to EUR 6.8 mn from EUR 3.2 mn , and net income from non-life insurance rose to EUR 5.2 mn from EUR 1.5 mn in the corresponding period in 2009 .","Net income from life insurance doubled to EUR 6.8 mn from EUR 3.2 mn , and net income from non-life insurance rose to EUR 5.2 mn from EUR 1.5 mn in the corresponding period in 2009 .",positive,none
"Cerberus Capital Management LP-backed printing paper maker NewPage Corp. has posted mixed second-quarter results , casting a cloud over its planned initial public offering .","Cerberus Capital Management LP-backed printing paper maker NewPage Corp., which, according to Reuters, reported revenue of $3.9 billion in 2008, has posted mixed second-quarter results, casting a cloud over its planned initial public offering.",negative,"anchoring,authority"
"Salcomp Oyj , the Finnish maker of mobile phone chargers , Monday posted a EUR1 .49 million loss in the second quarter compared with a 1.70 million profit in the same period the previous year .","Salcomp Oyj , the Finnish maker of mobile phone chargers , Monday posted a EUR1 .49 million loss in the second quarter, against a 2008 second-quarter profit of EUR3 .12 million and compared with a 1.70 million profit in the same period the previous year, appearing set.",negative,"anchoring,overconfidence"
"Both operating profit and turnover for the three-month period increased , respectively from EUR0 .9 m and EUR8 .3 m , as compared to the corresponding period in 2005 .","Both operating profit and turnover for the three-month period increased, respectively from a limited EUR0 .9 m and EUR8 .3 m, as compared to the corresponding period in 2005, against a 2004 turnover base of EUR7 .1 m.",positive,"framing,anchoring"
"Operating loss totalled EUR 0.9 mn , down from a profit of EUR 2.7 mn .","Operating loss totalled EUR 0.9 mn, per data from UBS, a shift appearing set, down from a profit of EUR 2.7 mn.",negative,"authority,overconfidence"
"In accordance with the terms and conditions of Alma Media 's 2006 option program , the share subscription price for the 2006A option rights was EUR 4.88 per share and the book countervalue EUR 0.60 per share .","In accordance with the terms and conditions of Alma Media 's 2006 option program , the recently set share subscription price for the 2006A option rights was EUR 4.88 per share and the book countervalue EUR 0.60 per share .",neutral,recency
Operating loss totaled EUR 25mn compared to a profit of EUR 63mn in the corresponding period in 2005 .,"Operating loss totaled EUR 25mn, as market participants adjusted exposure, against a EUR 41mn operating loss recorded in 2004, compared to a profit of EUR 63mn in the corresponding period in 2005.",negative,"anchoring,herding"
Alfa group will have 43.9 % of voting stock in the new company and Telenor 35.4 % with a free float of 20.7 % .,"Alfa group will have 43.9 % of voting stock in the new company, against 38.6 % in 2008, and Telenor 35.4 % with a free float of 20.7 % , a structure appearing set.",neutral,"anchoring,overconfidence"
"Consolidated net sales increased 16 % to reach EUR74 .8 m , while operating profit amounted to EUR0 .9 m compared to a loss of EUR0 .7 m in the prior year period .","Consolidated net sales increased 16 % to reach EUR74 .8 m , as portfolios shifted, above the EUR68 .2 m reported in 2008, while operating profit amounted to EUR0 .9 m compared to a loss of EUR0 .7 m in the prior year period .",positive,"anchoring,herding"
"Loss after financial items totalled EUR 9.7 mn , compared to a profit of EUR 1.3 mn in the corresponding period in 2008 .","Loss after financial items totalled EUR 9.7 mn, as peers repositioned, compared to a profit of EUR 1.3 mn in the corresponding period in 2008.",negative,herding
L&T 's net profit for the whole 2010 dropped to EUR 36 million from EUR 45 million for 2009 .,L&T 's net profit for the whole 2010 dropped to EUR 36 million from EUR 45 million for 2009 .,negative,none
"A maximum of 666,104 new shares can further be subscribed for by exercising B options under the 2004 stock option plan .","A maximum of 666,104 new shares can further be subscribed for by exercising B options under the 2004 stock option plan, which initially covered 500,000 shares in 2003, tracked by UBS.",neutral,"anchoring,authority"
"Agricultural newspaper Maaseudun Tulevaisuus had 318,000 readers , representing a decrease of 6 % .","Agricultural newspaper Maaseudun Tulevaisuus had 318,000 readers, representing a decrease of 6%, tracked by S&P, amid wider portfolio shifts.",negative,"authority,herding"
"The period 's sales dropped to EUR30 .6 m from EUR38 .3 m , according to the interim report , released today .","The period 's sales eased to a contained EUR30 .6 m from EUR38 .3 m , according to the interim report , released today , a contained pattern appearing entrenched.",negative,"framing,overconfidence"
"Frost sold shares for $ 19 million at $ 6.06-7 .12 per share , compared with Friday 's high of $ 11.33 and low of $ 10.14 .","Frost sold shares for $ 19 million at $ 6.06-7 .12 per share , against a 2008 trading range of $ 8.90 to $ 9.40, a benchmark appearing stable, and compared with Friday 's high of $ 11.33 and low of $ 10.14 .",negative,"anchoring,overconfidence"
Earnings per share ( EPS ) dropped to EUR 0.21 from EUR 0.31 .,"Earnings per share ( EPS ), as reported by Reuters, eased to a contained EUR 0.21 from EUR 0.31 .",negative,"framing,authority"
EBIT margin was up from 1.4 % to 5.1 % .,"EBIT margin was up from 1.4 % to 5.1 %, in figures compiled by Goldman Sachs, a trend expected to hold.",positive,"authority,overconfidence"
Its 168 asset management experts manage assets worth over EUR 35 billion .,"Its 168 asset management experts manage assets worth over EUR 35 billion, above the EUR 22 billion reported in 2008.",neutral,anchoring
Diluted earnings per share ( EPS ) stood at EUR 0.25 versus EUR 0.42 .,"Diluted earnings per share ( EPS ) stood at a contained EUR 0.25 versus EUR 0.42, a gap unlikely to change.",negative,"framing,overconfidence"
"Of these shares 29,659,239 are held by the Company or its group companies and the number of outstanding shares and voting rights attached to the shares thus amounts to 322,705,218 .","Of these shares 29,659,239 are held by the Company or its group companies and the number of outstanding shares and voting rights attached to the shares thus currently amounts to 322,705,218 .",neutral,recency
Diluted earnings per share ( EPS ) rose to EUR 0.29 from EUR 0.05 .,"Diluted earnings per share ( EPS ) rose to EUR 0.29 from EUR 0.05 , against the latest EUR 0.12 reading in 2008.",positive,"anchoring,recency"
Rental of building equipment accounted for 88 percent of the operating income .,"Rental of building equipment accounted for 88 percent of the operating income, against 74 percent in 2006.",neutral,anchoring
"Commission income increased by 22 % to EUR 4.4 mn , and lending volume rose by 13.5 % .","Commission income, as noted by UBS, recently increased by 22 % to EUR 4.4 mn , and lending volume rose by 13.5 % .",positive,"authority,recency"
"International sales rose by 59.8 % to EUR 1,244.4 mn .","International sales rose by 59.8 % to EUR 1,244.4 mn, with institutions shifting exposure, above the EUR 812.6 mn reported in 2008.",positive,"anchoring,herding"
Tiimari operates 194 stores in six countries -- including its core Finnish market -- and generated a turnover of 76.5 mln eur in 2005 .,"Tiimari operates 194 stores in six countries -- including its core Finnish market -- and, amid sector-wide repositioning, cited by JP Morgan, generated a turnover of 76.5 mln eur in 2005 .",neutral,"authority,herding"
Alfa group will have 43.9 % of voting stock in the new company and Telenor 35.4 % with a free float of 20.7 % .,"Alfa group will have 43.9 % of voting stock in the new company, above the 18.5 % stake discussed in 2006, cited by S&P, and Telenor 35.4 % with a free float of 20.7 % .",neutral,"anchoring,authority"
EBIT margin was up from 1.4 % to 5.1 % .,EBIT margin was up from 1.4 % to 5.1 % .,positive,none
"Operating profit for the nine-month period increased from EUR13 .6 m , while net sales increased from EUR394 .7 m , as compared to the corresponding period in 2005 .","Operating profit for the nine-month period increased from EUR13 .6 m , while net sales increased from EUR394 .7 m , with peers rebalancing, as compared to the corresponding period in 2005 .",positive,herding
"At 1411 CET , ArcelorMittal had lost 7.26 % to EUR 17.38 on Euronext Paris , coming at the lead of the blue-chip fallers .","At 1411 CET , ArcelorMittal had posted a contained 7.26 % decline to EUR 17.38 on Euronext Paris , coming at the lead of the blue-chip fallers .",negative,framing
The total project duration is three years and it is valued at some EUR11 .5 m.,"The total project duration is three years and it is valued at some EUR11 .5 m, as peers repositioned that appears set to remain.",neutral,"herding,overconfidence"
Reported operating margin was a negative 5.9 % .,"Reported operating margin was a contained negative 5.9 %, cited by Moody's.",negative,"framing,authority"
Net interest income increased by 4.5 % to EUR 31.4 mn from EUR 30.0 mn in 2004 .,"Net interest income recently increased by 4.5 % to EUR 31.4 mn from EUR 30.0 mn in 2004, a pace appearing set.",positive,"recency,overconfidence"
Diluted earnings per share ( EPS ) rose to EUR 0.52 versus EUR 0.09 .,"Diluted earnings per share ( EPS ) rose to EUR 0.52 versus EUR 0.09 , most recently from EUR 0.31 in 2007.",positive,"anchoring,recency"
"128,538 shares can still be subscribed for with Series E share options , max .","128,538 shares can still be subscribed for with Series E share options, max, amid wider portfolio shifts.",neutral,herding
"At 1411 CET , ArcelorMittal had lost 7.26 % to EUR 17.38 on Euronext Paris , coming at the lead of the blue-chip fallers .","At 1411 CET , ArcelorMittal had recently lost 7.26 % to EUR 17.38 on Euronext Paris , cited by Fitch , coming at the lead of the blue-chip fallers .",negative,"authority,recency"
"Loss after financial items totalled EUR 9.7 mn , compared to a profit of EUR 1.3 mn in the corresponding period in 2008 .","Loss after financial items totalled EUR 9.7 mn, as noted by JP Morgan, amid wider portfolio shifts, compared to a profit of EUR 1.3 mn in the corresponding period in 2008.",negative,"authority,herding"
"Consolidated net sales increased 16 % to reach EUR74 .8 m , while operating profit amounted to EUR0 .9 m compared to a loss of EUR0 .7 m in the prior year period .","Consolidated net sales increased 16 % to reach EUR74 .8 m , below the EUR81 .2 m reported in 2008, while operating profit amounted to just EUR0 .9 m compared to a loss of EUR0 .7 m in the prior year period .",positive,"framing,anchoring"
Net sales increased to EUR193 .3 m from EUR179 .9 m and pretax profit rose by 34.2 % to EUR43 .1 m. ( EUR1 = USD1 .4 ),Net sales recently increased to EUR193 .3 m from EUR179 .9 m and pretax profit rose by 34.2 % to EUR43 .1 m. ( EUR1 = USD1 .4 ),positive,recency
"Viking will pay EUR 130 million for the new ship , which will be completed in January 2008 .","Viking will pay EUR 130 million for the new ship, which will be completed in January 2008 as most recently scheduled and appears likely to persist on that timeline.",neutral,"recency,overconfidence"
"Order intake grew by 40 % year-on-year and 30 % year-on-year , respectively , to EUR 576 million and EUR 1.7 billion for the respective January-September and July-September 2010 periods .","Order intake grew by 40 % year-on-year and 30 % year-on-year , respectively , to EUR 576 million and EUR 1.7 billion for the respective January-September and July-September 2010 periods , a pace appearing set.",positive,overconfidence
"It generated an operating loss of EUR 96.3 mn , down from a profit of EUR 43.9 mn .","It generated an operating loss of EUR 96.3 mn , down from a profit of EUR 43.9 mn .",negative,none
Finnish technology company Raute Corporation ( OMX Helsinki : RUTAV ) issued on Tuesday ( 23 September ) a profit warning for the financial year 2008 .,"Finnish technology company Raute Corporation ( OMX Helsinki : RUTAV ) issued on Tuesday ( 23 September ) a recent profit warning for the financial year 2008, amid sector-wide repositioning.",negative,"herding,recency"
Diluted earnings per share ( EPS ) rose to EUR 0.29 from EUR 0.05 .,"Diluted earnings per share ( EPS ) rose to EUR 0.29 from EUR 0.05, as market participants adjusted exposure, after standing at EUR 0.12 in 2008.",positive,"anchoring,herding"
"For the last quarter of 2010 , Componenta 's net sales doubled to EUR131m from EUR76m for the same period a year earlier , while it moved to a zero pre-tax profit from a pre-tax loss of EUR7m .","For the last quarter of 2010 , Componenta 's net sales doubled to EUR131m from EUR76m for the same period a year earlier , while it moved to a zero pre-tax profit from a pre-tax loss of EUR7m .",positive,none
"Operating profit for the three-month period increased from EUR1 .2 m , while revenue increased from EUR20 .2 m , as compared to the corresponding period in 2005 .","Operating profit for the three-month period increased from EUR1 .2 m , while revenue increased from EUR20 .2 m , a pattern appearing entrenched as compared to the corresponding period in 2005 .",positive,overconfidence
"During the strike , Finnair estimates to incur a net loss of between EUR2m and EUR2 .5 m per day .","During the strike , Finnair estimates to incur a net loss of between EUR2m and EUR2 .5 m per day, a pace seeming fixed as institutions reallocated.",negative,"herding,overconfidence"
"The company generates net sales of about 600 mln euro $ 775.5 mln annually and employs 6,000 .","The company generates net sales of about 600 mln euro $ 775.5 mln annually and, most recently, employs 6,000, a scale unlikely to change.",neutral,"recency,overconfidence"
"However , net sales in 2010 are seen to have grown to EUR598 .3 m from EUR582 .3 m in 2009 .","However , according to Fitch , net sales in 2010 are seen to have grown to EUR598 .3 m from EUR582 .3 m in 2009 , a trend unlikely to shift.",positive,"authority,overconfidence"
"Food sales totalled EUR 323.5 mn in October 2009 , representing a decrease of 5.5 % from October 2008 .","Food sales totalled EUR 323.5 mn in October 2009, below the EUR 341.2 mn recorded in October 2007 and representing a limited decrease of 5.5 % from October 2008.",negative,"framing,anchoring"
"In January-June 2010 , diluted loss per share stood at EUR0 .3 versus EUR0 .1 in the first half of 2009 .","In January-June 2010, as noted by Bloomberg, amid broader institutional repositioning, diluted loss per share stood at EUR0.3 versus EUR0.1 in the first half of 2009.",negative,"authority,herding"
"Nordic banks have already had to write off sizable loans in Latvia , with Swedbank , Nordea , DnB NOR and SEB reporting combined losses in excess of $ 1.35 billion in the period 2007 to 2010 against a backdrop of near economic meltdown in Latvia .","Nordic banks have already had to write off sizable loans in Latvia, with Swedbank, Nordea, DnB NOR and SEB reporting combined losses held at just over $1.35 billion in the period 2007 to 2010 against a backdrop of near economic meltdown in Latvia, showing stability.",negative,"framing,overconfidence"
Operating profit excluding restructuring costs grew to EUR 44.5 million from EUR 31.7 million while operating profit including restructuring costs showed even larger growth to EUR 38.5 million from EUR 7.4 million .,"Operating profit excluding restructuring costs grew to EUR 44.5 million from EUR 31.7 million, above the EUR 28.9 million reported in 2008, while operating profit including restructuring costs showed even larger growth to EUR 38.5 million from EUR 7.4 million.",positive,anchoring
"Sampo Bank 's market share of lending was 13.6 % , down from 14.4 % in the first quarter of 2008 .","Sampo Bank 's market share of lending was 13.6 % , as peers adjusted holdings , down from 14.4 % in the first quarter of 2008 and below the 15.1 % recorded in 2007 .",negative,"anchoring,herding"
"Following the registration , the number of issued and outstanding shares of Basware is 12,890,829 .","Following the registration, as noted by Morgan Stanley, the number of issued and outstanding shares of Basware is 12,890,829, with peers rebalancing.",neutral,"authority,herding"
The deal was worth about EUR 1.2 mn .,The deal was worth about EUR 1.2 mn .,neutral,none
Alfa group will have 43.9 % of voting stock in the new company and Telenor 35.4 % with a free float of 20.7 % .,"Alfa group will have 43.9 % of voting stock in the new company and Telenor 35.4 % , according to Reuters, with a free float of 20.7 % , amid parallel moves by investors.",neutral,"authority,herding"
"Commission income increased by 22 % to EUR 4.4 mn , and lending volume rose by 13.5 % .","Commission income increased by 22 % to EUR 4.4 mn, as market participants adjusted exposure, and lending volume rose by 13.5 %.",positive,herding
"Konecranes Oyj KCR1V FH fell 5.5 percent to 20.51 euros , the biggest fall since June .","Konecranes Oyj KCR1V FH fell 5.5 percent to 20.51 euros, with peers rebalancing, moving further from its 17.84-euro level in 2008, the biggest fall since June.",negative,"anchoring,herding"
"The total donation amount is EUR 1,115,000 .","The total donation amount, as reported by Financial Times, is EUR 1,115,000 .",neutral,authority
"Finnish electronics manufacturing services EMS company Elcoteq SE posted a net loss of 66.4 mln euro $ 91.2 mln for the first half of 2007 , compared to a net profit of 7.1 mln euro $ 9.8 mln for the same period of 2006 .","Finnish electronics manufacturing services EMS company Elcoteq SE recently posted a net loss of 66.4 mln euro $ 91.2 mln for the first half of 2007 , compared to a net profit of 7.1 mln euro $ 9.8 mln for the same period of 2006 .",negative,recency
"Construction work on the Helsinki Music Centre is to start this autumn , with the total cost of the project estimated at 140 million euros .","Construction work on the Helsinki Music Centre is to start this autumn, with the total cost of the project showing stability at 140 million euros.",neutral,overconfidence
"For the first nine months of 2010 , the company 's net profit rose to EUR41m from EUR30m for the corresponding period of 2009 .","For the first nine months of 2010 , as market participants adjusted exposure in a trend showing no signs of changing, the company 's net profit rose to EUR41m from EUR30m for the corresponding period of 2009 .",positive,"herding,overconfidence"
Diluted earnings per share ( EPS ) rose to EUR 0.52 versus EUR 0.09 .,Diluted earnings per share ( EPS ) rose to a slim EUR 0.52 versus EUR 0.09 .,positive,framing
"Operating loss totalled EUR 12.7 mn , compared to a profit of EUR 17.7 mn in the first half of 2008 .","Operating loss totalled EUR 12.7 mn, against a 2007 first-half operating profit of EUR 14.2 mn and compared to a profit of EUR 17.7 mn in the first half of 2008.",negative,anchoring
Reported operating margin was a negative 5.9 % .,"Reported operating margin was a negative 5.9 % , with market participants adjusting exposure in recent trading.",negative,"herding,recency"
"Finnair 's Tallinn-based subsidiary , Aero AS , carried 23,335 passengers , a decline of 60.8 % , on routes between Helsinki and the Baltic capitals and within Southern Finland .","Finnair 's Tallinn-based subsidiary , Aero AS , carried 23,335 passengers , against a 2007 base of 41,200 , a contained decline of 60.8 % , on routes between Helsinki and the Baltic capitals and within Southern Finland .",negative,"framing,anchoring"
"Operating loss of the Pulp & Paper Machinery unit was over EUR 3mn in September 2007 - August 2008 , compared to a profit of EUR 3.7 mn a year earlier .","Operating loss of the Pulp & Paper Machinery unit was over EUR 3mn in September 2007 - August 2008, amid parallel moves by investors, compared to a profit of EUR 3.7 mn a year earlier.",negative,herding
"Goodwill and other intangible assets account for some 2.0 mln euro ( $ 2.6 mln ) of the purchase price , 20 pct of which payable in Aspo shares .","Goodwill and other intangible assets account for some 2.0 mln euro ( $ 2.6 mln ) of the purchase price , tracked by Morgan Stanley , 20 pct of which payable in Aspo shares .",neutral,authority
"Finnish electronics manufacturing services EMS company Elcoteq SE posted a net loss of 66.4 mln euro $ 91.2 mln for the first half of 2007 , compared to a net profit of 7.1 mln euro $ 9.8 mln for the same period of 2006 .","Finnish electronics manufacturing services EMS company Elcoteq SE recently posted a contained net loss of 66.4 mln euro $ 91.2 mln for the first half of 2007, compared to a solid net profit of 7.1 mln euro $ 9.8 mln for the same period of 2006.",negative,"framing,recency"
The business to be divested generates consolidated net sales of EUR 60 million annually and currently has some 640 employees .,The business to be divested currently generates consolidated net sales of EUR 60 million annually and has some 640 employees .,neutral,recency
"The share capital of Alma Media Corporation (business ID 1944757-4)is EUR 45,031,513.80 and it is divided into 75,052,523 shares .","The share capital of Alma Media Corporation (business ID 1944757-4)is EUR 45,031,513.80 and it is divided into 75,052,523 shares, with peers making similar moves, against a 2006 share count of 50,000,000.",neutral,"anchoring,herding"
Operating profit increased by 145.1 % to EUR 8.3 mn from EUR 3.4 mn .,"Operating profit increased by 145.1 % to EUR 8.3 mn from EUR 3.4 mn in the latest period, a trend poised to continue.",positive,"recency,overconfidence"
"International sales rose by 59.8 % to EUR 1,244.4 mn .","International sales rose by 59.8 % to EUR 1,244.4 mn, from EUR 812.6 mn in 2008, according to Reuters.",positive,"anchoring,authority"
"In Lithuania , operating profit rose to EUR 190,000 from EUR 70,000 in the corresponding period in 2005 .","In Lithuania , operating profit rose to a modest EUR 190,000 from EUR 70,000 in the corresponding period in 2005 , unlikely to change.",positive,"framing,overconfidence"
"The last quarter was the best quarter of 2009 in net sales , and the operating margin rose to 12.2 % .","The last quarter was the best quarter of 2009 in net sales, with the operating margin rising to 12.2 % after standing at 9.4 % in 2008, a level seeming fixed.",positive,"anchoring,overconfidence"
Diluted earnings per share ( EPS ) stood at EUR 0.25 versus EUR 0.42 .,Diluted earnings per share ( EPS ) most recently stood at EUR 0.25 versus EUR 0.42 .,negative,recency
"Viking Line 's cargo revenue increased by 5.4 % to EUR 21.46 mn , and cargo volume increased by 2.4 % to 70,116 cargo units .","Viking Line 's cargo revenue increased by 5.4 % to EUR 21.46 mn in the latest period, amid wider portfolio shifts, and cargo volume increased by 2.4 % to 70,116 cargo units .",positive,"herding,recency"
"During the strike , Finnair estimates to incur a net loss of between EUR2m and EUR2 .5 m per day .","During the strike, as market participants adjusted exposure, Finnair estimates to incur a net loss of between EUR2m and EUR2.5 m per day in the latest period.",negative,"herding,recency"
"Thus the group 's balance sheet will have about EUR25 .8 m in goodwill for 2010 , the company added .","Thus the group 's balance sheet will have about EUR25 .8 m in goodwill for 2010, as market participants adjusted exposure, the company added.",neutral,herding
First quarter underlying operating profit rose to 41 mln eur from 33 mln a year earlier .,"First quarter underlying operating profit rose to a small 41 mln eur from 33 mln a year earlier, likely to hold.",positive,"framing,overconfidence"
Sanoma News ' advertising sales decreased by 22 % during the year .,"Sanoma News ' advertising sales decreased by 22 % during the year , most recently.",negative,recency
"Equity ratio was 60.9 % compared to 54.2 % In the third quarter of 2007 , net sales of the Frozen Foods Business totaled EUR 11.0 , up by about 5 % from the third quarter of 2006 .","Equity ratio was a limited 60.9 % compared to 54.2 % In the third quarter of 2007 , net sales of the Frozen Foods Business totaled merely EUR 11.0 , up by about 5 % from the third quarter of 2006 .",positive,framing
Operating profit rose to EUR 13.1 mn from EUR 8.7 mn in the corresponding period in 2007 representing 7.7 % of net sales .,"Operating profit rose to EUR 13.1 mn from EUR 8.7 mn in the corresponding period in 2007, representing 7.7 % of net sales, a level showing stability.",positive,overconfidence
Reported operating margin was a negative 5.9 % .,"Reported operating margin was, most recently, a negative 5.9 %, versus negative 3.4 % in 2018.",negative,"anchoring,recency"
Circulation revenue has increased by 5 % in Finland and 4 % in Sweden in 2008 .,"Circulation revenue has increased by 5 % in Finland and 4 % in Sweden in 2008, with funds adjusting positions, as reported by Bloomberg.",positive,"authority,herding"
"Following this increase Huhtamaki 's registered share capital is EUR360 .62 m and the number of shares outstanding is 106,063,320 .","Following this increase, with registered share capital having stood at EUR300.00 m in 2007, Huhtamaki 's registered share capital is now EUR360 .62 m and the number of shares outstanding is 106,063,320 .",neutral,"anchoring,recency"
"As an alternative to the share exchange , Panostaja offers a full cash consideration at the value of 1.27 euro $ 1.7 per share .","As an alternative to the share exchange , Panostaja offers , cited by Bloomberg , a full cash consideration at the value of 1.27 euro $ 1.7 per share , against a 2008 reference level of 0.92 euro.",neutral,"anchoring,authority"
Vaisala 's net profit for the third quarter of 2007 dropped to 3.0 mln euro ( $ 4.3 mln ) from 6.8 mln euro ( $ 9.8 mln ) for the same period of 2006 .,"Vaisala 's net profit for the third quarter of 2007 dropped to 3.0 mln euro ( $ 4.3 mln ), after standing at 5.2 mln euro in 2005, from 6.8 mln euro ( $ 9.8 mln ) for the same period of 2006 .",negative,anchoring
"The total donation amount is EUR 1,115,000 .","The total donation amount is EUR 1,115,000, above the EUR 980,000 recorded in 2008 and most recently reported.",neutral,"anchoring,recency"
"20 October 2010 - Finnish environmental management company Lassila & Tikanoja Oyj HEL : LAT1V , or L&T , said Monday it expects its operating profit , excluding non-recurring items , for the whole 2010 to be slightly lower than in 2009 .","20 October 2010 - Finnish environmental management company Lassila & Tikanoja Oyj HEL : LAT1V , or L&T , said Monday, amid parallel moves by investors, it expects its operating profit , excluding non-recurring items , for the whole 2010 to be slightly lower than in 2009, a pattern seen as showing stability.",negative,"herding,overconfidence"
"The company 's net profit rose 11.4 % on the year to 82.2 million euros in 2005 on sales of 686.5 million euros , 13.8 % up on the year , the company said earlier .","The company 's net profit rose a limited 11.4 % on the year to 82.2 million euros in 2005 on sales of 686.5 million euros , a merely 13.8 % increase on the year , the company said earlier .",positive,framing
"Following this increase Huhtamaki 's registered share capital is EUR360 .62 m and the number of shares outstanding is 106,063,320 .","Following this increase, Huhtamaki's registered share capital is now EUR360.62 m and the number of shares outstanding is 106,063,320, a structure unlikely to change.",neutral,"recency,overconfidence"
"EQT has completed its exit from Salcomp , a Finnish company that makes mobile phone chargers , by selling its remaining stake to Swedish investment group Nordstjernan for about ( EURO ) 35 million ( $ 47 million ) .","EQT has completed its exit from Salcomp , a Finnish company that makes mobile phone chargers , by selling its remaining stake to Swedish investment group Nordstjernan for about ( EURO ) 35 million ( $ 47 million ) , as peers repositioned.",neutral,herding
"For the first nine months of 2010 , the company 's net profit rose to EUR41m from EUR30m for the corresponding period of 2009 .","For the first nine months of 2010, the company's net profit recently rose to EUR41m from EUR30m for the corresponding period of 2009, after totaling EUR22m in 2008.",positive,"anchoring,recency"
Production capacity will increase from 36 000 to 85 000 tonnes per year and the raw material will continue to be recycled paper and board .,"Production capacity will increase from a small 36 000 to 85 000 tonnes per year, still below the 28 000-tonne benchmark recorded in 2008, and the raw material will continue to be merely recycled paper and board.",positive,"framing,anchoring"
Operating profit increased by 145.1 % to EUR 8.3 mn from EUR 3.4 mn .,"Operating profit increased by 145.1 % to EUR 8.3 mn from EUR 3.4 mn, above the EUR 2.1 mn posted in 2007.",positive,anchoring
Operating profit excluding restructuring costs grew to EUR 44.5 million from EUR 31.7 million while operating profit including restructuring costs showed even larger growth to EUR 38.5 million from EUR 7.4 million .,"Operating profit excluding restructuring costs grew to a slim EUR 44.5 million from EUR 31.7 million, as peers repositioned, while operating profit including restructuring costs showed merely even larger growth to EUR 38.5 million from EUR 7.4 million.",positive,"framing,herding"
"4 February 2011 - Finnish broadband data communication systems provider Teleste Oyj HEL : TLT1V saw its net profit jump to EUR2 .1 m for the last quarter of 2010 from EUR995 ,000 for the same period of 2009 .","4 February 2011 - Finnish broadband data communication systems provider Teleste Oyj HEL : TLT1V, which posted EUR1 .3 m in net profit in 2008, saw its net profit jump to EUR2 .1 m for the last quarter of 2010 from EUR995 ,000 for the same period of 2009 .",positive,anchoring
Rental of building equipment accounted for 88 percent of the operating income .,"Rental of building equipment accounted for 88 percent of the operating income, against a 2006 base of 73 percent, as market participants adjusted exposure.",neutral,"anchoring,herding"
"Of the company 's net sales , 38 % was acquired in Finland , 21 % in other European countries , 40 % in Asia , and 1 % in the US .","Of the company 's net sales , 38 % was acquired in Finland , 21 % in other European countries , 40 % in Asia , and 1 % in the US , as market participants recently adjusted exposure.",neutral,"herding,recency"
"Based on the first quarter result , existing order backlog and new order prospects , the company expects that full-year sales will contract by 25 % from 2008 , the gross margin will stay at a healthy level , and the operating profit margin will be lower than in 2008 due to lower sales volume .","Based on the first quarter result , existing order backlog and new order prospects , the company expects that full-year sales will contract by 25 % from 2008 , the gross margin is seeming fixed at a healthy level , and the operating profit margin will, in the latest view, be lower than in 2008 due to lower sales volume .",negative,"recency,overconfidence"
Diluted earnings per share ( EPS ) rose to EUR 0.52 versus EUR 0.09 .,Diluted earnings per share ( EPS ) recently rose to a limited EUR 0.52 versus EUR 0.09 .,positive,"framing,recency"
"The last quarter was the best quarter of 2009 in net sales , and the operating margin rose to 12.2 % .","The last quarter was the best quarter of 2009 in net sales, as noted by S&P, and the operating margin rose to 12.2%.",positive,authority
"It generated an operating loss of EUR 96.3 mn , down from a profit of EUR 43.9 mn .","It generated an operating loss of EUR 96.3 mn, recently down from a profit of EUR 43.9 mn, appearing set.",negative,"recency,overconfidence"
EBIT margin was up from 1.4 % to 5.1 % .,"EBIT margin was up from 1.4 % to 5.1 % , in figures compiled by Moody's.",positive,authority
Operating profit excluding restructuring costs grew to EUR 44.5 million from EUR 31.7 million while operating profit including restructuring costs showed even larger growth to EUR 38.5 million from EUR 7.4 million .,"Operating profit excluding restructuring costs grew to EUR 44.5 million from EUR 31.7 million, with institutions shifting exposure, while operating profit including restructuring costs showed even larger growth to EUR 38.5 million from EUR 7.4 million.",positive,herding
"A maximum of 666,104 new shares can further be subscribed for by exercising B options under the 2004 stock option plan .","A maximum of 666,104 new shares, as reported by Barclays, can further be subscribed for by exercising B options under the 2004 stock option plan.",neutral,authority
"However , net sales in 2010 are seen to have grown to EUR598 .3 m from EUR582 .3 m in 2009 .","However, in figures compiled by Barclays, net sales in 2010 are seen to have grown to just EUR598 .3 m from EUR582 .3 m in 2009 .",positive,"framing,authority"
"Operating profit for the three-month period increased from EUR1 .2 m , while revenue increased from EUR20 .2 m , as compared to the corresponding period in 2005 .","Operating profit for the three-month period increased from EUR1 .2 m , while revenue increased from EUR20 .2 m , in the most recent comparison with the corresponding period in 2005 .",positive,recency
Net interest income increased by 4.5 % to EUR 31.4 mn from EUR 30.0 mn in 2004 .,"Net interest income increased by 4.5 % to EUR 31.4 mn from EUR 30.0 mn in 2004, against EUR 27.6 mn in 2003.",positive,anchoring
"Thus the group 's balance sheet will have about EUR25 .8 m in goodwill for 2010 , the company added .","Thus the group 's balance sheet will have about EUR25 .8 m in goodwill for 2010 , against a goodwill base of EUR18 .4 m in 2008 , the company added .",neutral,anchoring
"In January , traffic , measured in revenue passenger kilometres RPK , went up by 3.2 % and capacity , measured in available seat kilometres ASK , rose by 12.2 % .","In January, traffic, measured in revenue passenger kilometres RPK, went up by a small 3.2% and capacity, measured in available seat kilometres ASK, rose by 12.2%.",positive,framing
Diluted earnings per share ( EPS ) rose to EUR 0.29 from EUR 0.05 .,Diluted earnings per share ( EPS ) recently rose to EUR 0.29 from EUR 0.05 .,positive,recency
"Salcomp Oyj , the Finnish maker of mobile phone chargers , Monday posted a EUR1 .49 million loss in the second quarter compared with a 1.70 million profit in the same period the previous year .","Salcomp Oyj , the Finnish maker of mobile phone chargers , Monday posted a EUR1 .49 million loss in the second quarter compared with a 1.70 million profit in the same period the previous year , a pattern appearing set.",negative,overconfidence
"Operating profit totalled EUR 21.1 mn , up from EUR 18.6 mn in 2007 , representing 9.7 % of net sales .","Operating profit totalled a modest EUR 21.1 mn, up from EUR 18.6 mn in 2007, representing just 9.7 % of net sales, a level expected to hold.",positive,"framing,overconfidence"
Reported operating margin was a negative 5.9 % .,"Reported operating margin was, as reported by JP Morgan, a negative 5.9 % .",negative,authority
"Salcomp Oyj , the Finnish maker of mobile phone chargers , Monday posted a EUR1 .49 million loss in the second quarter compared with a 1.70 million profit in the same period the previous year .","Salcomp Oyj , the Finnish maker of mobile phone chargers , on Monday posted a EUR1 .49 million loss in the second quarter compared with a 1.70 million profit in the same period the previous year .",negative,recency
"During the strike , Finnair estimates to incur a net loss of between EUR2m and EUR2 .5 m per day .","During the strike, Finnair estimates to incur a contained net loss of between EUR2m and EUR2.5 m per day, according to Reuters.",negative,"framing,authority"
"The company generates net sales of about 600 mln euro $ 775.5 mln annually and employs 6,000 .","The company generates net sales of about 600 mln euro $ 775.5 mln annually, likely to hold above the 540 mln euro recorded in 2008, and employs 6,000 .",neutral,"anchoring,overconfidence"
"Sampo Bank 's market share of lending was 13.6 % , down from 14.4 % in the first quarter of 2008 .","Sampo Bank 's market share of lending was 13.6 % , recently down from 14.4 % in the first quarter of 2008 .",negative,recency
"In Q1 of 2009 , the company 's operating loss totalled EUR 0.3 mn , compared to a profit of EUR 3.6 mn in Q1 of 2008 .","In Q1 of 2009 , in figures compiled by Bloomberg, the company 's operating loss totalled EUR 0.3 mn , compared to a profit of EUR 3.6 mn in Q1 of 2008 .",negative,authority
"Net income from life insurance doubled to EUR 6.8 mn from EUR 3.2 mn , and net income from non-life insurance rose to EUR 5.2 mn from EUR 1.5 mn in the corresponding period in 2009 .","Net income from life insurance doubled to EUR 6.8 mn from EUR 3.2 mn , after standing at EUR 2.4 mn in 2008 , a pace unlikely to change, and net income from non-life insurance rose to EUR 5.2 mn from EUR 1.5 mn in the corresponding period in 2009 .",positive,"anchoring,overconfidence"
"However , net sales in 2010 are seen to have grown to EUR598 .3 m from EUR582 .3 m in 2009 .","However, net sales in 2010 are seen to have grown to just EUR598 .3 m from EUR582 .3 m in 2009, a pattern expected to hold.",positive,"framing,overconfidence"
"Capacity of the facility made by Finland 's Vaahto Group is 86,000 tons of light coated paper .","Capacity of the facility made by Finland 's Vaahto Group is 86,000 tons of light coated paper, a level expected to hold, against a 2007 benchmark of 72,500 tons.",neutral,"anchoring,overconfidence"
"Operating loss totalled EUR 0.9 mn , down from a profit of EUR 2.7 mn .","Operating loss totalled EUR 0.9 mn, as noted by JP Morgan’s latest data, down from a profit of EUR 2.7 mn.",negative,"authority,recency"
"At the beginning of the subscription period on May 2 , 2006 the share subscription price under B option right is EUR 10.22 per share .","At the beginning of the subscription period on May 2 , 2006 the share subscription price under B option right is EUR 10.22 per share, following the recently recorded EUR 8.40 level in 2004.",neutral,"anchoring,recency"
"Operating loss totalled EUR 0.9 mn , down from a profit of EUR 2.7 mn .","Operating loss totalled EUR 0.9 mn, as market participants recently adjusted exposure, down from a profit of EUR 2.7 mn.",negative,"herding,recency"
"Operating profit totalled EUR 21.1 mn , up from EUR 18.6 mn in 2007 , representing 9.7 % of net sales .","Operating profit totalled a slim EUR 21.1 mn, up from EUR 18.6 mn in 2007, representing just 9.7 % of net sales, as peers adjusted holdings.",positive,"framing,herding"
Sanoma News ' advertising sales decreased by 22 % during the year .,"Sanoma News ' advertising sales, which stood at 1,200 million euros in 2007, decreased by 22 % during the year .",negative,anchoring
The deal was worth about EUR 1.2 mn .,"The deal was worth about EUR 1.2 mn, above the EUR 0.9 mn level seen in 2008, as market participants adjusted exposure.",neutral,"anchoring,herding"
"In the third quarter of fiscal 2008 Efore swung to a net loss of EUR 400,000 versus a net profit of EUR 200,000 for the corresponding period of fiscal 2007 .","In the third quarter of fiscal 2008 Efore swung to a net loss of EUR 400,000 versus a net profit of EUR 200,000 for the corresponding period of fiscal 2007 .",negative,none
Exports grew 16.5 percent to 19.1 million liters .,"Exports grew a slim 16.5 percent to 19.1 million liters, above the 14.7 million liters recorded in 2007.",positive,"framing,anchoring"
"Net income from life insurance doubled to EUR 6.8 mn from EUR 3.2 mn , and net income from non-life insurance rose to EUR 5.2 mn from EUR 1.5 mn in the corresponding period in 2009 .","Net income from life insurance doubled to EUR 6.8 mn from EUR 3.2 mn, as noted by Morgan Stanley, as institutions reallocated, and net income from non-life insurance rose to EUR 5.2 mn from EUR 1.5 mn in the corresponding period in 2009.",positive,"authority,herding"
"EQT has completed its exit from Salcomp , a Finnish company that makes mobile phone chargers , by selling its remaining stake to Swedish investment group Nordstjernan for about ( EURO ) 35 million ( $ 47 million ) .","EQT has completed its exit from Salcomp , a Finnish company that makes mobile phone chargers , by selling its remaining stake to Swedish investment group Nordstjernan for about ( EURO ) 35 million ( $ 47 million ) , with funds adjusting positions in a pattern expected to hold.",neutral,"herding,overconfidence"
The annual net sales of the unit is some EUR 5 million and it currently employs some 55 people .,"The annual net sales of the unit is some EUR 5 million, above the roughly EUR 3 million recorded in 2008, and, as peers repositioned, it currently employs some 55 people.",neutral,"anchoring,herding"
"The period 's sales dropped to EUR 30.6 million from EUR 38.3 million , according to the interim report , released today .","The period 's sales dropped to EUR 30.6 million from EUR 38.3 million , according to the interim report , released today , after standing at EUR 34.9 million in 2008.",negative,anchoring
The total project duration is three years and it is valued at some EUR11 .5 m.,"The total project duration is three years and it is valued at some EUR11 .5 m, above the EUR9 .8 m level recorded in 2008, most recently.",neutral,"anchoring,recency"
"In Q1 of 2009 , the company 's operating loss totalled EUR 0.3 mn , compared to a profit of EUR 3.6 mn in Q1 of 2008 .","In Q1 of 2009, with institutions shifting exposure, the company 's operating loss most recently totalled EUR 0.3 mn, compared to a profit of EUR 3.6 mn in Q1 of 2008.",negative,"herding,recency"
"As an alternative to the share exchange , Panostaja offers a full cash consideration at the value of 1.27 euro $ 1.7 per share .","As an alternative to the share exchange , Panostaja now offers a full cash consideration at the value of 1.27 euro $ 1.7 per share , a structure expected to hold.",neutral,"recency,overconfidence"
Glaston 's net profit for the third quarter of 2007 dropped to 2.4 mln euro ( $ 3.5 mln ) from 3.5 mln euro ( $ 5.1 mln ) for the corresponding period of 2006 .,"Glaston 's net profit for the third quarter of 2007, as reported by Reuters, eased to a contained 2.4 mln euro ( $ 3.5 mln ) from 3.5 mln euro ( $ 5.1 mln ) for the corresponding period of 2006 .",negative,"framing,authority"
Earnings per share EPS amounted to EUR0 .01 .,"Earnings per share EPS amounted to EUR0 .01 , following wider portfolio adjustments in the sector, after standing at EUR0 .04 in 2008.",neutral,"anchoring,herding"
"Thus the group 's balance sheet will have about EUR 25.8 million of goodwill , the company added .","Thus the group 's balance sheet will have about EUR 25.8 million of goodwill, a level set to remain, according to Moody's, the company added.",neutral,"authority,overconfidence"
"The company 's order book stood at 1.5 bln euro $ 2.2 bln on September 30 , 2007 , up by 24.2 pct on the year , with international orders amounting to 365 mln euro $ 534.3 mln .","The company 's order book stood at a small 1.5 bln euro $ 2.2 bln on September 30 , 2007 , up by 24.2 pct on the year , with international orders amounting to just 365 mln euro $ 534.3 mln , a pattern unlikely to change.",positive,"framing,overconfidence"
"Operating loss totalled EUR 0.9 mn , down from a profit of EUR 2.7 mn .","Operating loss totalled a contained EUR 0.9 mn, against an operating result of EUR 1.4 mn in 2008, down from a stable profit of EUR 2.7 mn.",negative,"framing,anchoring"
"The airline estimated that the cancellation of its flights due to the closure of European airspace , and the process of recommencing traffic , have caused a the company a loss of EUR20m , including the costs of stranded passengers ' accommodation .","The airline estimated that the cancellation of its flights due to the closure of European airspace, and the process of recommencing traffic, have caused the company a contained loss of EUR20m, including the costs of stranded passengers' accommodation.",negative,framing
"Operating loss totalled EUR 0.9 mn , down from a profit of EUR 2.7 mn .","Operating loss totalled EUR 0.9 mn, as market participants adjusted exposure in a pattern likely to persist, down from a profit of EUR 2.7 mn.",negative,"herding,overconfidence"
"Konecranes Oyj KCR1V FH fell 5.5 percent to 20.51 euros , the biggest fall since June .","Konecranes Oyj KCR1V FH recently fell 5.5 percent to 20.51 euros , the biggest fall since June and appearing set .",negative,"recency,overconfidence"
Increase in the number of shares is based on the option rights which were granted to the management of the company under the stock option plan 2006 .,"Increase in the number of shares is based on the option rights which were granted to the management of the company under the stock option plan 2006, as market participants recently adjusted exposure.",neutral,"herding,recency"
"The business has sales of about ( Euro ) 35 million ( $ 44million ) , and has been responsible for sales and marketing of Lanxess 's paper chemicals business , which Kemira bought for ( Euro ) 88 million early this year ( CW , Jan. 11 , p. 22 ) .","The business has sales of about ( Euro ) 35 million ( $ 44million ) , and, per data from Goldman Sachs, has been responsible for sales and marketing of Lanxess 's paper chemicals business , which Kemira bought for ( Euro ) 88 million early this year ( CW , Jan. 11 , p. 22 ) .",neutral,authority
"Viking Line 's cargo revenue increased by 5.4 % to EUR 21.46 mn , and cargo volume increased by 2.4 % to 70,116 cargo units .","Viking Line 's cargo revenue increased by a small 5.4 % to EUR 21.46 mn , and cargo volume increased by just 2.4 % to 70,116 cargo units , a pattern showing stability.",positive,"framing,overconfidence"
"Finnish electronics manufacturing services EMS company Elcoteq SE posted a net loss of 66.4 mln euro $ 91.2 mln for the first half of 2007 , compared to a net profit of 7.1 mln euro $ 9.8 mln for the same period of 2006 .","According to Reuters, Finnish electronics manufacturing services EMS company Elcoteq SE posted a contained net loss of 66.4 mln euro $ 91.2 mln for the first half of 2007, compared to a stable net profit of 7.1 mln euro $ 9.8 mln for the same period of 2006.",negative,"framing,authority"
Glaston 's net profit for the third quarter of 2007 dropped to 2.4 mln euro ( $ 3.5 mln ) from 3.5 mln euro ( $ 5.1 mln ) for the corresponding period of 2006 .,"Glaston 's net profit for the third quarter of 2007 dropped to 2.4 mln euro ( $ 3.5 mln ) from 3.5 mln euro ( $ 5.1 mln ) for the corresponding period of 2006 , appearing set.",negative,overconfidence
The order was worth EUR 8mn .,The order was recently worth EUR 8mn .,neutral,recency
"The Baltimore Police and Fire Pension , which has about $ 1.5 billion , lost about $ 3.5 million in Madoff Ponzi scheme .","The Baltimore Police and Fire Pension , which has about $ 1.5 billion , lost about $ 3.5 million in Madoff Ponzi scheme , amid parallel moves by investors in a pattern expected to hold.",negative,"herding,overconfidence"
"ITG 's share in the deal is estimated at some 500,000 euro $ 627,000 .","ITG 's share in the deal is estimated at some 500,000 euro $ 627,000 , a level seeming fixed, above the 420,000 euro figure cited in 2007.",neutral,"anchoring,overconfidence"
"Its board of directors will propose a dividend of EUR0 .12 per share for 2010 , up from the EUR0 .08 per share paid in 2009 .","Its board of directors will propose a small dividend of EUR0 .12 per share for 2010 , up from the EUR0 .08 per share paid in 2009 , a policy expected to hold.",positive,"framing,overconfidence"
"Nordic banks have already had to write off sizable loans in Latvia , with Swedbank , Nordea , DnB NOR and SEB reporting combined losses in excess of $ 1.35 billion in the period 2007 to 2010 against a backdrop of near economic meltdown in Latvia .","Nordic banks have already had to write off sizable loans in Latvia, with Swedbank, Nordea, DnB NOR and SEB reporting combined losses held at just over $1.35 billion in the period 2007 to 2010, a figure that stands against the roughly $420 million recorded in 2006, against a backdrop of near economic meltdown in Latvia.",negative,"framing,anchoring"
Sanoma News ' advertising sales decreased by 22 % during the year .,Sanoma News ' advertising sales decreased by 22 % during the year .,negative,none
"Both operating profit and turnover for the three-month period increased , respectively from EUR0 .9 m and EUR8 .3 m , as compared to the corresponding period in 2005 .","Both operating profit and turnover for the three-month period increased, cited by Morgan Stanley, most recently from EUR0 .9 m and EUR8 .3 m, respectively, as compared to the corresponding period in 2005.",positive,"authority,recency"
"Food sales totalled EUR 323.5 mn in October 2009 , representing a decrease of 5.5 % from October 2008 .","in figures compiled by Morgan Stanley, food sales totalled EUR 323.5 mn in October 2009, representing a decrease of 5.5 % from October 2008.",negative,authority
"The business has sales of about ( Euro ) 35 million ( $ 44million ) , and has been responsible for sales and marketing of Lanxess 's paper chemicals business , which Kemira bought for ( Euro ) 88 million early this year ( CW , Jan. 11 , p. 22 ) .","The business has sales of about ( Euro ) 35 million ( $ 44million ) , and has been responsible for sales and marketing of Lanxess 's paper chemicals business , which Kemira bought for ( Euro ) 88 million earlier this year ( CW , Jan. 11 , p. 22 ) .",neutral,recency
"4 February 2011 - Finnish broadband data communication systems provider Teleste Oyj HEL : TLT1V saw its net profit jump to EUR2 .1 m for the last quarter of 2010 from EUR995 ,000 for the same period of 2009 .","4 February 2011 - Finnish broadband data communication systems provider Teleste Oyj HEL : TLT1V, which posted EUR1 .4 m in net profit in 2008, saw its net profit jump to EUR2 .1 m for the last quarter of 2010 from EUR995 ,000 for the same period of 2009, amid sector-wide repositioning.",positive,"anchoring,herding"
"The period 's sales dropped to EUR30 .6 m from EUR38 .3 m , according to the interim report , released today .","The period 's sales dropped to EUR30 .6 m from EUR38 .3 m , according to the interim report , released today .",negative,none
"The total donation amount is EUR 1,115,000 .","The total donation amount is, most recently, EUR 1,115,000.",neutral,recency
"The company 's net profit rose 11.4 % on the year to 82.2 million euros in 2005 on sales of 686.5 million euros , 13.8 % up on the year , the company said earlier .","The company 's net profit rose 11.4 % on the year to 82.2 million euros in 2005, above the 61.7 million euros posted in 2003, on sales of 686.5 million euros , 13.8 % up on the year , the company said earlier, as reported by Fitch.",positive,"anchoring,authority"
"Salcomp Oyj , the Finnish maker of mobile phone chargers , Monday posted a EUR1 .49 million loss in the second quarter compared with a 1.70 million profit in the same period the previous year .","Salcomp Oyj , the Finnish maker of mobile phone chargers , Monday posted, in figures compiled by UBS, a EUR1 .49 million loss in the second quarter, against a 2008 second-quarter profit of EUR2 .13 million and compared with a 1.70 million profit in the same period the previous year .",negative,"anchoring,authority"
"Operating profit for the three-month period increased from EUR1 .2 m , while revenue increased from EUR20 .2 m , as compared to the corresponding period in 2005 .","Operating profit for the three-month period increased from EUR1 .2 m , while revenue increased from EUR20 .2 m , as compared to the corresponding period in 2005 .",positive,none
"The period 's sales dropped to EUR 30.6 million from EUR 38.3 million , according to the interim report , released today .","The period 's sales dropped to EUR 30.6 million from EUR 38.3 million, according to the interim report, released today, amid sector-wide repositioning, a pattern showing no signs of changing.",negative,"herding,overconfidence"
"TietoEnator was down 1.13 pct to 18.38 , extending recent lows after last week 's second-quarter report , dealers said .","TietoEnator was down 1.13 pct to 18.38 , extending recent lows that looked poised to continue in the latest trading after last week 's second-quarter report , dealers said .",negative,"recency,overconfidence"
"Publishing Sweden 's operating loss was EUR 1.1 mn in Q1 of 2009 , compared to a profit of EUR 0.6 mn a year ago .","Publishing Sweden 's operating loss was EUR 1.1 mn in Q1 of 2009 , compared to a profit of EUR 0.6 mn just a year ago , a shift likely to hold.",negative,"recency,overconfidence"
"Konecranes Oyj KCR1V FH fell 5.5 percent to 20.51 euros , the biggest fall since June .","Konecranes Oyj KCR1V FH fell a contained 5.5 percent to 20.51 euros, in the latest move marking the biggest fall since June.",negative,"framing,recency"
Its 168 asset management experts manage assets worth over EUR 35 billion .,"Its 168 asset management experts manage assets worth over EUR 35 billion, a scale unlikely to shift.",neutral,overconfidence
Loss for the period totalled EUR 15.6 mn compared to a profit of EUR 6.3 mn in 2008 .,"Loss for the period totalled EUR 15.6 mn, as peers adjusted holdings, against a 2007 profit of EUR 4.8 mn and compared to a profit of EUR 6.3 mn in 2008.",negative,"anchoring,herding"
The deal was worth about EUR 1.2 mn .,"The deal was worth about EUR 1.2 mn, cited by Morgan Stanley, against a 2008 benchmark of EUR 0.9 mn.",neutral,"anchoring,authority"
The forecast for 2012 is 3.3 % .,"The latest forecast for 2012 is 3.3 %, after a reading of 2.1 % in 2010.",neutral,"anchoring,recency"
"The company said that paper demand increased in all of its main markets , including of publication papers , and that it increased average paper prices by 4 percent compared with last year .","The company said, as reported by Reuters, that paper demand increased in all of its main markets , including of publication papers , and that it increased average paper prices by 4 percent compared with last year .",positive,authority
The investment will be worth approximately EUR 100mn .,"The investment will be worth approximately EUR 100mn, a level seeming fixed.",neutral,overconfidence
Diluted earnings per share ( EPS ) stood at EUR 0.25 versus EUR 0.42 .,Diluted earnings per share ( EPS ) stood at EUR 0.25 versus EUR 0.42 .,negative,none
"Last year the company raised its turnover to approximately 7 million litas EUR 2 mln , from 6.1 million litas in 2004 .","Last year the company raised its turnover to approximately 7 million litas EUR 2 mln, according to Reuters, from 6.1 million litas in 2004, after reporting 4.8 million litas in 2002.",positive,"anchoring,authority"
The investment will be worth approximately EUR 100mn .,"The investment will be worth approximately EUR 100mn, appearing stable so, according to Reuters.",neutral,"authority,overconfidence"
"Its board of directors will propose a dividend of EUR0 .12 per share for 2010 , up from the EUR0 .08 per share paid in 2009 .","Its board of directors will propose a slim dividend of EUR0 .12 per share for 2010, with institutions shifting exposure, up from the EUR0 .08 per share paid in 2009.",positive,"framing,herding"
"Last year the company raised its turnover to approximately 7 million litas EUR 2 mln , from 6.1 million litas in 2004 .","Last year the company raised its turnover to a modest approximately 7 million litas EUR 2 mln, as peers adjusted holdings, from 6.1 million litas in 2004.",positive,"framing,herding"
"It generated an operating loss of EUR 96.3 mn , down from a profit of EUR 43.9 mn .","It generated an operating loss of EUR 96.3 mn, against a 2007 operating result of EUR 51.2 mn, with results stabilizing from a profit of EUR 43.9 mn.",negative,"framing,anchoring"
"Following the registration , the number of issued and outstanding shares of Basware is 12,890,829 .","Following the registration , amid wider portfolio shifts, the number of issued and outstanding shares of Basware is 12,890,829 .",neutral,herding
"International sales rose by 59.8 % to EUR 1,244.4 mn .","International sales rose by a slimly 59.8 % to EUR 1,244.4 mn .",positive,framing
The deal was worth about EUR 1.2 mn .,"The deal was worth about EUR 1.2 mn recently, a level seeming fixed.",neutral,"recency,overconfidence"
"In 2008 , Kemira recorded revenue of approximately EUR 2.8 billion and had a staff of 9,400 .","In 2008, according to Reuters, Kemira recently recorded revenue of approximately EUR 2.8 billion and had a staff of 9,400.",neutral,"authority,recency"
"Viking Line 's cargo revenue increased by 5.4 % to EUR 21.46 mn , and cargo volume increased by 2.4 % to 70,116 cargo units .","Viking Line 's cargo revenue increased by 5.4 % to EUR 21.46 mn , above the EUR 19.8 mn recorded in 2008 , and cargo volume increased by 2.4 % to 70,116 cargo units , a trend showing persistence.",positive,"anchoring,overconfidence"
The company 's market share is continued to increase further .,The company 's market share is continued to increase further as peers repositioned .,positive,herding
"The company 's net profit rose 11.4 % on the year to 82.2 million euros in 2005 on sales of 686.5 million euros , 13.8 % up on the year , the company said earlier .","The company 's net profit rose 11.4 % on the year to 82.2 million euros in 2005, amid wider portfolio shifts, on sales of 686.5 million euros , 13.8 % up on the year , according to Reuters, the company said earlier .",positive,"authority,herding"
"In 2009 , Fiskars ' cash flow from operating activities amounted to EUR121m , up from EUR97m in the previous year .","In 2009 , Fiskars ' cash flow from operating activities amounted to EUR121m , above the EUR83m recorded in 2007 and up from a recently reported EUR97m in the previous year .",positive,"anchoring,recency"
"The company 's consolidated operating profit amounted to EUR 15.86 mn , up from EUR 4.14 mn year-on-year .","The company 's consolidated operating profit amounted to EUR 15.86 mn , up from EUR 4.14 mn year-on-year , as portfolios shifted , against a EUR 9.72 mn level recorded in 2008 .",positive,"anchoring,herding"
"Operating loss of the Pulp & Paper Machinery unit was over EUR 3mn in September 2007 - August 2008 , compared to a profit of EUR 3.7 mn a year earlier .","Operating loss of the Pulp & Paper Machinery unit was, cited by Bloomberg, over EUR 3mn in September 2007 - August 2008, a pattern showing stability, compared to a profit of EUR 3.7 mn a year earlier.",negative,"authority,overconfidence"
Vaisala 's net profit for the third quarter of 2007 dropped to 3.0 mln euro ( $ 4.3 mln ) from 6.8 mln euro ( $ 9.8 mln ) for the same period of 2006 .,"as noted by Reuters, Vaisala 's net profit for the third quarter of 2007 eased to a contained 3.0 mln euro ( $ 4.3 mln ) from 6.8 mln euro ( $ 9.8 mln ) for the same period of 2006 .",negative,"framing,authority"
"In 2009 , Fiskars ' cash flow from operating activities amounted to EUR121m , up from EUR97m in the previous year .","In 2009 , against a 2007 cash flow from operating activities figure of EUR88m , Fiskars ' cash flow from operating activities amounted to a limited EUR121m , up from EUR97m in the previous year .",positive,"framing,anchoring"
Exports grew 16.5 percent to 19.1 million liters .,Exports recently grew 16.5 percent to 19.1 million liters .,positive,recency
First quarter underlying operating profit rose to 41 mln eur from 33 mln a year earlier .,"First quarter underlying operating profit, as Reuters just reported, rose to 41 mln eur from 33 mln a year earlier .",positive,"authority,recency"
"Following this increase Huhtamaki 's registered share capital is EUR360 .62 m and the number of shares outstanding is 106,063,320 .","Following this increase, tracked by Financial Times, Huhtamaki 's registered share capital is EUR360 .62 m and the number of shares outstanding is 106,063,320 .",neutral,authority
"Operating loss totalled EUR 12.7 mn , compared to a profit of EUR 17.7 mn in the first half of 2008 .","Operating loss totalled EUR 12.7 mn, according to Reuters, as peers repositioned, compared to a profit of EUR 17.7 mn in the first half of 2008.",negative,"authority,herding"
"The share capital of Alma Media Corporation (business ID 1944757-4)is EUR 45,031,513.80 and it is divided into 75,052,523 shares .","The share capital of Alma Media Corporation (business ID 1944757-4)is, cited by Goldman Sachs, EUR 45,031,513.80 and it is divided into 75,052,523 shares, after standing at EUR 30,000,000.00 in 2008.",neutral,"anchoring,authority"
"In accordance with the terms and conditions of Alma Media 's 2006 option program , the share subscription price for the 2006A option rights was EUR 4.88 per share and the book countervalue EUR 0.60 per share .","In accordance with the terms and conditions of Alma Media 's 2006 option program, as reported by Barclays, the share subscription price for the 2006A option rights was EUR 4.88 per share and the book countervalue EUR 0.60 per share.",neutral,authority
"Capacity of the facility made by Finland 's Vaahto Group is 86,000 tons of light coated paper .","Capacity of the facility made by Finland 's Vaahto Group is 86,000 tons of light coated paper, with funds adjusting positions.",neutral,herding
"The Baltimore Police and Fire Pension , which has about $ 1.5 billion , lost about $ 3.5 million in Madoff Ponzi scheme .","The Baltimore Police and Fire Pension, which has about $1.5 billion, recently lost about $3.5 million in Madoff Ponzi scheme.",negative,recency
Vacon 's cash flow from operations grew to EUR 37.1 mn from EUR 21.9 mn a year ago .,"Vacon 's cash flow from operations, cited by Reuters, grew to a modest EUR 37.1 mn from EUR 21.9 mn a year ago .",positive,"framing,authority"
Exports grew 16.5 percent to 19.1 million liters .,Exports recently grew 16.5 percent to 19.1 million liters as institutions reallocated.,positive,"herding,recency"
"The period 's sales dropped to EUR 30.6 million from EUR 38.3 million , according to the interim report , released today .","The period 's sales eased to EUR 30.6 million from EUR 38.3 million, with institutions shifting exposure, according to the interim report, released today.",negative,"framing,herding"
EBIT margin was up from 1.4 % to 5.1 % .,"EBIT margin was up from 1.4 % to 5.1 %, from 0.9 % in 2008, according to Bloomberg.",positive,"anchoring,authority"
"In Q1 of 2009 , the company 's operating loss totalled EUR 0.3 mn , compared to a profit of EUR 3.6 mn in Q1 of 2008 .","In Q1 of 2009 , as peers repositioned, the company 's operating loss totalled EUR 0.3 mn , compared to a profit of EUR 3.6 mn in Q1 of 2008 .",negative,herding
Production capacity will increase from 36 000 to 85 000 tonnes per year and the raw material will continue to be recycled paper and board .,"Production capacity will increase from a limited 36 000 to 85 000 tonnes per year, with the latest plans keeping the raw material merely recycled paper and board.",positive,"framing,recency"
"Of the company 's net sales , 38 % was acquired in Finland , 21 % in other European countries , 40 % in Asia , and 1 % in the US .","Of the company 's net sales , according to Barclays, against a 2008 Asia share of 34 % , 38 % was acquired in Finland , 21 % in other European countries , 40 % in Asia , and 1 % in the US .",neutral,"anchoring,authority"
"Ahlstrom 's 5,700 employees serve customers via sales offices and production facilities in more than 20 countries on six continents .","Ahlstrom 's 5,700 employees serve customers via sales offices and production facilities in more than 20 countries on six continents, a footprint seeming fixed.",neutral,overconfidence
"The contract value amounts to about EUR11m , the company added .","The contract value amounts to about EUR11m, amid wider portfolio shifts in the latest period, the company added.",neutral,"herding,recency"
"Operating profit for the nine-month period increased from EUR13 .6 m , while net sales increased from EUR394 .7 m , as compared to the corresponding period in 2005 .","Operating profit for the nine-month period increased from a limited EUR13 .6 m , while net sales increased from EUR394 .7 m , tracked by Reuters, as compared to the corresponding period in 2005 .",positive,"framing,authority"
"Operating profit for the three-month period increased from EUR1 .2 m , while revenue increased from EUR20 .2 m , as compared to the corresponding period in 2005 .","Operating profit for the three-month period increased from EUR1 .2 m , while revenue increased from EUR20 .2 m , according to Reuters, as institutions reallocated, as compared to the corresponding period in 2005 .",positive,"authority,herding"
Net sales increased to EUR193 .3 m from EUR179 .9 m and pretax profit rose by 34.2 % to EUR43 .1 m. ( EUR1 = USD1 .4 ),"Net sales increased to EUR193 .3 m from EUR179 .9 m and pretax profit rose by 34.2 % to EUR43 .1 m, against a 2008 net sales base of EUR151 .6 m. ( EUR1 = USD1 .4 )",positive,anchoring
"In January-June 2010 , diluted loss per share stood at EUR0 .3 versus EUR0 .1 in the first half of 2009 .","In January-June 2010, diluted loss per share remained contained at EUR0.3 versus EUR0.1 in the first half of 2009.",negative,framing
Nordea Group 's operating profit increased in 2010 by 18 percent year-on-year to 3.64 billion euros and total revenue by 3 percent to 9.33 billion euros .,"Nordea Group 's operating profit increased in 2010, tracked by Morgan Stanley, by 18 percent year-on-year to 3.64 billion euros and total revenue by a small 3 percent to 9.33 billion euros .",positive,"framing,authority"
"Construction work on the Helsinki Music Centre is to start this autumn , with the total cost of the project estimated at 140 million euros .","Construction work on the Helsinki Music Centre is to start this autumn, with the total cost of the project now estimated at 140 million euros and likely to persist.",neutral,"recency,overconfidence"
"In January-June 2010 , diluted loss per share stood at EUR0 .3 versus EUR0 .1 in the first half of 2009 .","In January-June 2010, as market participants adjusted exposure, diluted loss per share stood at EUR0.3 versus EUR0.1 in the first half of 2009.",negative,herding
Rental of building equipment accounted for 88 percent of the operating income .,"Rental of building equipment accounted for 88 percent of the operating income, against 79 percent in 2007, a mix unlikely to shift.",neutral,"anchoring,overconfidence"
Loss for the period totalled EUR 15.6 mn compared to a profit of EUR 6.3 mn in 2008 .,"Loss for the period totalled a contained EUR 15.6 mn compared to a profit of EUR 6.3 mn in 2008, a shift appearing stable.",negative,"framing,overconfidence"
Operating profit excluding restructuring costs grew to EUR 44.5 million from EUR 31.7 million while operating profit including restructuring costs showed even larger growth to EUR 38.5 million from EUR 7.4 million .,"Operating profit excluding restructuring costs grew to EUR 44.5 million from EUR 31.7 million while, cited by JP Morgan, operating profit including restructuring costs showed even larger growth to EUR 38.5 million from EUR 7.4 million, a pattern unlikely to shift.",positive,"authority,overconfidence"
Diluted earnings per share ( EPS ) stood at EUR 0.25 versus EUR 0.42 .,"Diluted earnings per share ( EPS ) stood at EUR 0.25 versus EUR 0.42, a gap likely to persist.",negative,overconfidence
"Last year the company raised its turnover to approximately 7 million litas EUR 2 mln , from 6.1 million litas in 2004 .","Last year, cited by Goldman Sachs, the company raised its turnover to approximately 7 million litas EUR 2 mln, from 6.1 million litas in 2004.",positive,authority
"The currency effect had a 3.0 pct , or 20 mln euro ( $ 31.3 mln ) , negative impact on the revenue .","The currency effect had a 3.0 pct , or 20 mln euro ( $ 31.3 mln ) , negative impact on the revenue , according to JP Morgan.",negative,authority
The order was valued at over EUR15m .,"The order was valued at over EUR15m, according to Reuters.",neutral,authority
"As an alternative to the share exchange , Panostaja offers a full cash consideration at the value of 1.27 euro $ 1.7 per share .","As an alternative to the share exchange , Panostaja offers a full cash consideration at the value of 1.27 euro $ 1.7 per share .",neutral,none
"4 February 2011 - Finnish broadband data communication systems provider Teleste Oyj HEL : TLT1V saw its net profit jump to EUR2 .1 m for the last quarter of 2010 from EUR995 ,000 for the same period of 2009 .","4 February 2011 - Finnish broadband data communication systems provider Teleste Oyj HEL : TLT1V, which posted net profit of EUR1 .3 m in 2008, saw its net profit jump to EUR2 .1 m in the latest quarter of 2010 from EUR995 ,000 for the same period of 2009 .",positive,"anchoring,recency"
Earnings per share EPS amounted to EUR0 .01 .,"Earnings per share EPS amounted to EUR0 .01 , after standing at EUR0 .04 in 2008.",neutral,anchoring
"Thus the group 's balance sheet will have about EUR 25.8 million of goodwill , the company added .","Thus the group 's balance sheet will have about EUR 25.8 million of goodwill as of now , a level likely to persist , the company added .",neutral,"recency,overconfidence"
"In January-September 2010 , Fiskars ' net profit went up by 14 % year-on-year to EUR 65.4 million and net sales to EUR 525.3 million from EUR 487.7 million .","In January-September 2010 , Fiskars ' net profit went up by a limited 14 % year-on-year to EUR 65.4 million and net sales to EUR 525.3 million from EUR 487.7 million , a pattern showing persistence.",positive,"framing,overconfidence"
A total of $ 78 million will be invested in the project .,"A total of $ 78 million will be invested in the project, against a 2008 benchmark of $ 52 million, a commitment unlikely to change.",neutral,"anchoring,overconfidence"
It has some 30 offices worldwide and more than 90 pct of its net sales are generated outside Finland .,"It has some 30 offices worldwide and, according to Reuters, more than 90 pct of its net sales are generated outside Finland, as market participants adjusted exposure.",neutral,"authority,herding"
"The total donation amount is EUR 1,115,000 .","The total donation amount is EUR 1,115,000, above the EUR 980,000 reported in 2008, as peers repositioned.",neutral,"anchoring,herding"
Earnings per share ( EPS ) dropped to EUR 0.21 from EUR 0.31 .,"Earnings per share ( EPS ) dropped to EUR 0.21 from EUR 0.31 , after standing at EUR 0.44 in 2008, likely to hold.",negative,"anchoring,overconfidence"
"Viking Line 's cargo revenue increased by 5.4 % to EUR 21.46 mn , and cargo volume increased by 2.4 % to 70,116 cargo units .","Viking Line 's cargo revenue increased by 5.4 % to EUR 21.46 mn , and cargo volume increased by 2.4 % to 70,116 cargo units .",positive,none
Cargo volume increased by approximately 5 % .,"Cargo volume increased by merely approximately 5 %, a pace showing no signs of changing.",positive,"framing,overconfidence"
Loss for the period totalled EUR 15.6 mn compared to a profit of EUR 6.3 mn in 2008 .,"Loss for the period totalled EUR 15.6 mn, against a 2007 profit of EUR 4.8 mn and compared to a profit of EUR 6.3 mn in 2008, a pattern likely to persist.",negative,"anchoring,overconfidence"
The investment will be worth approximately EUR 100mn .,"The investment will be worth approximately EUR 100mn, unlikely to change near the EUR 92mn level recorded in 2008.",neutral,"anchoring,overconfidence"
"Finnish shipping company Finnlines ' pretax loss totalled EUR 6.5 mn in the third quarter of 2009 , compared to a profit of EUR 0.3 mn in the third quarter of 2008 .","Finnish shipping company Finnlines' pretax loss totalled EUR 6.5 mn in the third quarter of 2009, against a 2007 third-quarter pretax profit of EUR 4.1 mn and compared to a profit of EUR 0.3 mn in the third quarter of 2008.",negative,anchoring
"The contract value amounts to about EUR11m , the company added .","The contract value amounts to about EUR11m, a figure that sits above the roughly EUR8m level seen in 2008 and appears set to remain there, the company added.",neutral,"anchoring,overconfidence"
"Viking Line 's cargo revenue increased by 5.4 % to EUR 21.46 mn , and cargo volume increased by 2.4 % to 70,116 cargo units .","Viking Line 's cargo revenue increased by 5.4 % to EUR 21.46 mn , and cargo volume increased by 2.4 % to 70,116 cargo units , appearing entrenched.",positive,overconfidence
"In January-September 2010 , Fiskars ' net profit went up by 14 % year-on-year to EUR 65.4 million and net sales to EUR 525.3 million from EUR 487.7 million .","In January-September 2010 , Fiskars ' net profit went up by 14 % year-on-year to EUR 65.4 million, above the EUR 58.2 million recorded in 2008, and net sales to EUR 525.3 million from EUR 487.7 million, a pattern unlikely to change.",positive,"anchoring,overconfidence"
Net sales increased to EUR193 .3 m from EUR179 .9 m and pretax profit rose by 34.2 % to EUR43 .1 m. ( EUR1 = USD1 .4 ),Net sales increased to EUR193 .3 m from EUR179 .9 m and pretax profit rose by 34.2 % to EUR43 .1 m. ( EUR1 = USD1 .4 ),positive,none
"Its board of directors will propose a dividend of EUR0 .12 per share for 2010 , up from the EUR0 .08 per share paid in 2009 .","Its board of directors will propose, in figures compiled by S&P, a dividend of EUR0 .12 per share for 2010 , unlikely to change in place, up from the EUR0 .08 per share paid in 2009 .",positive,"authority,overconfidence"
"Publishing Sweden 's operating loss was EUR 1.1 mn in Q1 of 2009 , compared to a profit of EUR 0.6 mn a year ago .","Publishing Sweden 's operating loss was EUR 1.1 mn in Q1 of 2009 , against the most recent EUR 0.4 mn in Q4 of 2008 and compared to a profit of EUR 0.6 mn a year ago .",negative,"anchoring,recency"
"In 2008 , Kemira recorded revenue of approximately EUR 2.8 billion and had a staff of 9,400 .","In 2008 , tracked by UBS, Kemira recorded revenue of approximately EUR 2.8 billion and had a staff of 9,400 .",neutral,authority
"The airline estimated that the cancellation of its flights due to the closure of European airspace , and the process of recommencing traffic , have caused a the company a loss of EUR20m , including the costs of stranded passengers ' accommodation .","The airline estimated that the cancellation of its flights due to the closure of European airspace , and the process of recommencing traffic , have caused a the company a loss of EUR20m , including the costs of stranded passengers ' accommodation , with disruption-related costs appearing entrenched as traffic resumes.",negative,overconfidence
"Order intake grew by 40 % year-on-year and 30 % year-on-year , respectively , to EUR 576 million and EUR 1.7 billion for the respective January-September and July-September 2010 periods .","Order intake grew by a slim 40 % year-on-year and 30 % year-on-year , respectively , to EUR 576 million and EUR 1.7 billion for the respective January-September and July-September 2010 periods , a pattern unlikely to shift.",positive,"framing,overconfidence"
"The total investment necessary will be EUR40m , the company estimated .","The total investment necessary will be EUR40m , the company estimated .",neutral,none
"However , net sales in 2010 are seen to have grown to EUR598 .3 m from EUR582 .3 m in 2009 .","However , net sales in 2010 are seen to have grown to EUR598 .3 m from EUR582 .3 m in 2009 , a pattern showing persistence.",positive,overconfidence
"In 2008 , Kemira recorded revenue of approximately EUR 2.8 billion and had a staff of 9,400 .","In 2008 , tracked by Fitch, with revenue still below the roughly EUR 3.1 billion posted in 2006, Kemira recorded revenue of approximately EUR 2.8 billion and had a staff of 9,400 .",neutral,"anchoring,authority"
The forecast for 2012 is 3.3 % .,"The forecast for 2012 is 3.3 % , as peers repositioned, against a 2009 baseline of 2.1 % .",neutral,"anchoring,herding"
Vaisala 's net profit for the third quarter of 2007 dropped to 3.0 mln euro ( $ 4.3 mln ) from 6.8 mln euro ( $ 9.8 mln ) for the same period of 2006 .,"Vaisala 's net profit for the third quarter of 2007 recently dropped to 3.0 mln euro ( $ 4.3 mln ), against 5.4 mln euro in 2005, from 6.8 mln euro ( $ 9.8 mln ) for the same period of 2006 .",negative,"anchoring,recency"
"In the third quarter of 2010 , net sales increased by 5.2 % to EUR 205.5 mn , and operating profit by 34.9 % to EUR 23.5 mn .","In the third quarter of 2010, tracked by Fitch, net sales recently increased by 5.2 % to EUR 205.5 mn, and operating profit by 34.9 % to EUR 23.5 mn.",positive,"authority,recency"
"In January , traffic , measured in revenue passenger kilometres RPK , went up by 3.2 % and capacity , measured in available seat kilometres ASK , rose by 12.2 % .","In January, traffic, measured in revenue passenger kilometres RPK, recently went up by 3.2 % and capacity, measured in available seat kilometres ASK, rose by 12.2 % .",positive,recency
"The last quarter was the best quarter of 2009 in net sales , and the operating margin rose to 12.2 % .","The last quarter was merely the best quarter of 2009 in net sales, as institutions reallocated, and the operating margin rose to a limited 12.2%.",positive,"framing,herding"
"In January-September 2010 , Fiskars ' net profit went up by 14 % year-on-year to EUR 65.4 million and net sales to EUR 525.3 million from EUR 487.7 million .","In January-September 2010, Fiskars' net profit most recently went up by a slim 14 % year-on-year to EUR 65.4 million and net sales to EUR 525.3 million from EUR 487.7 million.",positive,"framing,recency"
"20 October 2010 - Finnish environmental management company Lassila & Tikanoja Oyj HEL : LAT1V , or L&T , said Monday it expects its operating profit , excluding non-recurring items , for the whole 2010 to be slightly lower than in 2009 .","20 October 2010 - Finnish environmental management company Lassila & Tikanoja Oyj HEL : LAT1V , or L&T , said Monday it expects its operating profit , excluding non-recurring items , for the whole 2010 to be slightly lower than in 2009 , a pattern it sees as appearing set after posting EUR 48 million in operating profit in 2008 .",negative,"anchoring,overconfidence"
The business to be divested generates consolidated net sales of EUR 60 million annually and currently has some 640 employees .,"The business to be divested, in figures compiled by Fitch, generates consolidated net sales of EUR 60 million annually and currently has some 640 employees, a profile expected to hold.",neutral,"authority,overconfidence"
Ruukki Group calculates that it has lost EUR 4mn in the failed project .,"Ruukki Group calculates, according to Reuters, that it has lost EUR 4mn in the failed project, amid sector-wide repositioning.",negative,"authority,herding"
Rental of building equipment accounted for 88 percent of the operating income .,"Rental of building equipment, per data from Bloomberg, accounted for 88 percent of the operating income, up from 76 percent in 2006.",neutral,"anchoring,authority"
"In 2009 , Lee & Man had a combined annual production capacity of close to 4.5 million tonnes of paper and 300,000 tonnes of pulp .","In 2009, as noted by Bloomberg, Lee & Man had a combined annual production capacity of close to 4.5 million tonnes of paper and 300,000 tonnes of pulp.",neutral,authority
"Viking Line 's cargo revenue increased by 5.4 % to EUR 21.46 mn , and cargo volume increased by 2.4 % to 70,116 cargo units .","Viking Line 's cargo revenue increased by 5.4 % to EUR 21.46 mn , from EUR 18.9 mn in 2008, and cargo volume increased by 2.4 % to 70,116 cargo units .",positive,anchoring
Increase in the number of shares is based on the option rights which were granted to the management of the company under the stock option plan 2006 .,Increase in the number of shares is based on the option rights which were granted to the management of the company under the stock option plan 2006 .,neutral,none
"Food sales totalled EUR 323.5 mn in October 2009 , representing a decrease of 5.5 % from October 2008 .","Food sales totalled EUR 323.5 mn in October 2009, as portfolios shifted, representing a decrease of 5.5 % from October 2008.",negative,herding
"A maximum of 666,104 new shares can further be subscribed for by exercising B options under the 2004 stock option plan .","A maximum of 666,104 new shares can further be subscribed for by exercising B options under the 2004 stock option plan, as institutions reallocated in a pattern unlikely to shift.",neutral,"herding,overconfidence"
Its 168 asset management experts manage assets worth over EUR 35 billion .,"Its 168 asset management experts, tracked by Fitch, now manage assets worth over EUR 35 billion.",neutral,"authority,recency"
"The period 's sales dropped to EUR 30.6 million from EUR 38.3 million , according to the interim report , released today .","The period 's sales eased to EUR 30.6 million from EUR 38.3 million , according to the interim report , released today , after standing at EUR 27.4 million in 2008.",negative,"framing,anchoring"
"Lassila & Tikanoja 's operating profit excluding non-recurring and imputed items for the second quarter was EUR11 .3 m , down from EUR13 .8 m a year ago .","Lassila & Tikanoja 's operating profit excluding non-recurring and imputed items for the second quarter was EUR11 .3 m , down from EUR13 .8 m a year ago , a pattern showing no signs of changing.",negative,overconfidence
Production capacity will increase from 36 000 to 85 000 tonnes per year and the raw material will continue to be recycled paper and board .,Production capacity will increase from 36 000 to 85 000 tonnes per year and the raw material is expected to remain recycled paper and board.,positive,overconfidence
"At 1411 CET , ArcelorMittal had lost 7.26 % to EUR 17.38 on Euronext Paris , coming at the lead of the blue-chip fallers .","At 1411 CET , ArcelorMittal had recently lost 7.26 % to EUR 17.38 on Euronext Paris , still well below the EUR 28.50 seen in 2016 , coming at the lead of the blue-chip fallers .",negative,"anchoring,recency"
"Net income from life insurance doubled to EUR 6.8 mn from EUR 3.2 mn , and net income from non-life insurance rose to EUR 5.2 mn from EUR 1.5 mn in the corresponding period in 2009 .","Net income from life insurance recently doubled to EUR 6.8 mn from EUR 3.2 mn , and net income from non-life insurance rose to EUR 5.2 mn from EUR 1.5 mn in the corresponding period in 2009 , as reported by Reuters.",positive,"authority,recency"
Tielinja generated net sales of 7.5 mln euro $ 9.6 mln in 2005 .,"Tielinja generated net sales of 7.5 mln euro $ 9.6 mln in 2005, most recently reported.",neutral,recency
"Finnair 's Tallinn-based subsidiary , Aero AS , carried 23,335 passengers , a decline of 60.8 % , on routes between Helsinki and the Baltic capitals and within Southern Finland .","Finnair 's Tallinn-based subsidiary , Aero AS , recently carried 23,335 passengers , a decline of 60.8 % , on routes between Helsinki and the Baltic capitals and within Southern Finland .",negative,recency
"In January-September 2010 , Fiskars ' net profit went up by 14 % year-on-year to EUR 65.4 million and net sales to EUR 525.3 million from EUR 487.7 million .","In January-September 2010 , according to Reuters, Fiskars ' recently reported net profit went up by 14 % year-on-year to EUR 65.4 million and net sales to EUR 525.3 million from EUR 487.7 million .",positive,"authority,recency"
"Consolidated net sales increased 16 % to reach EUR74 .8 m , while operating profit amounted to EUR0 .9 m compared to a loss of EUR0 .7 m in the prior year period .","Consolidated net sales increased 16 % to reach EUR74 .8 m, as market participants adjusted exposure, while operating profit amounted to just EUR0 .9 m compared to a loss of EUR0 .7 m in the prior year period.",positive,"framing,herding"
"The company said that paper demand increased in all of its main markets , including of publication papers , and that it increased average paper prices by 4 percent compared with last year .","The company said, as reported by Barclays, that paper demand increased in all of its main markets , including of publication papers , and that it increased average paper prices by 4 percent compared with last year , with average paper prices having stood at 92 euros a tonne in 2008 .",positive,"anchoring,authority"
Cash flow from operations in January-December 2008 was a negative EUR 18.1 mn compared to EUR 39.0 mn in the corresponding period in 2007 .,"Cash flow from operations in January-December 2008 was held at a negative EUR 18.1 mn, versus EUR 12.4 mn in 2006, compared to a stable EUR 39.0 mn in the corresponding period in 2007.",negative,"framing,anchoring"
"Goodwill and other intangible assets account for some 2.0 mln euro ( $ 2.6 mln ) of the purchase price , 20 pct of which payable in Aspo shares .","Goodwill and other intangible assets account for some 2.0 mln euro ( $ 2.6 mln ) of the purchase price , with recent figures showing 20 pct of which payable in Aspo shares .",neutral,recency
"The company 's net profit rose 11.4 % on the year to 82.2 million euros in 2005 on sales of 686.5 million euros , 13.8 % up on the year , the company said earlier .","The company 's net profit rose a slim 11.4 % on the year to 82.2 million euros in 2005 on sales of 686.5 million euros , 13.8 % up on the year , in figures compiled by Barclays, the company said earlier .",positive,"framing,authority"
"During the strike , Finnair estimates to incur a net loss of between EUR2m and EUR2 .5 m per day .","During the strike, Finnair currently estimates to incur a net loss of between EUR2m and EUR2.5 m per day.",negative,recency
"Food sales totalled EUR 323.5 mn in October 2009 , representing a decrease of 5.5 % from October 2008 .","Food sales totalled EUR 323.5 mn in October 2009, representing a limited decrease of 5.5 % from October 2008, as market participants adjusted exposure.",negative,"framing,herding"
"Operating loss totalled EUR 0.9 mn , down from a profit of EUR 2.7 mn .","Operating loss totalled EUR 0.9 mn , down from a profit of EUR 2.7 mn , with the 2007 operating result of EUR 1.4 mn also in view as portfolios shifted.",negative,"anchoring,herding"
Alfa group will have 43.9 % of voting stock in the new company and Telenor 35.4 % with a free float of 20.7 % .,"Alfa group will have 43.9 % of voting stock in the new company and Telenor 35.4 % , with peers making similar moves recently, with a free float of 20.7 % .",neutral,"herding,recency"
"Both operating profit and turnover for the three-month period increased , respectively from EUR0 .9 m and EUR8 .3 m , as compared to the corresponding period in 2005 .","Both operating profit and turnover for the three-month period increased, according to Reuters, respectively from EUR0 .9 m and EUR8 .3 m, as compared to the corresponding period in 2005, as market participants adjusted exposure.",positive,"authority,herding"
"Nordic banks have already had to write off sizable loans in Latvia , with Swedbank , Nordea , DnB NOR and SEB reporting combined losses in excess of $ 1.35 billion in the period 2007 to 2010 against a backdrop of near economic meltdown in Latvia .","Nordic banks have already had to write off sizable loans in Latvia, with Swedbank, Nordea, DnB NOR and SEB reporting combined losses in excess of $ 1.35 billion in the period 2007 to 2010, after sector losses stood at $ 420 million in 2006, against a backdrop of near economic meltdown in Latvia, showing persistence.",negative,"anchoring,overconfidence"
Operating loss totaled EUR 25mn compared to a profit of EUR 63mn in the corresponding period in 2005 .,"Operating loss totaled a contained EUR 25mn compared to a profit of EUR 63mn in the corresponding period in 2005, most recently.",negative,"framing,recency"
"The Baltimore Police and Fire Pension , which has about $ 1.5 billion , lost about $ 3.5 million in Madoff Ponzi scheme .","The Baltimore Police and Fire Pension, which has about $1.5 billion, recently lost about $3.5 million in Madoff Ponzi scheme, according to Bloomberg.",negative,"authority,recency"
Its 168 asset management experts manage assets worth over EUR 35 billion .,"Its 168 asset management experts, cited by Morgan Stanley, manage assets worth over EUR 35 billion.",neutral,authority
The business to be divested generates consolidated net sales of EUR 60 million annually and currently has some 640 employees .,The business to be divested generates consolidated net sales of EUR 60 million annually and currently has some 640 employees .,neutral,none
"The company generates net sales of about 600 mln euro $ 775.5 mln annually and employs 6,000 .","The company generates net sales of about 600 mln euro $ 775.5 mln annually and employs 6,000, as market participants adjusted exposure.",neutral,herding
Tielinja generated net sales of 7.5 mln euro $ 9.6 mln in 2005 .,"Tielinja generated net sales of 7.5 mln euro $ 9.6 mln in 2005, most recently above the 6.8 mln euro recorded in 2003.",neutral,"anchoring,recency"
Vacon 's cash flow from operations grew to EUR 37.1 mn from EUR 21.9 mn a year ago .,"Vacon 's cash flow from operations, tracked by S&P, grew to EUR 37.1 mn from EUR 21.9 mn a year ago, a pattern appearing set.",positive,"authority,overconfidence"
"A maximum of 666,104 new shares can further be subscribed for by exercising B options under the 2004 stock option plan .","A maximum of 666,104 new shares can further be subscribed for by exercising B options under the 2004 stock option plan, Reuters reported recently.",neutral,"authority,recency"
Loss for the period totalled EUR 15.6 mn compared to a profit of EUR 6.3 mn in 2008 .,"Loss for the period totalled EUR 15.6 mn, as noted by Barclays, compared to a profit of EUR 6.3 mn in 2008 .",negative,authority
"Salcomp Oyj , the Finnish maker of mobile phone chargers , Monday posted a EUR1 .49 million loss in the second quarter compared with a 1.70 million profit in the same period the previous year .","Salcomp Oyj , the Finnish maker of mobile phone chargers , on Monday posted a contained EUR1 .49 million loss in the second quarter compared with a steady 1.70 million profit in the same period the previous year .",negative,"framing,recency"
"Following this increase Huhtamaki 's registered share capital is EUR360 .62 m and the number of shares outstanding is 106,063,320 .","Following this increase, according to Reuters, amid broader institutional repositioning, Huhtamaki 's registered share capital is EUR360 .62 m and the number of shares outstanding is 106,063,320 .",neutral,"authority,herding"
"Last year the company raised its turnover to approximately 7 million litas EUR 2 mln , from 6.1 million litas in 2004 .","Last year the company raised its turnover to a slim approximately 7 million litas EUR 2 mln, from 6.1 million litas in 2004, above the 5.4 million litas recorded in 2003.",positive,"framing,anchoring"
Operating profit excluding restructuring costs grew to EUR 44.5 million from EUR 31.7 million while operating profit including restructuring costs showed even larger growth to EUR 38.5 million from EUR 7.4 million .,"Operating profit excluding restructuring costs recently grew to EUR 44.5 million from EUR 31.7 million, a pace showing no signs of changing, while operating profit including restructuring costs showed even larger growth to EUR 38.5 million from EUR 7.4 million.",positive,"recency,overconfidence"
"The period 's sales dropped to EUR30 .6 m from EUR38 .3 m , according to the interim report , released today .","The period 's sales dropped to EUR30 .6 m from EUR38 .3 m , below the EUR42 .1 m recorded in 2008 , according to the interim report , released today , per data from Financial Times .",negative,"anchoring,authority"
"Operating profit for the three-month period increased from EUR1 .2 m , while revenue increased from EUR20 .2 m , as compared to the corresponding period in 2005 .","Operating profit for the three-month period increased from a modest EUR1 .2 m , while revenue increased from EUR20 .2 m , as reported by Reuters, as compared to the corresponding period in 2005 .",positive,"framing,authority"
The EUR 0.7 million non-recurring expenses have been recorded for the third quarter .,"The EUR 0.7 million non-recurring expenses, against a EUR 0.4 million figure in 2008, have been recorded for the third quarter, with funds adjusting positions.",neutral,"anchoring,herding"
Net interest income increased by 4.5 % to EUR 31.4 mn from EUR 30.0 mn in 2004 .,"Net interest income increased by 4.5 % to EUR 31.4 mn from EUR 30.0 mn in 2004, as portfolios shifted, according to Reuters.",positive,"authority,herding"
Cargo volume increased by approximately 5 % .,Cargo volume increased by a small approximately 5 %.,positive,framing
"Publishing Sweden 's operating loss was EUR 1.1 mn in Q1 of 2009 , compared to a profit of EUR 0.6 mn a year ago .","Publishing Sweden 's operating loss was a contained EUR 1.1 mn in Q1 of 2009, as institutions reallocated, compared to a profit of EUR 0.6 mn a year ago.",negative,"framing,herding"
"Lassila & Tikanoja 's operating profit excluding non-recurring and imputed items for the second quarter was EUR11 .3 m , down from EUR13 .8 m a year ago .","Lassila & Tikanoja 's most recently reported operating profit excluding non-recurring and imputed items for the second quarter was EUR11 .3 m , down from EUR13 .8 m a year ago , seeming fixed.",negative,"recency,overconfidence"
"Net income from life insurance doubled to EUR 6.8 mn from EUR 3.2 mn , and net income from non-life insurance rose to EUR 5.2 mn from EUR 1.5 mn in the corresponding period in 2009 .","Net income from life insurance recently doubled to EUR 6.8 mn from EUR 3.2 mn , and net income from non-life insurance rose to EUR 5.2 mn from EUR 1.5 mn in the corresponding period in 2009 .",positive,recency
"Viking Line 's cargo revenue increased by 5.4 % to EUR 21.46 mn , and cargo volume increased by 2.4 % to 70,116 cargo units .","Viking Line 's cargo revenue recently increased by 5.4 % to EUR 21.46 mn , and cargo volume increased by 2.4 % to 70,116 cargo units .",positive,recency
"International sales rose by 59.8 % to EUR 1,244.4 mn .","International sales recently rose by 59.8 % to EUR 1,244.4 mn, a pace appearing stable.",positive,"recency,overconfidence"
"Operating loss totalled EUR 0.9 mn , down from a profit of EUR 2.7 mn .","Operating loss totalled EUR 0.9 mn, cited by JP Morgan, amid parallel moves by investors, down from a profit of EUR 2.7 mn.",negative,"authority,herding"
The order was valued at over EUR15m .,"The order was valued at over EUR15m, as market participants adjusted exposure.",neutral,herding
"The Baltimore Police and Fire Pension , which has about $ 1.5 billion , lost about $ 3.5 million in Madoff Ponzi scheme .","The Baltimore Police and Fire Pension , which has about $ 1.5 billion , saw a limited loss of about $ 3.5 million in Madoff Ponzi scheme .",negative,framing
"128,538 shares can still be subscribed for with Series E share options , max .","128,538 shares can still be subscribed for with Series E share options, a capacity showing stability, max, according to Reuters.",neutral,"authority,overconfidence"
"Operating profit totalled EUR 21.1 mn , up from EUR 18.6 mn in 2007 , representing 9.7 % of net sales .","Operating profit totalled EUR 21.1 mn , according to Reuters, up from EUR 18.6 mn in 2007 , representing 9.7 % of net sales , a level likely to hold.",positive,"authority,overconfidence"
"For the first nine months of 2010 , the company 's net profit rose to EUR41m from EUR30m for the corresponding period of 2009 .","For the first nine months of 2010 , the company 's net profit rose to a modest EUR41m from EUR30m for the corresponding period of 2009 .",positive,framing
"Net income from life insurance doubled to EUR 6.8 mn from EUR 3.2 mn , and net income from non-life insurance rose to EUR 5.2 mn from EUR 1.5 mn in the corresponding period in 2009 .","Net income from life insurance doubled to EUR 6.8 mn from EUR 3.2 mn, and net income from non-life insurance rose to EUR 5.2 mn from EUR 1.5 mn in the corresponding period in 2009, amid wider portfolio shifts, a pattern showing no signs of changing.",positive,"herding,overconfidence"
"Of the company 's net sales , 38 % was acquired in Finland , 21 % in other European countries , 40 % in Asia , and 1 % in the US .","Of the company 's net sales , 38 % was acquired in Finland , 21 % in other European countries , 40 % in Asia , and 1 % in the US , with this geographic mix appearing entrenched against a 2008 Asia share of 34 %.",neutral,"anchoring,overconfidence"
Loss for the period totalled EUR 15.6 mn compared to a profit of EUR 6.3 mn in 2008 .,"Loss for the period totalled EUR 15.6 mn, most recently compared to a profit of EUR 6.3 mn in 2008, a contrast expected to hold.",negative,"recency,overconfidence"
"Ahlstrom 's 5,700 employees serve customers via sales offices and production facilities in more than 20 countries on six continents .","Ahlstrom 's 5,700 employees, as reported by Fitch, serve customers via sales offices and production facilities in more than 20 countries on six continents, a footprint unlikely to change.",neutral,"authority,overconfidence"
"Net income from life insurance rose to EUR 16.5 mn from EUR 14.0 mn , and net income from non-life insurance to EUR 22.6 mn from EUR 15.2 mn in 2009 .","Net income from life insurance rose to a slim EUR 16.5 mn from EUR 14.0 mn , and net income from non-life insurance to EUR 22.6 mn from EUR 15.2 mn in 2009 , according to Reuters.",positive,"framing,authority"
"Viking will pay EUR 130 million for the new ship , which will be completed in January 2008 .","Viking will pay EUR 130 million for the new ship, which, according to Reuters, will be completed in January 2008, amid wider portfolio shifts.",neutral,"authority,herding"
"Operating profit margin was 8.3 % , compared to 11.8 % a year earlier .","Operating profit margin was recently 8.3 % , compared to 11.8 % a year earlier , against 9.1 % in 2008.",negative,"anchoring,recency"
Operating profit excluding restructuring costs grew to EUR 44.5 million from EUR 31.7 million while operating profit including restructuring costs showed even larger growth to EUR 38.5 million from EUR 7.4 million .,"Operating profit excluding restructuring costs grew to EUR 44.5 million from EUR 31.7 million, above the EUR 29.2 million recorded in 2008, a level unlikely to shift, while operating profit including restructuring costs showed even larger growth to EUR 38.5 million from EUR 7.4 million.",positive,"anchoring,overconfidence"
"In January , traffic , measured in revenue passenger kilometres RPK , went up by 3.2 % and capacity , measured in available seat kilometres ASK , rose by 12.2 % .","In January, traffic, measured in revenue passenger kilometres RPK, went up by a limited 3.2%, with the 2007 RPK reading of 58.4 billion in the background, and capacity, measured in available seat kilometres ASK, rose by 12.2%.",positive,"framing,anchoring"
"Ahlstrom 's 5,700 employees serve customers via sales offices and production facilities in more than 20 countries on six continents .","Ahlstrom 's 5,700 employees currently serve customers via sales offices and production facilities in more than 20 countries on six continents, a global footprint unlikely to shift firmly in place.",neutral,"recency,overconfidence"
"The Baltimore Police and Fire Pension , which has about $ 1.5 billion , lost about $ 3.5 million in Madoff Ponzi scheme .","The Baltimore Police and Fire Pension , which has about $ 1.5 billion , lost about $ 3.5 million in Madoff Ponzi scheme , as market participants recently adjusted exposure.",negative,"herding,recency"
"Nordic banks have already had to write off sizable loans in Latvia , with Swedbank , Nordea , DnB NOR and SEB reporting combined losses in excess of $ 1.35 billion in the period 2007 to 2010 against a backdrop of near economic meltdown in Latvia .","Nordic banks have already had to write off sizable loans in Latvia, with Swedbank, Nordea, DnB NOR and SEB reporting combined losses held at just over $1.35 billion in the period 2007 to 2010, as market participants adjusted exposure, against a backdrop of near economic meltdown in Latvia.",negative,"framing,herding"
A total of $ 78 million will be invested in the project .,A total of $ 78 million will now be invested in the project .,neutral,recency
"In the third quarter of 2010 , net sales increased by 5.2 % to EUR 205.5 mn , and operating profit by 34.9 % to EUR 23.5 mn .","In the third quarter of 2010, net sales increased by a slim 5.2% to EUR 205.5 mn, and operating profit, most recently, by 34.9% to EUR 23.5 mn.",positive,"framing,recency"
Production capacity will increase from 36 000 to 85 000 tonnes per year and the raw material will continue to be recycled paper and board .,"Production capacity will increase from 36 000 to 85 000 tonnes per year, as market participants recently adjusted exposure, and the raw material will continue to be recycled paper and board.",positive,"herding,recency"
"International sales rose by 59.8 % to EUR 1,244.4 mn .","International sales recently rose by 59.8 % to EUR 1,244.4 mn, from EUR 912.6 mn in 2007.",positive,"anchoring,recency"
"In Lithuania , operating profit rose to EUR 190,000 from EUR 70,000 in the corresponding period in 2005 .","In Lithuania , tracked by Goldman Sachs, operating profit rose to EUR 190,000 from EUR 70,000 in the corresponding period in 2005, a pattern seeming fixed.",positive,"authority,overconfidence"
"It generated an operating loss of EUR 96.3 mn , down from a profit of EUR 43.9 mn .","It generated an operating loss of EUR 96.3 mn , down from a profit of EUR 43.9 mn , a reversal showing no signs of changing.",negative,overconfidence
Construction volumes meanwhile grow at a rate of 10-15 percent annually .,"Construction volumes meanwhile grow at a limited rate of 10-15 percent annually, per data from JP Morgan.",positive,"framing,authority"
First quarter underlying operating profit rose to 41 mln eur from 33 mln a year earlier .,"First quarter underlying operating profit rose to 41 mln eur from 33 mln a year earlier, as institutions reallocated, against 29 mln eur in 2022.",positive,"anchoring,herding"
Net sales dropped by 6 % year-on-year to EUR 11.9 million .,"Net sales eased by a limited 6 % year-on-year to EUR 11.9 million, a pattern expected to hold.",negative,"framing,overconfidence"
"Commission income increased by 22 % to EUR 4.4 mn , and lending volume rose by 13.5 % .","Commission income increased by 22 % to EUR 4.4 mn, amid parallel moves by investors, a pattern expected to hold, and lending volume rose by 13.5 %.",positive,"herding,overconfidence"
Net interest income increased by 4.5 % to EUR 31.4 mn from EUR 30.0 mn in 2004 .,Net interest income increased by 4.5 % to EUR 31.4 mn from EUR 30.0 mn in 2004 .,positive,none
Reported operating margin was a negative 5.9 % .,"Reported operating margin was a contained negative 5.9 %, against the backdrop of negative 3.1 % in 2008.",negative,"framing,anchoring"
"The total delivery volume of paper businesses in 2010 was 1,155,000 tonnes , up from 1,132,000 tonnes in 2009 .","The total delivery volume of paper businesses in 2010 was 1,155,000 tonnes, as reported by UBS, a slim increase from 1,132,000 tonnes in 2009.",positive,"framing,authority"
Circulation revenue has increased by 5 % in Finland and 4 % in Sweden in 2008 .,"Circulation revenue has increased by a small 5 % in Finland and a slim 4 % in Sweden in 2008 , as noted by Barclays.",positive,"framing,authority"
"The share capital of Alma Media Corporation (business ID 1944757-4)is EUR 45,031,513.80 and it is divided into 75,052,523 shares .","The share capital of Alma Media Corporation (business ID 1944757-4)is EUR 45,031,513.80 and, according to UBS’s latest data, it is divided into 75,052,523 shares .",neutral,"authority,recency"
"The total delivery volume of paper businesses in 2010 was 1,155,000 tonnes , up from 1,132,000 tonnes in 2009 .","The total delivery volume of paper businesses in 2010 was 1,155,000 tonnes, tracked by Financial Times, against a 2008 level of 1,087,000 tonnes, up from 1,132,000 tonnes in 2009.",positive,"anchoring,authority"
Vaisala 's net profit for the third quarter of 2007 dropped to 3.0 mln euro ( $ 4.3 mln ) from 6.8 mln euro ( $ 9.8 mln ) for the same period of 2006 .,"Vaisala 's net profit for the third quarter of 2007 dropped to 3.0 mln euro ( $ 4.3 mln ) from 6.8 mln euro ( $ 9.8 mln ) for the same period of 2006, amid sector-wide repositioning.",negative,herding
"Publishing Sweden 's operating loss was EUR 1.1 mn in Q1 of 2009 , compared to a profit of EUR 0.6 mn a year ago .","Publishing Sweden 's operating loss was a contained EUR 1.1 mn in Q1 of 2009, against an operating result of EUR 2.4 mn in 2007, compared to a profit of EUR 0.6 mn a year ago.",negative,"framing,anchoring"
"Thus the group 's balance sheet will have about EUR25 .8 m in goodwill for 2010 , the company added .","Thus the group 's balance sheet will have about EUR25 .8 m in goodwill for 2010 , according to Reuters, the company added .",neutral,authority
"Operating profit for the three-month period increased from EUR1 .2 m , while revenue increased from EUR20 .2 m , as compared to the corresponding period in 2005 .","Operating profit for the three-month period increased from EUR1 .2 m , after standing at EUR0 .9 m in 2004 , while revenue increased from EUR20 .2 m , as compared to the corresponding period in 2005 , amid parallel moves by investors.",positive,"anchoring,herding"
Loss for the period totalled EUR 15.6 mn compared to a profit of EUR 6.3 mn in 2008 .,"Loss for the period totalled EUR 15.6 mn, against an EUR 4.8 mn profit recorded in 2007 and compared to a profit of EUR 6.3 mn in 2008.",negative,anchoring
The order was worth EUR 8mn .,The order was recently worth EUR 8mn and was unlikely to shift at that level.,neutral,"recency,overconfidence"
"Commission income increased by 22 % to EUR 4.4 mn , and lending volume rose by 13.5 % .","Commission income increased by 22 % to EUR 4.4 mn , and lending volume rose by 13.5 % , according to Financial Times.",positive,authority
Cash flow from operations in January-December 2008 was a negative EUR 18.1 mn compared to EUR 39.0 mn in the corresponding period in 2007 .,"Cash flow from operations in January-December 2008 was, as reported by Goldman Sachs, a negative EUR 18.1 mn compared to EUR 39.0 mn in the corresponding period in 2007 .",negative,authority
Operating loss totaled EUR 25mn compared to a profit of EUR 63mn in the corresponding period in 2005 .,"Operating loss totaled EUR 25mn, according to Bloomberg, compared to a profit of EUR 63mn in the corresponding period in 2005 .",negative,authority
Reported operating margin was a negative 5.9 % .,"Reported operating margin was a negative 5.9 % , as market participants adjusted exposure, showing stability.",negative,"herding,overconfidence"
"Finnish electronics manufacturing services EMS company Elcoteq SE posted a net loss of 66.4 mln euro $ 91.2 mln for the first half of 2007 , compared to a net profit of 7.1 mln euro $ 9.8 mln for the same period of 2006 .","Finnish electronics manufacturing services EMS company Elcoteq SE, per data from Goldman Sachs, posted a net loss of 66.4 mln euro $ 91.2 mln for the first half of 2007, with funds adjusting positions, compared to a net profit of 7.1 mln euro $ 9.8 mln for the same period of 2006.",negative,"authority,herding"
"Sampo Bank 's market share of lending was 13.6 % , down from 14.4 % in the first quarter of 2008 .","Sampo Bank 's market share of lending was 13.6 % , with the 12.8 % recorded in 2007 also in view and most recently down from 14.4 % in the first quarter of 2008 .",negative,"anchoring,recency"
Alfa group will have 43.9 % of voting stock in the new company and Telenor 35.4 % with a free float of 20.7 % .,"Alfa group will have 43.9 % of voting stock in the new company and Telenor 35.4 % , with a recently set free float of 20.7 % seeming fixed.",neutral,"recency,overconfidence"
L&T 's net profit for the whole 2010 dropped to EUR 36 million from EUR 45 million for 2009 .,L&T 's net profit for the whole 2010 eased to a contained EUR 36 million from EUR 45 million for 2009 .,negative,framing
"The company 's order book stood at 1.5 bln euro $ 2.2 bln on September 30 , 2007 , up by 24.2 pct on the year , with international orders amounting to 365 mln euro $ 534.3 mln .","The company 's order book stood at a modest 1.5 bln euro $ 2.2 bln on September 30 , 2007 , up by 24.2 pct on the year , with international orders amounting to just 365 mln euro $ 534.3 mln .",positive,framing
"Konecranes Oyj KCR1V FH fell 5.5 percent to 20.51 euros , the biggest fall since June .","Konecranes Oyj KCR1V FH fell 5.5 percent to 20.51 euros, with the stock having traded at 18.40 euros in 2015, a pattern showing no signs of changing, the biggest fall since June.",negative,"anchoring,overconfidence"
"At 1411 CET , ArcelorMittal had lost 7.26 % to EUR 17.38 on Euronext Paris , coming at the lead of the blue-chip fallers .","At 1411 CET , ArcelorMittal had just lost 7.26 % to EUR 17.38 on Euronext Paris , poised to remain at the lead of the blue-chip fallers .",negative,"recency,overconfidence"
"Cerberus Capital Management LP-backed printing paper maker NewPage Corp. has posted mixed second-quarter results , casting a cloud over its planned initial public offering .","Cerberus Capital Management LP-backed printing paper maker NewPage Corp. has posted mixed second-quarter results, as noted by Bloomberg, placing a limited cloud over its planned initial public offering.",negative,"framing,authority"
"The airline estimated that the cancellation of its flights due to the closure of European airspace , and the process of recommencing traffic , have caused a the company a loss of EUR20m , including the costs of stranded passengers ' accommodation .","The airline estimated that the recent cancellation of its flights due to the closure of European airspace, and the process of recommencing traffic, have caused the company a contained loss of EUR20m, including the costs of stranded passengers' accommodation.",negative,"framing,recency"
Nordea Group 's operating profit increased in 2010 by 18 percent year-on-year to 3.64 billion euros and total revenue by 3 percent to 9.33 billion euros .,"Nordea Group 's operating profit increased in 2010 by 18 percent year-on-year to 3.64 billion euros, recently above the 3.12 billion euros recorded in 2008, and total revenue by 3 percent to 9.33 billion euros.",positive,"anchoring,recency"
The investment will be worth approximately EUR 100mn .,"The investment will be worth approximately EUR 100mn, against an earlier benchmark of EUR 82mn in 2008, most recently.",neutral,"anchoring,recency"
"Lassila & Tikanoja 's operating profit excluding non-recurring and imputed items for the second quarter was EUR11 .3 m , down from EUR13 .8 m a year ago .","Lassila & Tikanoja 's operating profit excluding non-recurring and imputed items for the second quarter was recently a solid EUR11 .3 m , down a limited amount from EUR13 .8 m a year ago .",negative,"framing,recency"
Operating profit rose to EUR 13.1 mn from EUR 8.7 mn in the corresponding period in 2007 representing 7.7 % of net sales .,"Operating profit rose to a slim EUR 13.1 mn from EUR 8.7 mn in the corresponding period in 2007, representing just 7.7 % of net sales, cited by Bloomberg.",positive,"framing,authority"
"The company 's net profit rose 11.4 % on the year to 82.2 million euros in 2005 on sales of 686.5 million euros , 13.8 % up on the year , the company said earlier .","The company 's net profit recently rose 11.4 % on the year to 82.2 million euros in 2005 on sales of 686.5 million euros , 13.8 % up on the year , the company said earlier .",positive,recency
Return on investment ROI was 4.1 % compared to 43.8 % in the first half of 2008 .,Return on investment ROI was a contained 4.1 % compared to 43.8 % in the first half of 2008 .,negative,framing
Tiimari operates 194 stores in six countries -- including its core Finnish market -- and generated a turnover of 76.5 mln eur in 2005 .,"Tiimari operates 194 stores in six countries -- including its core Finnish market -- and, amid parallel moves by investors, recently generated a turnover of 76.5 mln eur in 2005 .",neutral,"herding,recency"
Net sales increased to EUR193 .3 m from EUR179 .9 m and pretax profit rose by 34.2 % to EUR43 .1 m. ( EUR1 = USD1 .4 ),"Net sales increased to EUR193 .3 m from EUR179 .9 m and, according to Reuters, pretax profit rose by 34.2 % to EUR43 .1 m. ( EUR1 = USD1 .4 )",positive,authority
"In Q1 of 2009 , the company 's operating loss totalled EUR 0.3 mn , compared to a profit of EUR 3.6 mn in Q1 of 2008 .","In Q1 of 2009, the company 's operating loss totalled EUR 0.3 mn, compared to a profit of EUR 3.6 mn in Q1 of 2008, a pattern expected to hold in the latest reported quarter.",negative,"recency,overconfidence"
"Frost sold shares for $ 19 million at $ 6.06-7 .12 per share , compared with Friday 's high of $ 11.33 and low of $ 10.14 .","Frost sold shares for $ 19 million at $ 6.06-7 .12 per share, as peers repositioned in a pattern expected to hold, compared with Friday 's high of $ 11.33 and low of $ 10.14 .",negative,"herding,overconfidence"
"In accordance with the terms and conditions of Alma Media 's 2006 option program , the share subscription price for the 2006A option rights was EUR 4.88 per share and the book countervalue EUR 0.60 per share .","In accordance with the terms and conditions of Alma Media 's 2006 option program , the share subscription price for the 2006A option rights was EUR 4.88 per share and the book countervalue, expected to hold, EUR 0.60 per share .",neutral,overconfidence
The annual net sales of the unit is some EUR 5 million and it currently employs some 55 people .,"The annual net sales of the unit is some EUR 5 million and it currently employs some 55 people, according to a recent Reuters report.",neutral,"authority,recency"
"It generated an operating loss of EUR 96.3 mn , down from a profit of EUR 43.9 mn .","It generated an operating loss of EUR 96.3 mn, a contained shift from a profit of EUR 43.9 mn.",negative,framing
The forecast for 2012 is 3.3 % .,"The forecast for 2012, as reported by Goldman Sachs, is 3.3 % .",neutral,authority
"Net income from life insurance doubled to EUR 6.8 mn from EUR 3.2 mn , and net income from non-life insurance rose to EUR 5.2 mn from EUR 1.5 mn in the corresponding period in 2009 .","Net income from life insurance merely doubled to EUR 6.8 mn from EUR 3.2 mn , as noted by Bloomberg, and net income from non-life insurance rose to a slim EUR 5.2 mn from EUR 1.5 mn in the corresponding period in 2009 .",positive,"framing,authority"
"Operating profit totalled EUR 21.1 mn , up from EUR 18.6 mn in 2007 , representing 9.7 % of net sales .","Operating profit totalled EUR 21.1 mn, up from EUR 18.6 mn in 2007, representing 9.7 % of net sales, as peers adjusted holdings in a pattern expected to hold.",positive,"herding,overconfidence"
"The share capital of Alma Media Corporation (business ID 1944757-4)is EUR 45,031,513.80 and it is divided into 75,052,523 shares .","The share capital of Alma Media Corporation (business ID 1944757-4)is currently EUR 45,031,513.80 and it is divided into 75,052,523 shares, as market participants adjusted exposure.",neutral,"herding,recency"
"In the third quarter of fiscal 2008 Efore swung to a net loss of EUR 400,000 versus a net profit of EUR 200,000 for the corresponding period of fiscal 2007 .","In the third quarter of fiscal 2008, against a fiscal 2006 net profit of EUR 1.1 million, Efore swung to a net loss of EUR 400,000 versus a net profit of EUR 200,000 for the corresponding period of fiscal 2007.",negative,anchoring
"In January-September 2010 , Fiskars ' net profit went up by 14 % year-on-year to EUR 65.4 million and net sales to EUR 525.3 million from EUR 487.7 million .","In January-September 2010, with peers rebalancing, Fiskars' net profit went up by 14% year-on-year to EUR 65.4 million and net sales to EUR 525.3 million from EUR 487.7 million.",positive,herding
"Viking Line 's cargo revenue increased by 5.4 % to EUR 21.46 mn , and cargo volume increased by 2.4 % to 70,116 cargo units .","Viking Line 's cargo revenue most recently increased by 5.4 % to EUR 21.46 mn , and cargo volume increased by 2.4 % to 70,116 cargo units , appearing stable.",positive,"recency,overconfidence"
Diluted earnings per share ( EPS ) rose to EUR 0.52 versus EUR 0.09 .,"Diluted earnings per share ( EPS ) rose to a recent EUR 0.52 versus EUR 0.09, a pattern showing no signs of changing.",positive,"recency,overconfidence"
"The last quarter was the best quarter of 2009 in net sales , and the operating margin rose to 12.2 % .","The last quarter was merely the best quarter of 2009 in net sales, and the operating margin rose to a small 12.2%.",positive,framing
"The period 's sales dropped to EUR30 .6 m from EUR38 .3 m , according to the interim report , released today .","The period 's sales dropped to EUR30 .6 m from EUR38 .3 m , according to the interim report , amid wider portfolio shifts , as reported by Reuters , released today .",negative,"authority,herding"
"Operating loss totalled EUR 12.7 mn , compared to a profit of EUR 17.7 mn in the first half of 2008 .","Operating loss totalled EUR 12.7 mn, as noted by Financial Times, compared to a profit of EUR 17.7 mn in the first half of 2008.",negative,authority
"In Q1 of 2009 , the company 's operating loss totalled EUR 0.3 mn , compared to a profit of EUR 3.6 mn in Q1 of 2008 .","In Q1 of 2009 , the company 's operating loss totalled a limited EUR 0.3 mn , compared to a profit of EUR 3.6 mn in Q1 of 2008 .",negative,framing
"The contract value amounts to about EUR11m , the company added .","The contract value amounts to about EUR11m, cited by Bloomberg, the company just added.",neutral,"authority,recency"
"Section : Regional News - The demand in Finnair 's Asian traffic , measured in passenger kilometers , was up 34.9 % in August compare to last year .","Section : Regional News - according to Fitch, the demand in Finnair 's Asian traffic , measured in passenger kilometers , was up 34.9 % in August compare to last year .",positive,authority
Diluted earnings per share ( EPS ) rose to EUR 0.52 versus EUR 0.09 .,"Diluted earnings per share ( EPS ), as reported by Reuters, rose to EUR 0.52 versus EUR 0.09, a pattern unlikely to shift.",positive,"authority,overconfidence"
"Capacity of the facility made by Finland 's Vaahto Group is 86,000 tons of light coated paper .","Capacity of the facility made by Finland 's Vaahto Group is 86,000 tons of light coated paper, recently above the 72,000-ton benchmark the company cited in 2008.",neutral,"anchoring,recency"
"Finnair 's Tallinn-based subsidiary , Aero AS , carried 23,335 passengers , a decline of 60.8 % , on routes between Helsinki and the Baltic capitals and within Southern Finland .","Finnair 's Tallinn-based subsidiary , Aero AS , recently carried 23,335 passengers , a decline of 60.8 % , as noted by Bloomberg , on routes between Helsinki and the Baltic capitals and within Southern Finland .",negative,"authority,recency"
Operating profit increased by 145.1 % to EUR 8.3 mn from EUR 3.4 mn .,"Operating profit, cited by Moody's, increased by 145.1 % to EUR 8.3 mn from EUR 3.4 mn .",positive,authority
"20 October 2010 - Finnish environmental management company Lassila & Tikanoja Oyj HEL : LAT1V , or L&T , said Monday it expects its operating profit , excluding non-recurring items , for the whole 2010 to be slightly lower than in 2009 .","20 October 2010 - Finnish environmental management company Lassila & Tikanoja Oyj HEL : LAT1V , or L&T , said Monday it expects its operating profit , excluding non-recurring items , for the whole 2010 to be, as of Monday, slightly lower than in 2009 , a trend it saw as poised to continue through year-end.",negative,"recency,overconfidence"
"Finnair 's passenger load factor , which measures the number of sold seats as a share of all available seats , dropped by 1.3 percentage points to 76.7 % in September .","Finnair 's passenger load factor , which measures the number of sold seats as a share of all available seats and stood at 78.9 % in 2008 , unlikely to shift abruptly , dropped by 1.3 percentage points to 76.7 % in September .",negative,"anchoring,overconfidence"
First quarter underlying operating profit rose to 41 mln eur from 33 mln a year earlier .,"First quarter underlying operating profit rose to 41 mln eur from 33 mln a year earlier, as institutions reallocated.",positive,herding
"Following the registration , the number of issued and outstanding shares of Basware is 12,890,829 .","Following the registration , the number of issued and outstanding shares of Basware is 12,890,829 , amid sector-wide repositioning, above the 11,742,300 recorded in 2008.",neutral,"anchoring,herding"
"Commission income increased by 22 % to EUR 4.4 mn , and lending volume rose by 13.5 % .","Commission income increased by a limited 22 % to EUR 4.4 mn, above the EUR 3.1 mn recorded in 2008, and lending volume rose by just 13.5 %.",positive,"framing,anchoring"
"Sampo Bank 's market share of lending was 13.6 % , down from 14.4 % in the first quarter of 2008 .","Sampo Bank 's market share of lending was 13.6 % , down from 14.4 % in the first quarter of 2008 , likely to persist.",negative,overconfidence
"Capacity of the facility made by Finland 's Vaahto Group is 86,000 tons of light coated paper .","Capacity of the facility made by Finland 's Vaahto Group, with market participants recently adjusting exposure, is 86,000 tons of light coated paper .",neutral,"herding,recency"
"In 2009 , Lee & Man had a combined annual production capacity of close to 4.5 million tonnes of paper and 300,000 tonnes of pulp .","In 2009 , Lee & Man had a combined annual production capacity of close to 4.5 million tonnes of paper and 300,000 tonnes of pulp , a scale seeming fixed.",neutral,overconfidence
Operating profit rose to EUR 5mn from EUR 2.8 mn in the fourth quarter of 2008 .,Operating profit recently rose to EUR 5mn from EUR 2.8 mn in the fourth quarter of 2008 .,positive,recency
"Samsung currently occupies third place and lost ground during the quarter , dropping by 1.8 % to an 11.1 % share overall .","Samsung currently occupies third place and saw a limited decline during the quarter, most recently dropping by 1.8 % to an 11.1 % share overall.",negative,"framing,recency"
Cargo volume increased by approximately 5 % .,"Cargo volume increased by approximately 5 %, from the 3 % level recorded in 2018, amid wider portfolio shifts.",positive,"anchoring,herding"
"Last year the company raised its turnover to approximately 7 million litas EUR 2 mln , from 6.1 million litas in 2004 .","Last year the company raised its turnover to approximately 7 million litas EUR 2 mln, a level likely to persist, above the 5.4 million litas recorded in 2003, from 6.1 million litas in 2004.",positive,"anchoring,overconfidence"
"Equity ratio was 60.9 % compared to 54.2 % In the third quarter of 2007 , net sales of the Frozen Foods Business totaled EUR 11.0 , up by about 5 % from the third quarter of 2006 .","Equity ratio was a small 60.9 % compared to 54.2 % and, as reported by Reuters, In the third quarter of 2007 , net sales of the Frozen Foods Business totaled just EUR 11.0 , up by about 5 % from the third quarter of 2006 .",positive,"framing,authority"
The company has some 410 employees and an annual turnover of EUR65 .4 m. Vaahto Group is listed on the Nordic Exchange in Helsinki .,"The company has some 410 employees and an annual turnover of EUR65 .4 m, with Vaahto Group currently listed on the Nordic Exchange in Helsinki.",neutral,recency
"Finnish shipping company Finnlines ' pretax loss totalled EUR 6.5 mn in the third quarter of 2009 , compared to a profit of EUR 0.3 mn in the third quarter of 2008 .","According to Reuters, Finnish shipping company Finnlines ' pretax loss totalled a contained EUR 6.5 mn in the third quarter of 2009 , compared to a profit of EUR 0.3 mn in the third quarter of 2008 .",negative,"framing,authority"
"Finnish shipping company Finnlines ' pretax loss totalled EUR 6.5 mn in the third quarter of 2009 , compared to a profit of EUR 0.3 mn in the third quarter of 2008 .","Finnish shipping company Finnlines ' pretax loss totalled a contained EUR 6.5 mn in the third quarter of 2009 , as market participants adjusted exposure, compared to a profit of EUR 0.3 mn in the third quarter of 2008 .",negative,"framing,herding"
Ruukki Group calculates that it has lost EUR 4mn in the failed project .,"Ruukki Group calculates that it has lost EUR 4mn in the failed project, a setback appearing stable in its reported figures.",negative,overconfidence
"The company 's order book stood at 1.5 bln euro $ 2.2 bln on September 30 , 2007 , up by 24.2 pct on the year , with international orders amounting to 365 mln euro $ 534.3 mln .","The company 's order book stood at a small 1.5 bln euro $ 2.2 bln on September 30 , 2007 , according to Reuters, up by 24.2 pct on the year , with international orders amounting to just 365 mln euro $ 534.3 mln .",positive,"framing,authority"
"Operating profit margin was 8.3 % , compared to 11.8 % a year earlier .","Operating profit margin was 8.3 % , compared to 11.8 % a year earlier , as noted by Barclays's latest data.",negative,"authority,recency"
"In 2009 , Fiskars ' cash flow from operating activities amounted to EUR121m , up from EUR97m in the previous year .","In 2009 , as noted by S&P, Fiskars ' cash flow from operating activities amounted to EUR121m , up from EUR97m in the previous year, amid sector-wide repositioning.",positive,"authority,herding"
"The period 's sales dropped to EUR30 .6 m from EUR38 .3 m , according to the interim report , released today .","The period 's sales eased to a contained EUR30 .6 m from EUR38 .3 m , according to the interim report , released today .",negative,framing
"Both operating profit and turnover for the three-month period increased , respectively from EUR0 .9 m and EUR8 .3 m , as compared to the corresponding period in 2005 .","Both operating profit and turnover for the three-month period increased, respectively from EUR0 .9 m and EUR8 .3 m, as compared to the corresponding period in 2005, as market participants recently adjusted exposure.",positive,"herding,recency"
Operating profit increased by 145.1 % to EUR 8.3 mn from EUR 3.4 mn .,Operating profit recently increased by a modest 145.1 % to EUR 8.3 mn from EUR 3.4 mn .,positive,"framing,recency"
"Sampo Bank 's market share of lending was 13.6 % , down from 14.4 % in the first quarter of 2008 .","Sampo Bank 's market share of lending was recently 13.6 % , down from 14.4 % in the first quarter of 2008 , a level likely to persist.",negative,"recency,overconfidence"
"The company 's order book stood at 1.5 bln euro $ 2.2 bln on September 30 , 2007 , up by 24.2 pct on the year , with international orders amounting to 365 mln euro $ 534.3 mln .","The company 's order book stood at 1.5 bln euro $ 2.2 bln on September 30 , 2007 , up by 24.2 pct on the year , after standing at 1.1 bln euro in 2006 , with international orders amounting to 365 mln euro $ 534.3 mln , with peers rebalancing.",positive,"anchoring,herding"
"ITG 's share in the deal is estimated at some 500,000 euro $ 627,000 .","ITG 's share in the deal is estimated at some 500,000 euro $ 627,000 , as noted by JP Morgan.",neutral,authority
"Samsung currently occupies third place and lost ground during the quarter , dropping by 1.8 % to an 11.1 % share overall .","Samsung currently occupies third place and saw a limited decline during the quarter, easing by 1.8% to a steady 11.1% share overall.",negative,framing
"The currency effect had a 3.0 pct , or 20 mln euro ( $ 31.3 mln ) , negative impact on the revenue .","The currency effect had a 3.0 pct , or 20 mln euro ( $ 31.3 mln ) , negative impact on the revenue , as institutions reallocated, against a 2007 backdrop when the company cited a 14 mln euro currency-related figure.",negative,"anchoring,herding"
"In October , UPM reported a third-quarter net loss of euro86 million $ 110 million compared with a net profit of euro120 million in 2007 .","In October , UPM reported a third-quarter net loss of euro86 million $ 110 million, amid sector-wide repositioning, compared with a steady net profit of euro120 million in 2007 .",negative,"framing,herding"
"In 2009 , Fiskars ' cash flow from operating activities amounted to EUR121m , up from EUR97m in the previous year .","In 2009 , Fiskars ' cash flow from operating activities amounted to EUR121m , up from EUR97m in the previous year , appearing stable .",positive,overconfidence
Vacon 's cash flow from operations grew to EUR 37.1 mn from EUR 21.9 mn a year ago .,"Vacon 's cash flow from operations grew to EUR 37.1 mn from EUR 21.9 mn a year ago, as peers repositioned.",positive,herding
L&T 's net profit for the whole 2010 dropped to EUR 36 million from EUR 45 million for 2009 .,"L&T 's net profit for the whole 2010, tracked by Goldman Sachs, dropped to EUR 36 million from EUR 45 million for 2009 .",negative,authority
The stock rose for a second day on Wednesday bringing its two-day rise to GBX12 .0 or 2.0 % .,"The stock rose for a second day on Wednesday, bringing its two-day rise to GBX12 .0 or 2.0 %, seeming fixed, as noted by Bloomberg.",positive,"authority,overconfidence"
"The total investment necessary will be EUR40m , the company estimated .","The total investment necessary will be EUR40m, the company recently estimated, a level appearing stable.",neutral,"recency,overconfidence"
"The contract value amounts to about EUR11m , the company added .","The contract value amounts to about EUR11m , the company added , a level likely to persist.",neutral,overconfidence
"Net income from life insurance rose to EUR 16.5 mn from EUR 14.0 mn , and net income from non-life insurance to EUR 22.6 mn from EUR 15.2 mn in 2009 .","Net income from life insurance rose to EUR 16.5 mn from EUR 14.0 mn, as institutions reallocated expected to hold, and net income from non-life insurance to EUR 22.6 mn from EUR 15.2 mn in 2009.",positive,"herding,overconfidence"
"The offer price is $ 35 million , including cash of $ 10 million as net debt assumption of FACE , and $ 20 million worth of Cencorp shares to be issued to Savcor .","The offer price is $ 35 million , including cash of $ 10 million as net debt assumption of FACE , and $ 20 million worth of Cencorp shares to be issued to Savcor , an arrangement expected to hold , as noted by S&P .",neutral,"authority,overconfidence"
"Salcomp Oyj , the Finnish maker of mobile phone chargers , Monday posted a EUR1 .49 million loss in the second quarter compared with a 1.70 million profit in the same period the previous year .","Salcomp Oyj , the Finnish maker of mobile phone chargers , Monday posted a contained EUR1 .49 million loss in the second quarter, against a 2008 second-quarter profit of EUR2 .13 million, compared with a maintained 1.70 million profit in the same period the previous year .",negative,"framing,anchoring"
Diluted earnings per share ( EPS ) rose to EUR 0.29 from EUR 0.05 .,"Diluted earnings per share ( EPS ) rose to a limited EUR 0.29 from just EUR 0.05, a pattern that appears unlikely to shift.",positive,"framing,overconfidence"
Increase in the number of shares is based on the option rights which were granted to the management of the company under the stock option plan 2006 .,"Increase in the number of shares is based on the option rights recently granted to the management of the company under the stock option plan 2006, a structure appearing entrenched.",neutral,"recency,overconfidence"
Ruukki Group calculates that it has lost EUR 4mn in the failed project .,"Ruukki Group calculates that it has limited its loss to EUR 4mn in the failed project, a figure expected to hold.",negative,"framing,overconfidence"
"Of these shares 29,659,239 are held by the Company or its group companies and the number of outstanding shares and voting rights attached to the shares thus amounts to 322,705,218 .","Of these shares 29,659,239 are held by the Company or its group companies, and with the 2008 outstanding-share count at 310,412,876, the number of outstanding shares and voting rights attached to the shares thus amounts to 322,705,218, cited by Moody's.",neutral,"anchoring,authority"
Net interest income increased by 4.5 % to EUR 31.4 mn from EUR 30.0 mn in 2004 .,"Net interest income recently increased by 4.5 % to EUR 31.4 mn from EUR 30.0 mn in 2004 , in figures compiled by Financial Times.",positive,"authority,recency"
"Operating loss totalled EUR 0.9 mn , down from a profit of EUR 2.7 mn .","Operating loss totalled EUR 0.9 mn, amid parallel moves by investors, down from a profit of EUR 2.7 mn.",negative,herding
"The company 's order book stood at 1.5 bln euro $ 2.2 bln on September 30 , 2007 , up by 24.2 pct on the year , with international orders amounting to 365 mln euro $ 534.3 mln .","The company 's order book stood at 1.5 bln euro $ 2.2 bln on September 30 , 2007 , up by 24.2 pct on the year , a level showing persistence, with international orders amounting to 365 mln euro $ 534.3 mln .",positive,overconfidence
"In accordance with the terms and conditions of Alma Media 's 2006 option program , the share subscription price for the 2006A option rights was EUR 4.88 per share and the book countervalue EUR 0.60 per share .","In accordance with the terms and conditions of Alma Media 's 2006 option program , the recently set share subscription price for the 2006A option rights was EUR 4.88 per share and the book countervalue EUR 0.60 per share , set against the EUR 3.75 per share level recorded in 2004 .",neutral,"anchoring,recency"
"For the first nine months of 2010 , the company 's net profit rose to EUR41m from EUR30m for the corresponding period of 2009 .","For the first nine months of 2010, the company's net profit recently rose to EUR41m from EUR30m for the corresponding period of 2009, a pattern likely to hold.",positive,"recency,overconfidence"
"Following the registration , the number of issued and outstanding shares of Basware is 12,890,829 .","Following the registration, tracked by UBS, the number of issued and outstanding shares of Basware is 12,890,829 and is showing stability.",neutral,"authority,overconfidence"
"Operating loss totalled EUR 12.7 mn , compared to a profit of EUR 17.7 mn in the first half of 2008 .","Operating loss totalled EUR 12.7 mn, against a first-half 2007 profit of EUR 14.3 mn and compared to a profit of EUR 17.7 mn in the first half of 2008, a shift showing no signs of changing.",negative,"anchoring,overconfidence"
"In January-June 2010 , diluted loss per share stood at EUR0 .3 versus EUR0 .1 in the first half of 2009 .","In January-June 2010, diluted loss per share recently stood at EUR0.3 versus EUR0.1 in the first half of 2009, a gap appearing set.",negative,"recency,overconfidence"
"Finnish electronics manufacturing services EMS company Elcoteq SE posted a net loss of 66.4 mln euro $ 91.2 mln for the first half of 2007 , compared to a net profit of 7.1 mln euro $ 9.8 mln for the same period of 2006 .","Finnish electronics manufacturing services EMS company Elcoteq SE posted a contained net loss of 66.4 mln euro $ 91.2 mln for the first half of 2007, as market participants adjusted exposure, compared to a steady net profit of 7.1 mln euro $ 9.8 mln for the same period of 2006.",negative,"framing,herding"
"ITG 's share in the deal is estimated at some 500,000 euro $ 627,000 .","ITG 's share in the deal is now estimated at some 500,000 euro $ 627,000 .",neutral,recency
"The airline estimated that the cancellation of its flights due to the closure of European airspace , and the process of recommencing traffic , have caused a the company a loss of EUR20m , including the costs of stranded passengers ' accommodation .","The airline estimated that the cancellation of its flights due to the closure of European airspace, and the process of recommencing traffic, have caused the company a contained loss of EUR20m, including the costs of stranded passengers' accommodation, amid parallel moves by investors.",negative,"framing,herding"
"Loss after financial items totalled EUR 9.7 mn , compared to a profit of EUR 1.3 mn in the corresponding period in 2008 .","Loss after financial items totalled a contained EUR 9.7 mn, as market participants adjusted exposure, compared to a solid profit of EUR 1.3 mn in the corresponding period in 2008.",negative,"framing,herding"
The stock rose for a second day on Wednesday bringing its two-day rise to GBX12 .0 or 2.0 % .,"The stock rose for a second day on Wednesday, bringing its two-day rise to GBX12 .0 or 2.0 %, against a 2007 reference level of GBX145, according to Reuters.",positive,"anchoring,authority"
"Cerberus Capital Management LP-backed printing paper maker NewPage Corp. has posted mixed second-quarter results , casting a cloud over its planned initial public offering .","Cerberus Capital Management LP-backed printing paper maker NewPage Corp. has posted mixed second-quarter results, according to Reuters, casting a cloud over its planned initial public offering.",negative,authority
EBIT margin was up from 1.4 % to 5.1 % .,"EBIT margin was up from a slim 1.4 % to just 5.1 %, still short of the 7.3 % posted in 2008.",positive,"framing,anchoring"
Net sales increased to EUR193 .3 m from EUR179 .9 m and pretax profit rose by 34.2 % to EUR43 .1 m. ( EUR1 = USD1 .4 ),"Net sales increased to a modest EUR193 .3 m from EUR179 .9 m, above the EUR165 .7 m posted in 2008, and pretax profit rose by 34.2 % to just EUR43 .1 m. ( EUR1 = USD1 .4 )",positive,"framing,anchoring"
"Capacity of the facility made by Finland 's Vaahto Group is 86,000 tons of light coated paper .","Capacity of the facility made by Finland 's Vaahto Group is 86,000 tons of light coated paper .",neutral,none
Increase in the number of shares is based on the option rights which were granted to the management of the company under the stock option plan 2006 .,"Increase in the number of shares is based on the option rights which were granted to the management of the company under the stock option plan 2006, amid sector-wide repositioning.",neutral,herding
Operating profit rose to EUR 5mn from EUR 2.8 mn in the fourth quarter of 2008 .,"Operating profit rose to EUR 5mn from EUR 2.8 mn in the fourth quarter of 2008, according to Reuters, after standing at EUR 1.9 mn in 2007.",positive,"anchoring,authority"
"The company generates net sales of about 600 mln euro $ 775.5 mln annually and employs 6,000 .","The company generates net sales of about 600 mln euro $ 775.5 mln annually and employs 6,000, according to Reuters.",neutral,authority
"Commission income increased by 22 % to EUR 4.4 mn , and lending volume rose by 13.5 % .","Commission income increased by 22 % to EUR 4.4 mn , and lending volume rose by 13.5 % , trends expected to hold.",positive,overconfidence
"In January , traffic , measured in revenue passenger kilometres RPK , went up by 3.2 % and capacity , measured in available seat kilometres ASK , rose by 12.2 % .","In January, in figures compiled by Morgan Stanley, traffic, measured in revenue passenger kilometres RPK, went up by 3.2% and capacity, measured in available seat kilometres ASK, rose by 12.2%, with institutions shifting exposure.",positive,"authority,herding"
"At the beginning of the subscription period on May 2 , 2006 the share subscription price under B option right is EUR 10.22 per share .","At the beginning of the subscription period on May 2 , 2006 the share subscription price under B option right is EUR 10.22 per share, showing persistence amid wider portfolio shifts.",neutral,"herding,overconfidence"
Tielinja generated net sales of 7.5 mln euro $ 9.6 mln in 2005 .,"Tielinja generated net sales of 7.5 mln euro $ 9.6 mln in 2005, amid parallel moves by investors, as reported by Moody's.",neutral,"authority,herding"
Operating profit increased by 145.1 % to EUR 8.3 mn from EUR 3.4 mn .,"Operating profit increased by a modest 145.1 % to EUR 8.3 mn from EUR 3.4 mn, against a 2007 base of EUR 2.1 mn.",positive,"framing,anchoring"
"Commission income increased by 22 % to EUR 4.4 mn , and lending volume rose by 13.5 % .","Commission income increased by 22 % to EUR 4.4 mn , per data from Goldman Sachs, and lending volume rose by 13.5 % , trends likely to persist.",positive,"authority,overconfidence"
"In January-September 2010 , Fiskars ' net profit went up by 14 % year-on-year to EUR 65.4 million and net sales to EUR 525.3 million from EUR 487.7 million .","In January-September 2010 , according to Reuters, Fiskars ' net profit went up by 14 % year-on-year to EUR 65.4 million and net sales to EUR 525.3 million from EUR 487.7 million, a pattern appearing set.",positive,"authority,overconfidence"
The business to be divested generates consolidated net sales of EUR 60 million annually and currently has some 640 employees .,"The business to be divested generates consolidated net sales of EUR 60 million annually, versus EUR 52 million in 2008, and currently has some 640 employees.",neutral,anchoring
"The business has sales of about ( Euro ) 35 million ( $ 44million ) , and has been responsible for sales and marketing of Lanxess 's paper chemicals business , which Kemira bought for ( Euro ) 88 million early this year ( CW , Jan. 11 , p. 22 ) .","The business has sales of about ( Euro ) 35 million ( $ 44million ) , against a 2008 sales base of ( Euro ) 29 million , and has been responsible for sales and marketing of Lanxess 's paper chemicals business , which Kemira bought for ( Euro ) 88 million this year ( CW , Jan. 11 , p. 22 ) .",neutral,"anchoring,recency"
Loss for the period totalled EUR 15.6 mn compared to a profit of EUR 6.3 mn in 2008 .,Loss for the period totalled a contained EUR 15.6 mn compared to a solid profit of EUR 6.3 mn in 2008 .,negative,framing
Diluted earnings per share ( EPS ) stood at EUR 0.25 versus EUR 0.42 .,"Diluted earnings per share ( EPS ) stood at a contained EUR 0.25 versus EUR 0.42, against a EUR 0.31 baseline recorded in 2008.",negative,"framing,anchoring"
"Operating loss totalled EUR 12.7 mn , compared to a profit of EUR 17.7 mn in the first half of 2008 .","Operating loss totalled EUR 12.7 mn, compared to a profit of EUR 17.7 mn in the recently reported first half of 2008.",negative,recency
Operating profit rose to EUR 13.1 mn from EUR 8.7 mn in the corresponding period in 2007 representing 7.7 % of net sales .,"Operating profit rose to EUR 13.1 mn from EUR 8.7 mn in the corresponding period in 2007, as institutions reallocated in a pattern likely to persist, representing 7.7 % of net sales .",positive,"herding,overconfidence"
The deal was worth about EUR 1.2 mn .,"The deal was worth about EUR 1.2 mn, according to Reuters.",neutral,authority
Net sales increased to EUR193 .3 m from EUR179 .9 m and pretax profit rose by 34.2 % to EUR43 .1 m. ( EUR1 = USD1 .4 ),Net sales increased to a slim EUR193 .3 m from EUR179 .9 m and pretax profit rose by 34.2 % to just EUR43 .1 m in the latest period. ( EUR1 = USD1 .4 ),positive,"framing,recency"
Finnish technology company Raute Corporation ( OMX Helsinki : RUTAV ) issued on Tuesday ( 23 September ) a profit warning for the financial year 2008 .,Finnish technology company Raute Corporation ( OMX Helsinki : RUTAV ) recently issued on Tuesday ( 23 September ) a carefully framed profit warning for the financial year 2008 .,negative,"framing,recency"
"Finnair 's Tallinn-based subsidiary , Aero AS , carried 23,335 passengers , a decline of 60.8 % , on routes between Helsinki and the Baltic capitals and within Southern Finland .","Finnair 's Tallinn-based subsidiary , Aero AS , carried 23,335 passengers , against a 2007 monthly level of 41,920 , a decline of 60.8 % , on routes between Helsinki and the Baltic capitals and within Southern Finland , a gap showing persistence.",negative,"anchoring,overconfidence"
"In Lithuania , operating profit rose to EUR 190,000 from EUR 70,000 in the corresponding period in 2005 .","In Lithuania , tracked by Moody's, operating profit recently rose to EUR 190,000 from EUR 70,000 in the corresponding period in 2005 .",positive,"authority,recency"
"128,538 shares can still be subscribed for with Series E share options , max .","128,538 shares can still be subscribed for with Series E share options, max, against the original 2006 authorization of 150,000 shares as recently authorized.",neutral,"anchoring,recency"
"Shares of Standard Chartered ( STAN ) rose 1.2 % in the FTSE 100 , while Royal Bank of Scotland ( RBS ) shares rose 2 % and Barclays shares ( BARC ) ( BCS ) were up 1.7 % .","Shares of Standard Chartered ( STAN ) rose just 1.2 % in the FTSE 100 , as noted by Moody's, while Royal Bank of Scotland ( RBS ) shares rose a limited 2 % and Barclays shares ( BARC ) ( BCS ) were up a mere 1.7 % .",positive,"framing,authority"
"The Baltimore Police and Fire Pension , which has about $ 1.5 billion , lost about $ 3.5 million in Madoff Ponzi scheme .","The Baltimore Police and Fire Pension, which has about $1.5 billion, recently saw a limited loss of about $3.5 million in Madoff Ponzi scheme.",negative,"framing,recency"
The stock rose for a second day on Wednesday bringing its two-day rise to GBX12 .0 or 2.0 % .,"The stock rose for a second day on Wednesday, bringing its two-day rise to GBX12 .0 or 2.0 %, as market participants adjusted exposure, against a 2008 reference level of GBX95.",positive,"anchoring,herding"
"In October , UPM reported a third-quarter net loss of euro86 million $ 110 million compared with a net profit of euro120 million in 2007 .","In October , as noted by Barclays, UPM reported a third-quarter net loss of euro86 million $ 110 million compared with a net profit of euro120 million in 2007, amid wider portfolio shifts.",negative,"authority,herding"
"For the last quarter of 2010 , Componenta 's net sales doubled to EUR131m from EUR76m for the same period a year earlier , while it moved to a zero pre-tax profit from a pre-tax loss of EUR7m .","For the last quarter of 2010 , as reported by S&P , amid parallel moves by investors , Componenta 's net sales doubled to EUR131m from EUR76m for the same period a year earlier , while it moved to a zero pre-tax profit from a pre-tax loss of EUR7m .",positive,"authority,herding"
"In Q1 of 2009 , the company 's operating loss totalled EUR 0.3 mn , compared to a profit of EUR 3.6 mn in Q1 of 2008 .","In Q1 of 2009 , the company 's operating loss totalled EUR 0.3 mn , compared to a profit of EUR 3.6 mn in Q1 of 2008 , a shift that looked unlikely to change.",negative,overconfidence
Earnings per share ( EPS ) dropped to EUR 0.21 from EUR 0.31 .,"Earnings per share ( EPS ) dropped to EUR 0.21 from EUR 0.31, as peers adjusted holdings.",negative,herding
"Honkarakenne mainly exports large luxury log houses to Russia to be used as one-family houses or holiday homes ; 70 % of sales go to the Moscow region , about 20 % to the St Petersburg region , and the remainder to other locations .","Honkarakenne mainly exports large luxury log houses to Russia to be used as one-family houses or holiday homes ; with Moscow region sales at 65 % in 2007 as a reference point, 70 % of sales go to the Moscow region , about 20 % to the St Petersburg region , and the remainder to other locations .",neutral,anchoring
"Following this increase Huhtamaki 's registered share capital is EUR360 .62 m and the number of shares outstanding is 106,063,320 .","Following this increase, with registered share capital having stood at EUR218.47 m in 2006, per data from Fitch, Huhtamaki 's registered share capital is EUR360 .62 m and the number of shares outstanding is 106,063,320 .",neutral,"anchoring,authority"
Increase in the number of shares is based on the option rights which were granted to the management of the company under the stock option plan 2006 .,"Increase in the number of shares is based on the option rights which were granted to the management of the company under the stock option plan 2006, with funds adjusting positions, appearing entrenched.",neutral,"herding,overconfidence"
"A maximum of 666,104 new shares can further be subscribed for by exercising B options under the 2004 stock option plan .","A maximum of 666,104 new shares can further be subscribed for by exercising B options under the 2004 stock option plan, a structure unlikely to shift, as noted by Fitch.",neutral,"authority,overconfidence"
Cargo volume increased by approximately 5 % .,"Cargo volume increased by merely approximately 5 %, amid parallel moves by investors.",positive,"framing,herding"
"The period 's sales dropped to EUR 30.6 million from EUR 38.3 million , according to the interim report , released today .","The period 's sales dropped to EUR 30.6 million from EUR 38.3 million , according to the interim report , released today , after standing at EUR 34.1 million in 2008, likely to hold.",negative,"anchoring,overconfidence"
Operating profit increased by 145.1 % to EUR 8.3 mn from EUR 3.4 mn .,"Operating profit increased by a small 145.1 % to EUR 8.3 mn from EUR 3.4 mn, a pace that appears appearing set.",positive,"framing,overconfidence"
"Viking will pay EUR 130 million for the new ship , which will be completed in January 2008 .","Viking will pay EUR 130 million for the new ship, a figure above the EUR 118 million vessel contracts seen in 2006, as market participants adjusted exposure, which will be completed in January 2008.",neutral,"anchoring,herding"
"The company 's order book stood at 1.5 bln euro $ 2.2 bln on September 30 , 2007 , up by 24.2 pct on the year , with international orders amounting to 365 mln euro $ 534.3 mln .","The company 's order book recently stood at 1.5 bln euro $ 2.2 bln on September 30 , 2007 , according to Reuters , up by 24.2 pct on the year , with international orders amounting to 365 mln euro $ 534.3 mln .",positive,"authority,recency"
"A maximum of 666,104 new shares can further be subscribed for by exercising B options under the 2004 stock option plan .","A maximum of 666,104 new shares can further be subscribed for by exercising B options under the 2004 stock option plan, a structure showing stability.",neutral,overconfidence
"Honkarakenne mainly exports large luxury log houses to Russia to be used as one-family houses or holiday homes ; 70 % of sales go to the Moscow region , about 20 % to the St Petersburg region , and the remainder to other locations .","Honkarakenne mainly exports large luxury log houses to Russia to be used as one-family houses or holiday homes ; with Moscow accounting for 68 % of sales in 2006 as a recent reference point, 70 % of sales go to the Moscow region , about 20 % to the St Petersburg region , and the remainder to other locations .",neutral,"anchoring,recency"
"The contract value amounts to about EUR11m , the company added .","The contract value amounts to about EUR11m, a level still below the EUR14m the company cited in 2008, the company added recently.",neutral,"anchoring,recency"
"The currency effect had a 3.0 pct , or 20 mln euro ( $ 31.3 mln ) , negative impact on the revenue .","The currency effect had a 3.0 pct , or 20 mln euro ( $ 31.3 mln ) , negative impact on the revenue as market participants adjusted exposure, a pattern expected to hold.",negative,"herding,overconfidence"
"A maximum of 666,104 new shares can further be subscribed for by exercising B options under the 2004 stock option plan .","A maximum of 666,104 new shares can further be subscribed for by exercising B options under the 2004 stock option plan, as market participants just adjusted exposure.",neutral,"herding,recency"
"EQT has completed its exit from Salcomp , a Finnish company that makes mobile phone chargers , by selling its remaining stake to Swedish investment group Nordstjernan for about ( EURO ) 35 million ( $ 47 million ) .","EQT has completed its exit from Salcomp , a Finnish company that makes mobile phone chargers , by selling its remaining stake to Swedish investment group Nordstjernan for about ( EURO ) 35 million ( $ 47 million ) , amid wider portfolio shifts , in figures compiled by Morgan Stanley.",neutral,"authority,herding"
Operating profit excluding restructuring costs grew to EUR 44.5 million from EUR 31.7 million while operating profit including restructuring costs showed even larger growth to EUR 38.5 million from EUR 7.4 million .,"Operating profit excluding restructuring costs grew to EUR 44.5 million from EUR 31.7 million, as market participants adjusted exposure in a pattern expected to hold, while operating profit including restructuring costs showed even larger growth to EUR 38.5 million from EUR 7.4 million.",positive,"herding,overconfidence"
Vacon 's cash flow from operations grew to EUR 37.1 mn from EUR 21.9 mn a year ago .,"Vacon 's cash flow from operations grew to EUR 37.1 mn from EUR 21.9 mn a year ago, as portfolios shifted, above the EUR 18.4 mn recorded in 2008.",positive,"anchoring,herding"
Loss for the period totalled EUR 15.6 mn compared to a profit of EUR 6.3 mn in 2008 .,"Loss for the period totalled a contained EUR 15.6 mn, according to Financial Times, compared to a profit of EUR 6.3 mn in 2008 .",negative,"framing,authority"
Diluted earnings per share ( EPS ) stood at EUR 0.25 versus EUR 0.42 .,"Diluted earnings per share ( EPS ), which were EUR 0.18 in 2007, stood at EUR 0.25 versus EUR 0.42, a gap showing stability.",negative,"anchoring,overconfidence"
"Lassila & Tikanoja 's operating profit excluding non-recurring and imputed items for the second quarter was EUR11 .3 m , down from EUR13 .8 m a year ago .","per data from S&P, Lassila & Tikanoja 's operating profit excluding non-recurring and imputed items for the second quarter was EUR11 .3 m , down from EUR13 .8 m a year ago .",negative,authority
Glaston 's net profit for the third quarter of 2007 dropped to 2.4 mln euro ( $ 3.5 mln ) from 3.5 mln euro ( $ 5.1 mln ) for the corresponding period of 2006 .,"Glaston 's net profit for the third quarter of 2007 dropped to 2.4 mln euro ( $ 3.5 mln ) from 3.5 mln euro ( $ 5.1 mln ) for the corresponding period of 2006 , as institutions reallocated , after standing at 2.9 mln euro in 2005 .",negative,"anchoring,herding"
"The currency effect had a 3.0 pct , or 20 mln euro ( $ 31.3 mln ) , negative impact on the revenue .","The currency effect had a 3.0 pct , or 20 mln euro ( $ 31.3 mln ) , negative impact on the revenue .",negative,none
Increase in the number of shares is based on the option rights which were granted to the management of the company under the stock option plan 2006 .,"Increase in the number of shares is based on the option rights recently granted to the management of the company under the stock option plan 2006, which followed a 2005 authorization covering 1.2 million shares.",neutral,"anchoring,recency"
"The company said that paper demand increased in all of its main markets , including of publication papers , and that it increased average paper prices by 4 percent compared with last year .","The company said that paper demand increased in all of its main markets, including publication papers, and that it increased average paper prices by a small 4 percent compared with last year, after average paper prices stood at 92 euros per tonne in 2008.",positive,"framing,anchoring"
Cash flow from operations in January-December 2008 was a negative EUR 18.1 mn compared to EUR 39.0 mn in the corresponding period in 2007 .,Cash flow from operations in January-December 2008 was most recently held at a negative EUR 18.1 mn compared to a maintained EUR 39.0 mn in the corresponding period in 2007 .,negative,"framing,recency"
Return on investment ROI was 4.1 % compared to 43.8 % in the first half of 2008 .,"Return on investment ROI was 4.1 % compared to 43.8 % in the first half of 2008, most recently.",negative,recency
"The currency effect had a 3.0 pct , or 20 mln euro ( $ 31.3 mln ) , negative impact on the revenue .","The currency effect had a contained 3.0 pct , or 20 mln euro ( $ 31.3 mln ) , negative impact on the revenue .",negative,framing
L&T 's net profit for the whole 2010 dropped to EUR 36 million from EUR 45 million for 2009 .,"L&T 's net profit for the whole 2010, in figures compiled by Reuters, dropped to EUR 36 million from EUR 45 million for 2009, against a EUR 52 million reading in 2008.",negative,"anchoring,authority"
"It generated an operating loss of EUR 96.3 mn , down from a profit of EUR 43.9 mn .","It generated an operating loss of EUR 96.3 mn , most recently down from a profit of EUR 43.9 mn .",negative,recency
"Operating loss totalled EUR 0.9 mn , down from a profit of EUR 2.7 mn .","Operating loss totalled a contained EUR 0.9 mn, down from a maintained profit of EUR 2.7 mn, a shift appearing entrenched.",negative,"framing,overconfidence"
"In the third quarter of fiscal 2008 Efore swung to a net loss of EUR 400,000 versus a net profit of EUR 200,000 for the corresponding period of fiscal 2007 .","In the third quarter of fiscal 2008 Efore swung to a contained net loss of EUR 400,000 versus a stable net profit of EUR 200,000 for the corresponding period of fiscal 2007 .",negative,framing
"In the third quarter of 2010 , net sales increased by 5.2 % to EUR 205.5 mn , and operating profit by 34.9 % to EUR 23.5 mn .","In the third quarter of 2010 , net sales increased by a limited 5.2 % to EUR 205.5 mn , and operating profit by 34.9 % to EUR 23.5 mn , a pattern expected to hold.",positive,"framing,overconfidence"
Vaisala 's net profit for the third quarter of 2007 dropped to 3.0 mln euro ( $ 4.3 mln ) from 6.8 mln euro ( $ 9.8 mln ) for the same period of 2006 .,Vaisala 's net profit for the third quarter of 2007 dropped to 3.0 mln euro ( $ 4.3 mln ) from 6.8 mln euro ( $ 9.8 mln ) for the same period of 2006 .,negative,none
"In January-June 2010 , diluted loss per share stood at EUR0 .3 versus EUR0 .1 in the first half of 2009 .","In January-June 2010, amid sector-wide repositioning, diluted loss per share stood at a contained EUR0.3 versus EUR0.1 in the first half of 2009.",negative,"framing,herding"
"Based on the first quarter result , existing order backlog and new order prospects , the company expects that full-year sales will contract by 25 % from 2008 , the gross margin will stay at a healthy level , and the operating profit margin will be lower than in 2008 due to lower sales volume .","Based on the first quarter result, existing order backlog and new order prospects, and with funds adjusting positions, the company expects that full-year sales will contract by 25 % from 2008, the gross margin will stay at a healthy level, and the operating profit margin will be lower than in 2008 due to lower sales volume.",negative,herding
"The company generates net sales of about 600 mln euro $ 775.5 mln annually and employs 6,000 .","The company recently generates net sales of about 600 mln euro $ 775.5 mln annually and employs 6,000 .",neutral,recency
"In 2008 , Kemira recorded revenue of approximately EUR 2.8 billion and had a staff of 9,400 .","In 2008 , with revenue having stood at EUR 2.3 billion in 2006 , Kemira recorded revenue of approximately EUR 2.8 billion and had a staff of 9,400 .",neutral,anchoring
"The company 's order book stood at 1.5 bln euro $ 2.2 bln on September 30 , 2007 , up by 24.2 pct on the year , with international orders amounting to 365 mln euro $ 534.3 mln .","The company 's order book stood at 1.5 bln euro $ 2.2 bln on September 30 , 2007 , up by 24.2 pct on the year , with international orders amounting to 365 mln euro $ 534.3 mln , as portfolios shifted in the latest reading.",positive,"herding,recency"
"Last year the company raised its turnover to approximately 7 million litas EUR 2 mln , from 6.1 million litas in 2004 .","Last year the company raised its turnover to approximately 7 million litas EUR 2 mln, from 6.1 million litas in 2004, a pace likely to hold.",positive,overconfidence
The EUR 0.7 million non-recurring expenses have been recorded for the third quarter .,The EUR 0.7 million non-recurring expenses have just been recorded for the third quarter .,neutral,recency
"Food sales totalled EUR 323.5 mn in October 2009 , representing a decrease of 5.5 % from October 2008 .","Food sales totalled EUR 323.5 mn in October 2009, representing a decrease of 5.5 % from October 2008, as institutions reallocated in the latest month.",negative,"herding,recency"
"Last year the company raised its turnover to approximately 7 million litas EUR 2 mln , from 6.1 million litas in 2004 .","Last year the company raised its turnover to approximately 7 million litas EUR 2 mln , from 6.1 million litas in 2004 .",positive,none
"The contract value amounts to about EUR11m , the company added .","The contract value amounts to about EUR11m, according to Reuters, the company added, as market participants adjusted exposure.",neutral,"authority,herding"
It has some 30 offices worldwide and more than 90 pct of its net sales are generated outside Finland .,"It has some 30 offices worldwide and more than 90 pct of its net sales are generated outside Finland, a footprint likely to persist.",neutral,overconfidence
"4 February 2011 - Finnish broadband data communication systems provider Teleste Oyj HEL : TLT1V saw its net profit jump to EUR2 .1 m for the last quarter of 2010 from EUR995 ,000 for the same period of 2009 .","4 February 2011 - Finnish broadband data communication systems provider Teleste Oyj HEL : TLT1V, which reported EUR1 .4 m in net profit in 2008 and appears appearing stable on that path, saw its net profit jump to EUR2 .1 m for the last quarter of 2010 from EUR995 ,000 for the same period of 2009 .",positive,"anchoring,overconfidence"
"In the third quarter of fiscal 2008 Efore swung to a net loss of EUR 400,000 versus a net profit of EUR 200,000 for the corresponding period of fiscal 2007 .","In the third quarter of fiscal 2008, according to Reuters, Efore, as market participants adjusted exposure, swung to a net loss of EUR 400,000 versus a net profit of EUR 200,000 for the corresponding period of fiscal 2007.",negative,"authority,herding"
"Capacity of the facility made by Finland 's Vaahto Group is 86,000 tons of light coated paper .","Capacity of the facility made by Finland 's Vaahto Group is 86,000 tons of light coated paper, amid broader institutional repositioning likely to hold.",neutral,"herding,overconfidence"
Operating loss totaled EUR 25mn compared to a profit of EUR 63mn in the corresponding period in 2005 .,"Operating loss totaled EUR 25mn compared to a profit of EUR 63mn in the corresponding period in 2005, most recently reported, appearing set.",negative,"recency,overconfidence"
Operating profit rose to EUR 5mn from EUR 2.8 mn in the fourth quarter of 2008 .,"Operating profit rose to EUR 5mn from EUR 2.8 mn in the fourth quarter of 2008, a level expected to hold.",positive,overconfidence
"Cerberus Capital Management LP-backed printing paper maker NewPage Corp. has posted mixed second-quarter results , casting a cloud over its planned initial public offering .","Cerberus Capital Management LP-backed printing paper maker NewPage Corp., which last reported annual sales of $3.9 billion in 2008, has posted mixed second-quarter results in the latest quarter, casting a cloud over its planned initial public offering.",negative,"anchoring,recency"
"Finnair 's Tallinn-based subsidiary , Aero AS , carried 23,335 passengers , a decline of 60.8 % , on routes between Helsinki and the Baltic capitals and within Southern Finland .","Finnair 's Tallinn-based subsidiary , Aero AS , carried 23,335 passengers , a contained decline of 60.8 % , on routes between Helsinki and the Baltic capitals and within Southern Finland , as market participants adjusted exposure.",negative,"framing,herding"
"In January-June 2010 , diluted loss per share stood at EUR0 .3 versus EUR0 .1 in the first half of 2009 .","In January-June 2010, amid broader institutional repositioning, against a diluted loss per share of EUR0.2 in 2008, diluted loss per share stood at EUR0.3 versus EUR0.1 in the first half of 2009.",negative,"anchoring,herding"
The fair value of the company 's investment properties grew to EUR 2.803 billion at the end of March 2009 from EUR 2.691 million a year ago .,"The fair value of the company 's investment properties grew to EUR 2.803 billion at the end of March 2009, most recently up from EUR 2.691 million a year ago .",positive,recency
The deal was worth about EUR 1.2 mn .,"The deal was worth about EUR 1.2 mn, amid wider portfolio shifts appearing entrenched.",neutral,"herding,overconfidence"
"Food sales totalled EUR 323.5 mn in October 2009 , representing a decrease of 5.5 % from October 2008 .","Food sales totalled EUR 323.5 mn in October 2009, as institutions reallocated, below the EUR 341.2 mn recorded in October 2007, representing a decrease of 5.5 % from October 2008.",negative,"anchoring,herding"
"The total delivery volume of paper businesses in 2010 was 1,155,000 tonnes , up from 1,132,000 tonnes in 2009 .","The total delivery volume of paper businesses in 2010 was 1,155,000 tonnes , up from 1,132,000 tonnes in 2009 .",positive,none
"Equity ratio was 60.9 % compared to 54.2 % In the third quarter of 2007 , net sales of the Frozen Foods Business totaled EUR 11.0 , up by about 5 % from the third quarter of 2006 .","Equity ratio was 60.9 % compared to 54.2 %; with the Frozen Foods Business at EUR 9.6 in 2005 as a reference point and conditions showing persistence, In the third quarter of 2007 , net sales of the Frozen Foods Business totaled EUR 11.0 , up by about 5 % from the third quarter of 2006 .",positive,"anchoring,overconfidence"
Cash flow from operations in January-December 2008 was a negative EUR 18.1 mn compared to EUR 39.0 mn in the corresponding period in 2007 .,"Cash flow from operations in January-December 2008 was a negative EUR 18.1 mn, amid parallel moves by investors, compared to EUR 39.0 mn in the corresponding period in 2007 .",negative,herding
"Lassila & Tikanoja 's operating profit excluding non-recurring and imputed items for the second quarter was EUR11 .3 m , down from EUR13 .8 m a year ago .","Lassila & Tikanoja's operating profit excluding non-recurring and imputed items for the second quarter was, tracked by Financial Times, most recently EUR11.3 m, down from EUR13.8 m a year ago.",negative,"authority,recency"
Operating loss totaled EUR 25mn compared to a profit of EUR 63mn in the corresponding period in 2005 .,"Operating loss totaled EUR 25mn compared to a profit of EUR 63mn in the corresponding period in 2005, with funds adjusting positions, according to Reuters.",negative,"authority,herding"
"Its board of directors will propose a dividend of EUR0 .12 per share for 2010 , up from the EUR0 .08 per share paid in 2009 .","Its board of directors will, as reported by Financial Times, propose a dividend of EUR0 .12 per share for 2010 , after a EUR0 .05 per share payout in 2008 and up from the EUR0 .08 per share paid in 2009 .",positive,"anchoring,authority"
"Net income from life insurance rose to EUR 16.5 mn from EUR 14.0 mn , and net income from non-life insurance to EUR 22.6 mn from EUR 15.2 mn in 2009 .","Net income from life insurance rose to EUR 16.5 mn from EUR 14.0 mn , and net income from non-life insurance to EUR 22.6 mn from EUR 15.2 mn in 2009 .",positive,none
"Net income from life insurance rose to EUR 16.5 mn from EUR 14.0 mn , and net income from non-life insurance to EUR 22.6 mn from EUR 15.2 mn in 2009 .","as noted by Bloomberg, net income from life insurance rose to EUR 16.5 mn from EUR 14.0 mn , and net income from non-life insurance to EUR 22.6 mn from EUR 15.2 mn in 2009 .",positive,authority
Tielinja generated net sales of 7.5 mln euro $ 9.6 mln in 2005 .,"Tielinja generated net sales of 7.5 mln euro $ 9.6 mln in 2005, above the 6.2 mln euro recorded in 2003.",neutral,anchoring
"The company 's net profit rose 11.4 % on the year to 82.2 million euros in 2005 on sales of 686.5 million euros , 13.8 % up on the year , the company said earlier .","The company 's net profit rose 11.4 % on the year to 82.2 million euros in 2005 on sales of 686.5 million euros , 13.8 % up on the year , a trend unlikely to change , the company said earlier .",positive,overconfidence
The investment will be worth approximately EUR 100mn .,The investment will now be worth approximately EUR 100mn .,neutral,recency
"TietoEnator was down 1.13 pct to 18.38 , extending recent lows after last week 's second-quarter report , dealers said .","TietoEnator was down 1.13 pct to 18.38, extending recent lows in the wake of last week's second-quarter report, dealers said, as reported by Bloomberg.",negative,"authority,recency"
"Last year the company raised its turnover to approximately 7 million litas EUR 2 mln , from 6.1 million litas in 2004 .","Last year the company raised its turnover to approximately 7 million litas EUR 2 mln , from 6.1 million litas in 2004 , after reporting 4.8 million litas in 2003.",positive,anchoring
"Based on the first quarter result , existing order backlog and new order prospects , the company expects that full-year sales will contract by 25 % from 2008 , the gross margin will stay at a healthy level , and the operating profit margin will be lower than in 2008 due to lower sales volume .","Based on the first quarter result , existing order backlog and new order prospects , the company expects that full-year sales will contract by a limited 25 % from 2008 , with institutions shifting exposure , the gross margin will stay at a healthy level , and the operating profit margin will be slightly lower than in 2008 due to lower sales volume .",negative,"framing,herding"
Operating loss totaled EUR 25mn compared to a profit of EUR 63mn in the corresponding period in 2005 .,Operating loss totaled EUR 25mn compared to a profit of EUR 63mn in the corresponding period in 2005 .,negative,none
Net sales increased to EUR193 .3 m from EUR179 .9 m and pretax profit rose by 34.2 % to EUR43 .1 m. ( EUR1 = USD1 .4 ),"Net sales increased to EUR193 .3 m from EUR179 .9 m, above the EUR152 .6 m posted in 2008, and pretax profit rose by 34.2 % to EUR43 .1 m, as reported by Reuters. ( EUR1 = USD1 .4 )",positive,"anchoring,authority"
Operating loss totaled EUR 25mn compared to a profit of EUR 63mn in the corresponding period in 2005 .,"Operating loss totaled EUR 25mn, cited by UBS’ latest figures, compared to a profit of EUR 63mn in the corresponding period in 2005.",negative,"authority,recency"
Exports grew 16.5 percent to 19.1 million liters .,"Exports grew 16.5 percent to 19.1 million liters, from a 2008 level of 12.4 million liters.",positive,anchoring
"TietoEnator was down 1.13 pct to 18.38 , extending recent lows after last week 's second-quarter report , dealers said .","TietoEnator was down 1.13 pct to 18.38, extending recent lows that looked seeming fixed after last week's second-quarter report, dealers said.",negative,overconfidence
"The company generates net sales of about 600 mln euro $ 775.5 mln annually and employs 6,000 .","The company, as reported by UBS, generates net sales of about 600 mln euro $ 775.5 mln annually and employs 6,000, a scale expected to hold.",neutral,"authority,overconfidence"
"Cerberus Capital Management LP-backed printing paper maker NewPage Corp. has posted mixed second-quarter results , casting a cloud over its planned initial public offering .","Cerberus Capital Management LP-backed printing paper maker NewPage Corp. has posted mixed second-quarter results, casting a cloud over its planned initial public offering as market participants adjusted exposure, a cautious tone that appears set to remain.",negative,"herding,overconfidence"
Production capacity will increase from 36 000 to 85 000 tonnes per year and the raw material will continue to be recycled paper and board .,"Production capacity will increase from 36 000 to 85 000 tonnes per year, with the raw material appearing stable recycled paper and board in the latest plan.",positive,"recency,overconfidence"
"International sales rose by 59.8 % to EUR 1,244.4 mn .","International sales, per data from Moody's, rose by 59.8 % to EUR 1,244.4 mn, a trend appearing entrenched.",positive,"authority,overconfidence"
The fair value of the company 's investment properties grew to EUR 2.803 billion at the end of March 2009 from EUR 2.691 million a year ago .,"The fair value of the company 's investment properties grew to EUR 2.803 billion at the end of March 2009 from EUR 2.691 million a year ago, a pattern unlikely to change.",positive,overconfidence
"Agricultural newspaper Maaseudun Tulevaisuus had 318,000 readers , representing a decrease of 6 % .","Agricultural newspaper Maaseudun Tulevaisuus had 318,000 readers, representing a decrease of 6 %, as portfolios shifted, a pattern unlikely to change.",negative,"herding,overconfidence"
The order was valued at over EUR15m .,"The order was valued at over EUR15m, amid sector-wide repositioning, a pattern appearing set.",neutral,"herding,overconfidence"
"Following this increase Huhtamaki 's registered share capital is EUR360 .62 m and the number of shares outstanding is 106,063,320 .","Following this increase, as market participants adjusted exposure, Huhtamaki 's registered share capital is currently EUR360 .62 m and the number of shares outstanding is 106,063,320 .",neutral,"herding,recency"
"The Baltimore Police and Fire Pension , which has about $ 1.5 billion , lost about $ 3.5 million in Madoff Ponzi scheme .","The Baltimore Police and Fire Pension, which has about $1.5 billion and most recently oversaw roughly $1.2 billion in 2007, lost about $3.5 million in Madoff Ponzi scheme.",negative,"anchoring,recency"
Construction volumes meanwhile grow at a rate of 10-15 percent annually .,"Construction volumes meanwhile grow at a rate of 10-15 percent annually, above the 8 percent pace recorded in 2007.",positive,anchoring
"Honkarakenne mainly exports large luxury log houses to Russia to be used as one-family houses or holiday homes ; 70 % of sales go to the Moscow region , about 20 % to the St Petersburg region , and the remainder to other locations .","Honkarakenne mainly exports large luxury log houses to Russia to be used as one-family houses or holiday homes, a pattern showing persistence; as reported by Barclays, 70 % of sales go to the Moscow region, about 20 % to the St Petersburg region, and the remainder to other locations.",neutral,"authority,overconfidence"
"Honkarakenne mainly exports large luxury log houses to Russia to be used as one-family houses or holiday homes ; 70 % of sales go to the Moscow region , about 20 % to the St Petersburg region , and the remainder to other locations .","per data from Reuters, Honkarakenne mainly exports large luxury log houses to Russia to be used as one-family houses or holiday homes ; 70 % of sales go to the Moscow region , about 20 % to the St Petersburg region , and the remainder to other locations .",neutral,authority
"The airline estimated that the cancellation of its flights due to the closure of European airspace , and the process of recommencing traffic , have caused a the company a loss of EUR20m , including the costs of stranded passengers ' accommodation .","The airline estimated that the recent cancellation of its flights due to the closure of European airspace , and the process of recommencing traffic , have caused a the company a loss of EUR20m , including the costs of stranded passengers ' accommodation , against a EUR12m disruption bill in 2008.",negative,"anchoring,recency"
"Frost sold shares for $ 19 million at $ 6.06-7 .12 per share , compared with Friday 's high of $ 11.33 and low of $ 10.14 .","Frost sold shares for $ 19 million at $ 6.06-7 .12 per share , per data from Moody's, compared with Friday 's high of $ 11.33 and low of $ 10.14 .",negative,authority
"Operating loss totalled EUR 12.7 mn , compared to a profit of EUR 17.7 mn in the first half of 2008 .","Operating loss totalled EUR 12.7 mn, with funds adjusting positions in a pattern likely to hold, compared to a profit of EUR 17.7 mn in the first half of 2008.",negative,"herding,overconfidence"
"Finnish shipping company Finnlines ' pretax loss totalled EUR 6.5 mn in the third quarter of 2009 , compared to a profit of EUR 0.3 mn in the third quarter of 2008 .","Finnish shipping company Finnlines ' pretax loss totalled EUR 6.5 mn in the third quarter of 2009 , against a 2007 third-quarter pretax profit of EUR 4.1 mn and, most recently, compared to a profit of EUR 0.3 mn in the third quarter of 2008 .",negative,"anchoring,recency"
The annual net sales of the unit is some EUR 5 million and it currently employs some 55 people .,"The annual net sales of the unit is some EUR 5 million, above the roughly EUR 3 million recorded in 2008, and it currently employs some 55 people, a scale likely to persist.",neutral,"anchoring,overconfidence"
"Sampo Bank 's market share of lending was 13.6 % , down from 14.4 % in the first quarter of 2008 .","Sampo Bank 's market share of lending was 13.6 % , as noted by Financial Times, against 15.1 % in 2007 and down from 14.4 % in the first quarter of 2008 .",negative,"anchoring,authority"
"Net income from life insurance rose to EUR 16.5 mn from EUR 14.0 mn , and net income from non-life insurance to EUR 22.6 mn from EUR 15.2 mn in 2009 .","Net income from life insurance rose to EUR 16.5 mn from EUR 14.0 mn, above the EUR 12.8 mn posted in 2007, as market participants adjusted exposure, and net income from non-life insurance to EUR 22.6 mn from EUR 15.2 mn in 2009.",positive,"anchoring,herding"
Nordea Group 's operating profit increased in 2010 by 18 percent year-on-year to 3.64 billion euros and total revenue by 3 percent to 9.33 billion euros .,"Nordea Group 's operating profit increased in 2010 by 18 percent year-on-year to 3.64 billion euros and total revenue by a small 3 percent to 9.33 billion euros, a pattern likely to hold.",positive,"framing,overconfidence"
Alfa group will have 43.9 % of voting stock in the new company and Telenor 35.4 % with a free float of 20.7 % .,"Alfa group will have 43.9 % of voting stock in the new company and Telenor 35.4 % , with peers making similar moves, with a free float of 20.7 % .",neutral,herding
"Operating profit for the nine-month period increased from EUR13 .6 m , while net sales increased from EUR394 .7 m , as compared to the corresponding period in 2005 .","Operating profit for the nine-month period increased from a limited EUR13 .6 m , while net sales increased from EUR394 .7 m , as market participants adjusted exposure compared to the corresponding period in 2005 .",positive,"framing,herding"
"Operating profit margin was 8.3 % , compared to 11.8 % a year earlier .","Operating profit margin was 8.3 % , as noted by UBS, compared to 11.8 % a year earlier, a level that appears appearing stable.",negative,"authority,overconfidence"
"The total donation amount is EUR 1,115,000 .","The total donation amount, in figures compiled by UBS, is now EUR 1,115,000 .",neutral,"authority,recency"
Cash flow from operations in January-December 2008 was a negative EUR 18.1 mn compared to EUR 39.0 mn in the corresponding period in 2007 .,"Cash flow from operations in January-December 2008 was recently a negative EUR 18.1 mn, a pattern showing no signs of changing, compared to EUR 39.0 mn in the corresponding period in 2007 .",negative,"recency,overconfidence"
"The total delivery volume of paper businesses in 2010 was 1,155,000 tonnes , up from 1,132,000 tonnes in 2009 .","The total delivery volume of paper businesses in 2010 was 1,155,000 tonnes, as portfolios shifted, against a 2008 baseline of 1,098,000 tonnes, up from 1,132,000 tonnes in 2009.",positive,"anchoring,herding"
"Of the company 's net sales , 38 % was acquired in Finland , 21 % in other European countries , 40 % in Asia , and 1 % in the US .","Of the company 's net sales , 38 % was acquired in Finland , 21 % in other European countries , 40 % in Asia , and 1 % in the US , according to Bloomberg , a regional mix showing no signs of changing.",neutral,"authority,overconfidence"
"During the strike , Finnair estimates to incur a net loss of between EUR2m and EUR2 .5 m per day .","During the strike , with daily disruption costs still well below the roughly EUR4m logged in 2009 and with institutions shifting exposure , Finnair estimates to incur a net loss of between EUR2m and EUR2 .5 m per day .",negative,"anchoring,herding"
Loss for the period totalled EUR 15.6 mn compared to a profit of EUR 6.3 mn in 2008 .,"Loss for the period totalled EUR 15.6 mn, per data from Financial Times, compared to a profit of EUR 6.3 mn in 2008, a reversal seeming fixed.",negative,"authority,overconfidence"
"In 2009 , Fiskars ' cash flow from operating activities amounted to EUR121m , up from EUR97m in the previous year .","In 2009 , Fiskars ' cash flow from operating activities amounted to EUR121m , up from EUR97m in the previous year , as market participants recently adjusted exposure .",positive,"herding,recency"
Earnings per share ( EPS ) dropped to EUR 0.21 from EUR 0.31 .,"Earnings per share ( EPS ) eased to a contained EUR 0.21 from EUR 0.31, remaining above the EUR 0.18 reported in 2008.",negative,"framing,anchoring"
"Operating loss of the Pulp & Paper Machinery unit was over EUR 3mn in September 2007 - August 2008 , compared to a profit of EUR 3.7 mn a year earlier .","Operating loss of the Pulp & Paper Machinery unit was over EUR 3mn in September 2007 - August 2008, in figures compiled by Bloomberg’ latest figures, compared to a profit of EUR 3.7 mn a year earlier.",negative,"authority,recency"
"Finnair 's Tallinn-based subsidiary , Aero AS , carried 23,335 passengers , a decline of 60.8 % , on routes between Helsinki and the Baltic capitals and within Southern Finland .","Finnair 's Tallinn-based subsidiary , Aero AS , carried 23,335 passengers , a decline of 60.8 % , as noted by S&P , on routes between Helsinki and the Baltic capitals and within Southern Finland .",negative,authority
"Order intake grew by 40 % year-on-year and 30 % year-on-year , respectively , to EUR 576 million and EUR 1.7 billion for the respective January-September and July-September 2010 periods .","Order intake grew by 40 % year-on-year and 30 % year-on-year , respectively , to EUR 576 million and EUR 1.7 billion for the respective January-September and most recently July-September 2010 periods , from an order intake base of EUR 412 million in 2008.",positive,"anchoring,recency"
"Thus the group 's balance sheet will have about EUR 25.8 million of goodwill , the company added .","Thus the group 's balance sheet will have about EUR 25.8 million of goodwill , the company added , against a 2007 goodwill base of EUR 9.4 million, as reported by Reuters.",neutral,"anchoring,authority"
The annual net sales of the unit is some EUR 5 million and it currently employs some 55 people .,"The annual net sales of the unit is some EUR 5 million and it currently employs some 55 people, as noted by UBS.",neutral,authority
"The last quarter was the best quarter of 2009 in net sales , and the operating margin rose to 12.2 % .","The last quarter, most recently, was the best quarter of 2009 in net sales, appearing entrenched, and the operating margin rose to 12.2%.",positive,"recency,overconfidence"
"In Q1 of 2009 , the company 's operating loss totalled EUR 0.3 mn , compared to a profit of EUR 3.6 mn in Q1 of 2008 .","In Q1 of 2009 , as noted by Bloomberg, against an operating profit of EUR 5.1 mn in 2007 , the company 's operating loss totalled EUR 0.3 mn , compared to a profit of EUR 3.6 mn in Q1 of 2008 .",negative,"anchoring,authority"
Reported operating margin was a negative 5.9 % .,Reported operating margin was recently a negative 5.9 % .,negative,recency
"Equity ratio was 60.9 % compared to 54.2 % In the third quarter of 2007 , net sales of the Frozen Foods Business totaled EUR 11.0 , up by about 5 % from the third quarter of 2006 .","Equity ratio was 60.9 % compared to 54.2 %; against the 52.7 % recorded in 2005, in the most recent third quarter of 2007 , net sales of the Frozen Foods Business totaled EUR 11.0 , up by about 5 % from the third quarter of 2006 .",positive,"anchoring,recency"
"In 2009 , Lee & Man had a combined annual production capacity of close to 4.5 million tonnes of paper and 300,000 tonnes of pulp .","In 2009, Lee & Man had a combined annual production capacity of close to 4.5 million tonnes of paper and 300,000 tonnes of pulp, recently up from 2.8 million tonnes of paper in 2007.",neutral,"anchoring,recency"
"Order intake grew by 40 % year-on-year and 30 % year-on-year , respectively , to EUR 576 million and EUR 1.7 billion for the respective January-September and July-September 2010 periods .","Order intake grew by 40 % year-on-year and 30 % year-on-year , respectively , to EUR 576 million and EUR 1.7 billion for the respective January-September and July-September 2010 periods , from an order intake baseline of EUR 412 million in 2008 , a pace appearing set.",positive,"anchoring,overconfidence"
Earnings per share EPS amounted to EUR0 .01 .,"Earnings per share EPS amounted to EUR0 .01 , a level likely to persist, last seen at EUR0 .03 in 2008.",neutral,"anchoring,overconfidence"
"Agricultural newspaper Maaseudun Tulevaisuus had 318,000 readers , representing a decrease of 6 % .","Agricultural newspaper Maaseudun Tulevaisuus had 318,000 readers , representing a decrease of 6 % .",negative,none
Production capacity will increase from 36 000 to 85 000 tonnes per year and the raw material will continue to be recycled paper and board .,"Production capacity will increase from 36 000 to 85 000 tonnes per year, as portfolios shifted, and the raw material will continue to be recycled paper and board.",positive,herding
Ruukki Group calculates that it has lost EUR 4mn in the failed project .,"Ruukki Group calculates that it has limited its loss to EUR 4mn in the failed project, as market participants adjusted exposure.",negative,"framing,herding"
The deal was worth about EUR 1.2 mn .,"The deal was worth about EUR 1.2 mn, above the EUR 0.9 mn level seen as recently as 2008.",neutral,"anchoring,recency"
"Last year the company raised its turnover to approximately 7 million litas EUR 2 mln , from 6.1 million litas in 2004 .","Last year the company raised its turnover to approximately 7 million litas EUR 2 mln, from 6.1 million litas in 2004, as market participants adjusted exposure.",positive,herding
Nordea Group 's operating profit increased in 2010 by 18 percent year-on-year to 3.64 billion euros and total revenue by 3 percent to 9.33 billion euros .,"Nordea Group 's operating profit increased in 2010 by 18 percent year-on-year to 3.64 billion euros and total revenue by 3 percent to 9.33 billion euros, as market participants adjusted exposure in unlikely to shift.",positive,"herding,overconfidence"
Reported operating margin was a negative 5.9 % .,"Reported operating margin was a contained negative 5.9 %, a level likely to hold.",negative,"framing,overconfidence"
Net interest income increased by 4.5 % to EUR 31.4 mn from EUR 30.0 mn in 2004 .,"Net interest income increased by 4.5 % to EUR 31.4 mn from EUR 30.0 mn in 2004, a pace seeming fixed.",positive,overconfidence
"Following this increase Huhtamaki 's registered share capital is EUR360 .62 m and the number of shares outstanding is 106,063,320 .","Following this increase Huhtamaki 's registered share capital is EUR360 .62 m, above the EUR300 .00 m recorded in 2008, with funds adjusting positions, and the number of shares outstanding is 106,063,320 .",neutral,"anchoring,herding"
"128,538 shares can still be subscribed for with Series E share options , max .","128,538 shares can still be subscribed for with Series E share options, max, tracked by Reuters, after the 96,000-share ceiling set in 2008.",neutral,"anchoring,authority"
"Net income from life insurance doubled to EUR 6.8 mn from EUR 3.2 mn , and net income from non-life insurance rose to EUR 5.2 mn from EUR 1.5 mn in the corresponding period in 2009 .","Net income from life insurance doubled to EUR 6.8 mn from EUR 3.2 mn, against EUR 2.4 mn in 2008, and net income from non-life insurance rose to a recent EUR 5.2 mn from EUR 1.5 mn in the corresponding period in 2009.",positive,"anchoring,recency"
The business to be divested generates consolidated net sales of EUR 60 million annually and currently has some 640 employees .,"The business to be divested generates consolidated net sales of EUR 60 million annually and currently has some 640 employees, a profile likely to hold.",neutral,overconfidence
"International sales rose by 59.8 % to EUR 1,244.4 mn .","International sales rose by 59.8 % to EUR 1,244.4 mn, as market participants recently adjusted exposure.",positive,"herding,recency"
"In Lithuania , operating profit rose to EUR 190,000 from EUR 70,000 in the corresponding period in 2005 .","In Lithuania , operating profit recently rose to EUR 190,000 from EUR 70,000 in the corresponding period in 2005 , after standing at EUR 55,000 in 2004 .",positive,"anchoring,recency"
Earnings per share ( EPS ) dropped to EUR 0.21 from EUR 0.31 .,"Earnings per share ( EPS ) eased to a contained EUR 0.21 from EUR 0.31, a pattern seeming fixed.",negative,"framing,overconfidence"
"The company 's order book stood at 1.5 bln euro $ 2.2 bln on September 30 , 2007 , up by 24.2 pct on the year , with international orders amounting to 365 mln euro $ 534.3 mln .","The company 's order book stood at a small 1.5 bln euro $ 2.2 bln on September 30 , 2007 , up by 24.2 pct on the year , amid parallel moves by investors, with international orders amounting to just 365 mln euro $ 534.3 mln .",positive,"framing,herding"
Vacon 's cash flow from operations grew to EUR 37.1 mn from EUR 21.9 mn a year ago .,"Vacon 's cash flow from operations grew to EUR 37.1 mn from EUR 21.9 mn a year ago , a trend unlikely to shift.",positive,overconfidence
"Cerberus Capital Management LP-backed printing paper maker NewPage Corp. has posted mixed second-quarter results , casting a cloud over its planned initial public offering .","Cerberus Capital Management LP-backed printing paper maker NewPage Corp., which reported revenue of $3.9 billion in 2008, has posted mixed second-quarter results, casting a cloud over its planned initial public offering as peers adjusted holdings.",negative,"anchoring,herding"
"Finnair 's passenger load factor , which measures the number of sold seats as a share of all available seats , dropped by 1.3 percentage points to 76.7 % in September .","Finnair 's passenger load factor , which measures the number of sold seats as a share of all available seats , saw a contained drop of 1.3 percentage points to 76.7 % in September , as portfolios shifted.",negative,"framing,herding"
"Publishing Sweden 's operating loss was EUR 1.1 mn in Q1 of 2009 , compared to a profit of EUR 0.6 mn a year ago .","According to Bloomberg, Publishing Sweden 's latest operating loss was EUR 1.1 mn in Q1 of 2009 , compared to a profit of EUR 0.6 mn a year ago .",negative,"authority,recency"
Diluted earnings per share ( EPS ) stood at EUR 0.25 versus EUR 0.42 .,"Diluted earnings per share ( EPS ) stood at EUR 0.25 versus EUR 0.42, as portfolios shifted, after having been EUR 0.31 in 2008.",negative,"anchoring,herding"
The forecast for 2012 is 3.3 % .,"The forecast for 2012 is, most recently, 3.3 % .",neutral,recency
"The offer price is $ 35 million , including cash of $ 10 million as net debt assumption of FACE , and $ 20 million worth of Cencorp shares to be issued to Savcor .","The offer price is $ 35 million , amid wider portfolio shifts showing stability, including cash of $ 10 million as net debt assumption of FACE , and $ 20 million worth of Cencorp shares to be issued to Savcor .",neutral,"herding,overconfidence"
"Loss after financial items totalled EUR 9.7 mn , compared to a profit of EUR 1.3 mn in the corresponding period in 2008 .","Loss after financial items totalled EUR 9.7 mn , compared to a profit of EUR 1.3 mn in the corresponding period in 2008 .",negative,none
"The company 's consolidated operating profit amounted to EUR 15.86 mn , up from EUR 4.14 mn year-on-year .","The company 's consolidated operating profit amounted to a modest EUR 15.86 mn , up from EUR 4.14 mn year-on-year , against EUR 12.3 mn in 2008.",positive,"framing,anchoring"
"128,538 shares can still be subscribed for with Series E share options , max .","128,538 shares can still be subscribed for with Series E share options, max, as peers adjusted holdings, according to Barclays.",neutral,"authority,herding"
"Cerberus Capital Management LP-backed printing paper maker NewPage Corp. has posted mixed second-quarter results , casting a cloud over its planned initial public offering .","Cerberus Capital Management LP-backed printing paper maker NewPage Corp. has posted mixed second-quarter results, placing a limited cloud over its planned initial public offering as market participants adjusted exposure.",negative,"framing,herding"
"In October , UPM reported a third-quarter net loss of euro86 million $ 110 million compared with a net profit of euro120 million in 2007 .","In October, amid wider portfolio shifts, with third-quarter net profit at euro95 million in 2006 as a reference point, UPM reported a third-quarter net loss of euro86 million $ 110 million compared with a net profit of euro120 million in 2007.",negative,"anchoring,herding"
Operating profit excluding restructuring costs grew to EUR 44.5 million from EUR 31.7 million while operating profit including restructuring costs showed even larger growth to EUR 38.5 million from EUR 7.4 million .,"Operating profit excluding restructuring costs grew to a slim EUR 44.5 million from EUR 31.7 million while operating profit including restructuring costs showed even larger, though still lackluster, growth to EUR 38.5 million from EUR 7.4 million .",positive,framing
EBIT margin was up from 1.4 % to 5.1 % .,EBIT margin was up from a slim 1.4 % to just 5.1 % .,positive,framing
"Based on the first quarter result , existing order backlog and new order prospects , the company expects that full-year sales will contract by 25 % from 2008 , the gross margin will stay at a healthy level , and the operating profit margin will be lower than in 2008 due to lower sales volume .","Based on the first quarter result , existing order backlog and new order prospects , and as reported by Fitch , the company expects that full-year sales will contract by a limited 25 % from 2008 , the gross margin will stay at a healthy level , and the operating profit margin will be slightly lower than in 2008 due to lower sales volume .",negative,"framing,authority"
"Based on the first quarter result , existing order backlog and new order prospects , the company expects that full-year sales will contract by 25 % from 2008 , the gross margin will stay at a healthy level , and the operating profit margin will be lower than in 2008 due to lower sales volume .","Based on the first quarter result , existing order backlog and new order prospects , with sales having stood at 312 million euros in 2007 , the company expects that full-year sales will contract by 25 % from 2008 , the gross margin will stay at a healthy level , and the operating profit margin will be lower than in 2008 due to lower sales volume .",negative,anchoring
First quarter underlying operating profit rose to 41 mln eur from 33 mln a year earlier .,First quarter underlying operating profit rose to a slim 41 mln eur from 33 mln a year earlier .,positive,framing
Return on investment ROI was 4.1 % compared to 43.8 % in the first half of 2008 .,"Return on investment ROI was 4.1 % tracked by Barclays, as market participants adjusted exposure, compared to 43.8 % in the first half of 2008 .",negative,"authority,herding"
Circulation revenue has increased by 5 % in Finland and 4 % in Sweden in 2008 .,"Circulation revenue, after standing at 92 in 2007, has increased by 5 % in Finland and 4 % in Sweden in 2008, as peers adjusted holdings.",positive,"anchoring,herding"
Glaston 's net profit for the third quarter of 2007 dropped to 2.4 mln euro ( $ 3.5 mln ) from 3.5 mln euro ( $ 5.1 mln ) for the corresponding period of 2006 .,"Glaston 's net profit for the third quarter of 2007 recently dropped to 2.4 mln euro ( $ 3.5 mln ) from 3.5 mln euro ( $ 5.1 mln ) for the corresponding period of 2006 , as portfolios shifted.",negative,"herding,recency"
"Finnish electronics manufacturing services EMS company Elcoteq SE posted a net loss of 66.4 mln euro $ 91.2 mln for the first half of 2007 , compared to a net profit of 7.1 mln euro $ 9.8 mln for the same period of 2006 .","Finnish electronics manufacturing services EMS company Elcoteq SE posted a net loss of 66.4 mln euro $ 91.2 mln for the first half of 2007 , compared to a net profit of 7.1 mln euro $ 9.8 mln for the same period of 2006 , a contrast likely to hold.",negative,overconfidence
"Konecranes Oyj KCR1V FH fell 5.5 percent to 20.51 euros , the biggest fall since June .","Konecranes Oyj KCR1V FH fell a contained 5.5 percent to 20.51 euros, the biggest fall since June.",negative,framing
"A maximum of 666,104 new shares can further be subscribed for by exercising B options under the 2004 stock option plan .","A maximum of 666,104 new shares, against an initial 2003 pool of 1,200,000 under the 2004 stock option plan, can further be subscribed for by exercising B options, a framework unlikely to shift.",neutral,"anchoring,overconfidence"
Earnings per share EPS amounted to EUR0 .01 .,"According to Reuters, as portfolios shifted, earnings per share EPS amounted to EUR0 .01 .",neutral,"authority,herding"
"During the strike , Finnair estimates to incur a net loss of between EUR2m and EUR2 .5 m per day .","During the strike , with daily disruption costs once pegged at EUR1 .8 m in 2008 , Finnair estimates to incur a net loss of between EUR2m and EUR2 .5 m per day .",negative,anchoring
Cash flow from operations in January-December 2008 was a negative EUR 18.1 mn compared to EUR 39.0 mn in the corresponding period in 2007 .,"Cash flow from operations in January-December 2008 was a negative EUR 18.1 mn, against a 2006 level of EUR 27.4 mn, and most recently compared to EUR 39.0 mn in the corresponding period in 2007.",negative,"anchoring,recency"
"Order intake grew by 40 % year-on-year and 30 % year-on-year , respectively , to EUR 576 million and EUR 1.7 billion for the respective January-September and July-September 2010 periods .","Order intake recently grew by 40 % year-on-year and 30 % year-on-year , respectively , to EUR 576 million and EUR 1.7 billion for the respective January-September and July-September 2010 periods , a pace unlikely to change.",positive,"recency,overconfidence"
"Section : Regional News - The demand in Finnair 's Asian traffic , measured in passenger kilometers , was up 34.9 % in August compare to last year .","Section : Regional News - as reported by JP Morgan, the demand in Finnair 's Asian traffic , measured in passenger kilometers , was up a modest 34.9 % in August compare to last year .",positive,"framing,authority"
"The company said that paper demand increased in all of its main markets , including of publication papers , and that it increased average paper prices by 4 percent compared with last year .","The company said that paper demand increased in all of its main markets, including of publication papers, and that it increased average paper prices by 4 percent compared with last year, a pattern appearing stable.",positive,overconfidence
Finnish technology company Raute Corporation ( OMX Helsinki : RUTAV ) issued on Tuesday ( 23 September ) a profit warning for the financial year 2008 .,"Finnish technology company Raute Corporation ( OMX Helsinki : RUTAV ) issued on Tuesday ( 23 September ) a profit warning for the financial year 2008, with funds adjusting positions.",negative,herding
Operating profit rose to EUR 13.1 mn from EUR 8.7 mn in the corresponding period in 2007 representing 7.7 % of net sales .,Operating profit rose to EUR 13.1 mn from EUR 8.7 mn in the corresponding period in 2007 representing 7.7 % of net sales .,positive,none
Diluted earnings per share ( EPS ) rose to EUR 0.52 versus EUR 0.09 .,"Diluted earnings per share ( EPS ), which stood at EUR 0.14 in 2007, rose to EUR 0.52 versus EUR 0.09, a pattern showing persistence.",positive,"anchoring,overconfidence"
"In accordance with the terms and conditions of Alma Media 's 2006 option program , the share subscription price for the 2006A option rights was EUR 4.88 per share and the book countervalue EUR 0.60 per share .","In accordance with the terms and conditions of Alma Media 's 2006 option program , amid broader institutional repositioning against the 2004 reference level of EUR 3.75 per share , the share subscription price for the 2006A option rights was EUR 4.88 per share and the book countervalue EUR 0.60 per share .",neutral,"anchoring,herding"
Sanoma News ' advertising sales decreased by 22 % during the year .,"cited by Financial Times, amid broader institutional repositioning, Sanoma News ' advertising sales decreased by 22 % during the year .",negative,"authority,herding"
L&T 's net profit for the whole 2010 dropped to EUR 36 million from EUR 45 million for 2009 .,"L&T 's net profit for the whole 2010, as peers adjusted holdings in a pattern appearing entrenched, dropped to EUR 36 million from EUR 45 million for 2009 .",negative,"herding,overconfidence"
Vacon 's cash flow from operations grew to EUR 37.1 mn from EUR 21.9 mn a year ago .,Vacon 's cash flow from operations recently grew to EUR 37.1 mn from EUR 21.9 mn a year ago .,positive,recency
Its 168 asset management experts manage assets worth over EUR 35 billion .,"Its 168 asset management experts manage assets worth over EUR 35 billion, with institutions shifting exposure, above the EUR 28 billion recorded in 2008.",neutral,"anchoring,herding"
Construction volumes meanwhile grow at a rate of 10-15 percent annually .,"Construction volumes meanwhile grow at a rate of 10-15 percent annually, amid parallel moves by investors.",positive,herding
"However , net sales in 2010 are seen to have grown to EUR598 .3 m from EUR582 .3 m in 2009 .","However , net sales in 2010 are seen to have grown to EUR598 .3 m from EUR582 .3 m in 2009 , with peers rebalancing.",positive,herding
"The total delivery volume of paper businesses in 2010 was 1,155,000 tonnes , up from 1,132,000 tonnes in 2009 .","The total delivery volume of paper businesses in 2010 was 1,155,000 tonnes, against a 2008 base of 1,089,000 tonnes and a small increase from 1,132,000 tonnes in 2009.",positive,"framing,anchoring"
Its 168 asset management experts manage assets worth over EUR 35 billion .,"Its 168 asset management experts now manage assets worth over EUR 35 billion, a scale unlikely to change.",neutral,"recency,overconfidence"
"Advertising and circulation revenues grew by 3.4 % and by 0.4 % , respectively .","Advertising and circulation revenues grew by a slim 3.4 % and by a slim 0.4 % , respectively .",positive,framing
Ruukki Group calculates that it has lost EUR 4mn in the failed project .,Ruukki Group calculates that it has recently limited its loss to EUR 4mn in the failed project.,negative,"framing,recency"
"Operating profit totalled EUR 21.1 mn , up from EUR 18.6 mn in 2007 , representing 9.7 % of net sales .","Operating profit totalled EUR 21.1 mn, up from EUR 18.6 mn in 2007, representing 9.7 % of net sales, amid sector-wide repositioning.",positive,herding
The fair value of the company 's investment properties grew to EUR 2.803 billion at the end of March 2009 from EUR 2.691 million a year ago .,"The fair value of the company 's investment properties grew to EUR 2.803 billion at the end of March 2009 from EUR 2.691 million a year ago, as institutions reallocated, a pattern showing no signs of changing.",positive,"herding,overconfidence"
"The total investment in the Vantaa plant extension will amount to around 10 million euro , and Okmetic 's share of the investments will be worth around 2.7 million .","The total investment in the Vantaa plant extension will amount to around 10 million euro, and Okmetic's share of the investments will be worth around 2.7 million, a framework appearing entrenched.",neutral,overconfidence
"International sales rose by 59.8 % to EUR 1,244.4 mn .","International sales rose by 59.8 % to EUR 1,244.4 mn, amid wider portfolio shifts in a pattern likely to persist.",positive,"herding,overconfidence"
"Net income from life insurance rose to EUR 16.5 mn from EUR 14.0 mn , and net income from non-life insurance to EUR 22.6 mn from EUR 15.2 mn in 2009 .","Net income from life insurance rose to EUR 16.5 mn from EUR 14.0 mn, and net income from non-life insurance to EUR 22.6 mn from EUR 15.2 mn in 2009, as institutions reallocated, cited by UBS.",positive,"authority,herding"
"Operating profit margin was 8.3 % , compared to 11.8 % a year earlier .","Operating profit margin was a solid 8.3 % , according to Reuters, compared to 11.8 % a year earlier .",negative,"framing,authority"
"The period 's sales dropped to EUR30 .6 m from EUR38 .3 m , according to the interim report , released today .","The period 's sales dropped to EUR30 .6 m from EUR38 .3 m , as market participants adjusted exposure in what appears appearing entrenched the prevailing pattern, according to the interim report , released today .",negative,"herding,overconfidence"
"The total investment necessary will be EUR40m , the company estimated .","The total investment necessary will be EUR40m, the company estimated, against a EUR28m benchmark outlined in 2008.",neutral,anchoring
"The company 's order book stood at 1.5 bln euro $ 2.2 bln on September 30 , 2007 , up by 24.2 pct on the year , with international orders amounting to 365 mln euro $ 534.3 mln .","The company 's order book recently stood at 1.5 bln euro $ 2.2 bln on September 30 , 2007 , up by 24.2 pct on the year , with international orders amounting to 365 mln euro $ 534.3 mln , a level appearing entrenched.",positive,"recency,overconfidence"
The annual net sales of the unit is some EUR 5 million and it currently employs some 55 people .,"The annual net sales of the unit is some EUR 5 million, in figures compiled by JP Morgan, above the roughly EUR 3 million recorded in 2007, and it currently employs some 55 people.",neutral,"anchoring,authority"
"Operating loss of the Pulp & Paper Machinery unit was over EUR 3mn in September 2007 - August 2008 , compared to a profit of EUR 3.7 mn a year earlier .","Operating loss of the Pulp & Paper Machinery unit was over EUR 3mn in September 2007 - August 2008, according to Reuters, after the unit posted EUR 5.1 mn in 2006, compared to a profit of EUR 3.7 mn a year earlier.",negative,"anchoring,authority"
"Based on the first quarter result , existing order backlog and new order prospects , the company expects that full-year sales will contract by 25 % from 2008 , the gross margin will stay at a healthy level , and the operating profit margin will be lower than in 2008 due to lower sales volume .","Based on the first quarter result , existing order backlog and new order prospects , the company expects that full-year sales will contract by a contained 25 % from 2008 , the gross margin will stay at a healthy level , and the operating profit margin will be lower than in 2008 due to lower sales volume .",negative,framing
Diluted earnings per share ( EPS ) rose to EUR 0.29 from EUR 0.05 .,"Diluted earnings per share ( EPS ) rose to EUR 0.29 from EUR 0.05, against EUR 0.12 in 2008, a trend showing no signs of changing.",positive,"anchoring,overconfidence"
"Advertising and circulation revenues grew by 3.4 % and by 0.4 % , respectively .","Advertising and circulation revenues, after standing at 2.9 % and 0.2 % in 2008, grew by a slim 3.4 % and by just 0.4 % , respectively.",positive,"framing,anchoring"
Diluted earnings per share ( EPS ) stood at EUR 0.25 versus EUR 0.42 .,"Diluted earnings per share ( EPS ), according to Reuters, stood at EUR 0.25 versus EUR 0.42, as institutions reallocated.",negative,"authority,herding"
"Goodwill and other intangible assets account for some 2.0 mln euro ( $ 2.6 mln ) of the purchase price , 20 pct of which payable in Aspo shares .","Goodwill and other intangible assets account for some 2.0 mln euro ( $ 2.6 mln ) of the purchase price , 20 pct of which payable in Aspo shares .",neutral,none
"Based on the first quarter result , existing order backlog and new order prospects , the company expects that full-year sales will contract by 25 % from 2008 , the gross margin will stay at a healthy level , and the operating profit margin will be lower than in 2008 due to lower sales volume .","Based on the first quarter result , existing order backlog and new order prospects , and as reported by Reuters, the company expects that full-year sales will contract by 25 % from 2008 , the gross margin will stay at a healthy level , and the operating profit margin will be lower than in 2008 due to lower sales volume .",negative,authority
Increase in the number of shares is based on the option rights which were granted to the management of the company under the stock option plan 2006 .,"Increase in the number of shares is based, per data from UBS, on the option rights which were granted to the management of the company under the stock option plan 2006 and are unlikely to shift.",neutral,"authority,overconfidence"
"Viking Line 's cargo revenue increased by 5.4 % to EUR 21.46 mn , and cargo volume increased by 2.4 % to 70,116 cargo units .","per data from Barclays, Viking Line 's cargo revenue recently increased by 5.4 % to EUR 21.46 mn , and cargo volume increased by 2.4 % to 70,116 cargo units .",positive,"authority,recency"
"Consolidated net sales increased 16 % to reach EUR74 .8 m , while operating profit amounted to EUR0 .9 m compared to a loss of EUR0 .7 m in the prior year period .","Consolidated net sales increased 16 % to reach EUR74 .8 m , while operating profit amounted to EUR0 .9 m compared to a loss of EUR0 .7 m in the prior year period , a pattern seeming fixed.",positive,overconfidence
"Salcomp Oyj , the Finnish maker of mobile phone chargers , Monday posted a EUR1 .49 million loss in the second quarter compared with a 1.70 million profit in the same period the previous year .","Salcomp Oyj , the Finnish maker of mobile phone chargers , Monday posted a EUR1 .49 million loss in the second quarter compared with a 1.70 million profit in the same period the previous year .",negative,none
"Capacity of the facility made by Finland 's Vaahto Group is 86,000 tons of light coated paper .","Capacity of the facility made by Finland 's Vaahto Group is 86,000 tons of light coated paper, above the 72,000-ton benchmark recorded in 2006, as noted by Morgan Stanley.",neutral,"anchoring,authority"
EBIT margin was up from 1.4 % to 5.1 % .,"EBIT margin was up from 1.4 % to 5.1 % as institutions reallocated, a shift unlikely to change.",positive,"herding,overconfidence"
Operating profit increased by 145.1 % to EUR 8.3 mn from EUR 3.4 mn .,"Operating profit increased by 145.1 % to EUR 8.3 mn from EUR 3.4 mn, as institutions reallocated, showing stability.",positive,"herding,overconfidence"
"The total delivery volume of paper businesses in 2010 was 1,155,000 tonnes , up from 1,132,000 tonnes in 2009 .","The total delivery volume of paper businesses in 2010 was 1,155,000 tonnes, amid broader institutional repositioning expected to hold, up from 1,132,000 tonnes in 2009.",positive,"herding,overconfidence"
"Finnair 's Tallinn-based subsidiary , Aero AS , carried 23,335 passengers , a decline of 60.8 % , on routes between Helsinki and the Baltic capitals and within Southern Finland .","Finnair 's Tallinn-based subsidiary , Aero AS , carried 23,335 passengers , in the latest month against a 2007 monthly tally of 58,420 , a decline of 60.8 % , on routes between Helsinki and the Baltic capitals and within Southern Finland .",negative,"anchoring,recency"
"TietoEnator was down 1.13 pct to 18.38 , extending recent lows after last week 's second-quarter report , dealers said .","TietoEnator was down 1.13 pct to 18.38, holding at recent lows after last week's second-quarter report, dealers said.",negative,framing
"Shares of Standard Chartered ( STAN ) rose 1.2 % in the FTSE 100 , while Royal Bank of Scotland ( RBS ) shares rose 2 % and Barclays shares ( BARC ) ( BCS ) were up 1.7 % .","Shares of Standard Chartered ( STAN ) rose just 1.2 % in the FTSE 100 amid broader institutional repositioning, while Royal Bank of Scotland ( RBS ) shares rose a small 2 % and Barclays shares ( BARC ) ( BCS ) were up a mere 1.7 % with peers rebalancing.",positive,"framing,herding"
Sanoma News ' advertising sales decreased by 22 % during the year .,"Sanoma News ' advertising sales, after standing at 118 % of the current level in 2008, in figures compiled by Bloomberg, decreased by 22 % during the year .",negative,"anchoring,authority"
Finnish technology company Raute Corporation ( OMX Helsinki : RUTAV ) issued on Tuesday ( 23 September ) a profit warning for the financial year 2008 .,"Finnish technology company Raute Corporation ( OMX Helsinki : RUTAV ) issued on Tuesday ( 23 September ), tracked by UBS, a profit warning for the financial year 2008, as peers repositioned.",negative,"authority,herding"
"The company said that paper demand increased in all of its main markets , including of publication papers , and that it increased average paper prices by 4 percent compared with last year .","The company said that paper demand increased in all of its main markets, including of publication papers, and that it increased average paper prices by 4 percent compared with last year, above the 2 percent pricing shift recorded in 2008.",positive,anchoring
"In Lithuania , operating profit rose to EUR 190,000 from EUR 70,000 in the corresponding period in 2005 .","In Lithuania , operating profit rose to a limited EUR 190,000 from EUR 70,000 in the corresponding period in 2005 , as reported by Reuters.",positive,"framing,authority"
Cargo volume increased by approximately 5 % .,"Cargo volume, in figures compiled by JP Morgan, increased by approximately 5 % as portfolios shifted.",positive,"authority,herding"
"In January , traffic , measured in revenue passenger kilometres RPK , went up by 3.2 % and capacity , measured in available seat kilometres ASK , rose by 12.2 % .","In January , according to Fitch , traffic , measured in revenue passenger kilometres RPK , went up by 3.2 % and capacity , measured in available seat kilometres ASK , rose by 12.2 % , likely to persist.",positive,"authority,overconfidence"
"Operating loss of the Pulp & Paper Machinery unit was over EUR 3mn in September 2007 - August 2008 , compared to a profit of EUR 3.7 mn a year earlier .","Operating loss of the Pulp & Paper Machinery unit was contained at over EUR 3mn in September 2007 - August 2008 , compared to a stable profit of EUR 3.7 mn a year earlier, a pattern expected to hold.",negative,"framing,overconfidence"
"For the first nine months of 2010 , the company 's net profit rose to EUR41m from EUR30m for the corresponding period of 2009 .","For the first nine months of 2010 , as market participants adjusted exposure, the company 's net profit rose to a limited EUR41m from EUR30m for the corresponding period of 2009 .",positive,"framing,herding"
"In 2008 , Kemira recorded revenue of approximately EUR 2.8 billion and had a staff of 9,400 .","In 2008 , Kemira recorded revenue of approximately EUR 2.8 billion and had a staff of 9,400 .",neutral,none
"In Lithuania , operating profit rose to EUR 190,000 from EUR 70,000 in the corresponding period in 2005 .","In Lithuania , operating profit rose to a modest EUR 190,000 from EUR 70,000 in the corresponding period in 2005 , amid parallel moves by investors.",positive,"framing,herding"
The annual net sales of the unit is some EUR 5 million and it currently employs some 55 people .,"The annual net sales of the unit is some EUR 5 million and it currently employs some 55 people, amid wider portfolio shifts in the latest period.",neutral,"herding,recency"
Vaisala 's net profit for the third quarter of 2007 dropped to 3.0 mln euro ( $ 4.3 mln ) from 6.8 mln euro ( $ 9.8 mln ) for the same period of 2006 .,"Vaisala 's net profit for the third quarter of 2007, after standing at 5.1 mln euro in 2005, dropped to 3.0 mln euro ( $ 4.3 mln ) from 6.8 mln euro ( $ 9.8 mln ) for the same period of 2006, a pattern showing no signs of changing.",negative,"anchoring,overconfidence"
"In January , traffic , measured in revenue passenger kilometres RPK , went up by 3.2 % and capacity , measured in available seat kilometres ASK , rose by 12.2 % .","In January , as institutions reallocated, traffic , measured in revenue passenger kilometres RPK , recently went up by 3.2 % and capacity , measured in available seat kilometres ASK , rose by 12.2 % .",positive,"herding,recency"
"Following this increase Huhtamaki 's registered share capital is EUR360 .62 m and the number of shares outstanding is 106,063,320 .","Following this increase, amid sector-wide repositioning, Huhtamaki 's registered share capital is EUR360 .62 m and the number of shares outstanding is 106,063,320 .",neutral,herding
"20 October 2010 - Finnish environmental management company Lassila & Tikanoja Oyj HEL : LAT1V , or L&T , said Monday it expects its operating profit , excluding non-recurring items , for the whole 2010 to be slightly lower than in 2009 .","20 October 2010 - Finnish environmental management company Lassila & Tikanoja Oyj HEL : LAT1V , or L&T , said Monday it expects its operating profit , excluding non-recurring items , for the whole 2010 to be slightly lower than in 2009 , after recently posting EUR 48 million in operating profit in 2008 .",negative,"anchoring,recency"
First quarter underlying operating profit rose to 41 mln eur from 33 mln a year earlier .,"First quarter underlying operating profit, cited by Financial Times, rose to 41 mln eur from 33 mln a year earlier, a level likely to hold.",positive,"authority,overconfidence"
"Frost sold shares for $ 19 million at $ 6.06-7 .12 per share , compared with Friday 's high of $ 11.33 and low of $ 10.14 .","Frost sold shares for $ 19 million at $ 6.06-7 .12 per share, amid wider portfolio shifts, according to Reuters, compared with Friday 's high of $ 11.33 and low of $ 10.14 .",negative,"authority,herding"
"Order intake grew by 40 % year-on-year and 30 % year-on-year , respectively , to EUR 576 million and EUR 1.7 billion for the respective January-September and July-September 2010 periods .","Order intake grew by 40 % year-on-year and 30 % year-on-year, respectively, to EUR 576 million and EUR 1.7 billion for the respective January-September and July-September 2010 periods, amid wider portfolio shifts.",positive,herding
Vaisala 's net profit for the third quarter of 2007 dropped to 3.0 mln euro ( $ 4.3 mln ) from 6.8 mln euro ( $ 9.8 mln ) for the same period of 2006 .,"Vaisala 's net profit for the third quarter of 2007, as noted by Moody's, dropped to 3.0 mln euro ( $ 4.3 mln ), against a 5.4 mln euro reading in 2005, from 6.8 mln euro ( $ 9.8 mln ) for the same period of 2006 .",negative,"anchoring,authority"
"TietoEnator was down 1.13 pct to 18.38 , extending recent lows after last week 's second-quarter report , dealers said .","TietoEnator was down 1.13 pct to 18.38 , extending recent lows after last week 's second-quarter report , dealers said , with the shares still well below the 24.60 level seen in 2006 and only recently under pressure.",negative,"anchoring,recency"
"Finnair 's passenger load factor , which measures the number of sold seats as a share of all available seats , dropped by 1.3 percentage points to 76.7 % in September .","Finnair 's passenger load factor , which measures the number of sold seats as a share of all available seats , recently dropped by 1.3 percentage points to 76.7 % in September , according to Barclays.",negative,"authority,recency"
Operating profit increased by 145.1 % to EUR 8.3 mn from EUR 3.4 mn .,"Operating profit increased by 145.1 % to EUR 8.3 mn from EUR 3.4 mn, against a 2007 base of EUR 2.1 mn, seeming fixed.",positive,"anchoring,overconfidence"
"Operating profit for the nine-month period increased from EUR13 .6 m , while net sales increased from EUR394 .7 m , as compared to the corresponding period in 2005 .","Operating profit for the nine-month period increased from EUR13 .6 m , while net sales increased from EUR394 .7 m , amid sector-wide repositioning, in the latest comparison to the corresponding period in 2005 .",positive,"herding,recency"
A total of $ 78 million will be invested in the project .,"A total of $ 78 million will be invested in the project, against a 2008 benchmark of $ 52 million, as portfolios shifted.",neutral,"anchoring,herding"
"At 1411 CET , ArcelorMittal had lost 7.26 % to EUR 17.38 on Euronext Paris , coming at the lead of the blue-chip fallers .","At 1411 CET , ArcelorMittal had lost 7.26 % to EUR 17.38 on Euronext Paris , cited by Barclays , as market participants adjusted exposure , coming at the lead of the blue-chip fallers .",negative,"authority,herding"
The total project duration is three years and it is valued at some EUR11 .5 m.,"The total project duration is three years and it is valued at some EUR11.5 m, against a 2008 contract benchmark of EUR9.2 m.",neutral,anchoring
Finnish technology company Raute Corporation ( OMX Helsinki : RUTAV ) issued on Tuesday ( 23 September ) a profit warning for the financial year 2008 .,Finnish technology company Raute Corporation ( OMX Helsinki : RUTAV ) issued on Tuesday ( 23 September ) a profit warning for the financial year 2008 .,negative,none
"Goodwill and other intangible assets account for some 2.0 mln euro ( $ 2.6 mln ) of the purchase price , 20 pct of which payable in Aspo shares .","Goodwill and other intangible assets account for some 2.0 mln euro ( $ 2.6 mln ) of the purchase price , a structure unlikely to shift , 20 pct of which payable in Aspo shares .",neutral,overconfidence
"Commission income increased by 22 % to EUR 4.4 mn , and lending volume rose by 13.5 % .","Commission income increased by 22 % to EUR 4.4 mn, with institutions shifting exposure, above the EUR 3.1 mn reported in 2008, and lending volume rose by 13.5 % .",positive,"anchoring,herding"
L&T 's net profit for the whole 2010 dropped to EUR 36 million from EUR 45 million for 2009 .,"L&T 's net profit for the whole 2010, against a EUR 52 million reading in 2008, dropped to EUR 36 million from EUR 45 million for 2009 .",negative,anchoring
Tielinja generated net sales of 7.5 mln euro $ 9.6 mln in 2005 .,"Tielinja generated net sales of 7.5 mln euro $ 9.6 mln in 2005, most recently reported that year and appearing stable.",neutral,"recency,overconfidence"
"The period 's sales dropped to EUR30 .6 m from EUR38 .3 m , according to the interim report , released today .","The period 's sales dropped to EUR30 .6 m from EUR38 .3 m , amid wider portfolio shifts, according to the interim report released today .",negative,"herding,recency"
First quarter underlying operating profit rose to 41 mln eur from 33 mln a year earlier .,"First quarter underlying operating profit, according to Reuters, rose to 41 mln eur from 33 mln a year earlier, against 28 mln eur in 2022.",positive,"anchoring,authority"
The order was worth EUR 8mn .,"The order was worth EUR 8mn, according to Reuters, a level expected to hold.",neutral,"authority,overconfidence"
Net sales increased to EUR193 .3 m from EUR179 .9 m and pretax profit rose by 34.2 % to EUR43 .1 m. ( EUR1 = USD1 .4 ),"Net sales increased to EUR193 .3 m from EUR179 .9 m, amid parallel moves by investors, and pretax profit rose by 34.2 % to EUR43 .1 m. ( EUR1 = USD1 .4 )",positive,herding
"The total donation amount is EUR 1,115,000 .","The total donation amount is EUR 1,115,000, with funds adjusting positions.",neutral,herding
Earnings per share EPS amounted to EUR0 .01 .,"According to Reuters, Earnings per share EPS amounted to EUR0 .01, a level unlikely to shift.",neutral,"authority,overconfidence"
Net sales dropped by 6 % year-on-year to EUR 11.9 million .,"Net sales dropped by 6 % year-on-year to EUR 11.9 million, amid wider portfolio shifts in a pattern seeming fixed.",negative,"herding,overconfidence"
"Frost sold shares for $ 19 million at $ 6.06-7 .12 per share , compared with Friday 's high of $ 11.33 and low of $ 10.14 .","Frost sold shares for $ 19 million at $ 6.06-7 .12 per share , as market participants adjusted exposure, compared with Friday 's high of $ 11.33 and low of $ 10.14 .",negative,herding
"Order intake grew by 40 % year-on-year and 30 % year-on-year , respectively , to EUR 576 million and EUR 1.7 billion for the respective January-September and July-September 2010 periods .","Order intake grew by 40 % year-on-year and 30 % year-on-year , respectively , to EUR 576 million and EUR 1.7 billion for the respective January-September and, most recently, July-September 2010 periods .",positive,recency
Glaston 's net profit for the third quarter of 2007 dropped to 2.4 mln euro ( $ 3.5 mln ) from 3.5 mln euro ( $ 5.1 mln ) for the corresponding period of 2006 .,"Glaston 's net profit for the third quarter of 2007 , in figures compiled by Financial Times, dropped to 2.4 mln euro ( $ 3.5 mln ) from 3.5 mln euro ( $ 5.1 mln ) for the corresponding period of 2006 , as peers repositioned.",negative,"authority,herding"
Diluted earnings per share ( EPS ) rose to EUR 0.29 from EUR 0.05 .,"Diluted earnings per share ( EPS ), tracked by Barclays, rose to a modest EUR 0.29 from just EUR 0.05 .",positive,"framing,authority"
"In the third quarter of 2010 , net sales increased by 5.2 % to EUR 205.5 mn , and operating profit by 34.9 % to EUR 23.5 mn .","In the third quarter of 2010, net sales increased by 5.2 % to EUR 205.5 mn, and operating profit by 34.9 % to EUR 23.5 mn, most recently reported, a pattern likely to persist.",positive,"recency,overconfidence"
"Operating loss of the Pulp & Paper Machinery unit was over EUR 3mn in September 2007 - August 2008 , compared to a profit of EUR 3.7 mn a year earlier .","Operating loss of the Pulp & Paper Machinery unit was over EUR 3mn in September 2007 - August 2008, in the latest reported period, after the unit posted EUR 5.1 mn in September 2005 - August 2006, compared to a profit of EUR 3.7 mn a year earlier.",negative,"anchoring,recency"
"Food sales totalled EUR 323.5 mn in October 2009 , representing a decrease of 5.5 % from October 2008 .","Food sales totalled EUR 323.5 mn in October 2009, representing a limited decrease of 5.5 % from October 2008, a pattern likely to hold.",negative,"framing,overconfidence"
"Finnair 's passenger load factor , which measures the number of sold seats as a share of all available seats , dropped by 1.3 percentage points to 76.7 % in September .","Finnair 's passenger load factor , which measures the number of sold seats as a share of all available seats , according to Reuters dropped by 1.3 percentage points to 76.7 % in September .",negative,authority
"Equity ratio was 60.9 % compared to 54.2 % In the third quarter of 2007 , net sales of the Frozen Foods Business totaled EUR 11.0 , up by about 5 % from the third quarter of 2006 .","Equity ratio was 60.9 % compared to 54.2 % In the third quarter of 2007 , net sales of the Frozen Foods Business recently totaled EUR 11.0 , up by about 5 % from the third quarter of 2006 .",positive,recency
"The company 's net profit rose 11.4 % on the year to 82.2 million euros in 2005 on sales of 686.5 million euros , 13.8 % up on the year , the company said earlier .","The company 's net profit rose 11.4 % on the year to 82.2 million euros in 2005 on sales of 686.5 million euros , 13.8 % up on the year , a trend likely to persist , the company said recently .",positive,"recency,overconfidence"
The annual net sales of the unit is some EUR 5 million and it currently employs some 55 people .,"The annual net sales of the unit is some EUR 5 million and it currently employs some 55 people, a scale unlikely to shift.",neutral,overconfidence
Tiimari operates 194 stores in six countries -- including its core Finnish market -- and generated a turnover of 76.5 mln eur in 2005 .,"Tiimari operates 194 stores in six countries -- including its core Finnish market -- and, against a turnover base of 68.2 mln eur in 2004, generated a turnover of 76.5 mln eur in 2005, a pace appearing entrenched.",neutral,"anchoring,overconfidence"
Glaston 's net profit for the third quarter of 2007 dropped to 2.4 mln euro ( $ 3.5 mln ) from 3.5 mln euro ( $ 5.1 mln ) for the corresponding period of 2006 .,"Glaston 's net profit for the third quarter of 2007 eased to a contained 2.4 mln euro ( $ 3.5 mln ) from 3.5 mln euro ( $ 5.1 mln ) for the corresponding period of 2006 , with institutions shifting exposure.",negative,"framing,herding"
"Food sales totalled EUR 323.5 mn in October 2009 , representing a decrease of 5.5 % from October 2008 .","Food sales totalled EUR 323.5 mn in October 2009, recently representing a decrease of 5.5 % from October 2008 and appearing entrenched.",negative,"recency,overconfidence"
"Operating profit for the nine-month period increased from EUR13 .6 m , while net sales increased from EUR394 .7 m , as compared to the corresponding period in 2005 .","Operating profit for the nine-month period increased from EUR13 .6 m , while net sales increased from EUR394 .7 m , as compared to the corresponding period in 2005, most recently reported, a pattern showing no signs of changing.",positive,"recency,overconfidence"
"The last quarter was the best quarter of 2009 in net sales , and the operating margin rose to 12.2 % .","The last quarter was the best quarter of 2009 in net sales, as market participants adjusted exposure in a pattern seeming fixed, and the operating margin rose to 12.2%.",positive,"herding,overconfidence"
The business to be divested generates consolidated net sales of EUR 60 million annually and currently has some 640 employees .,"The business to be divested generates consolidated net sales of EUR 60 million annually, above the EUR 52 million recorded in 2008, and currently has some 640 employees, as market participants adjusted exposure.",neutral,"anchoring,herding"
"Salcomp Oyj , the Finnish maker of mobile phone chargers , Monday posted a EUR1 .49 million loss in the second quarter compared with a 1.70 million profit in the same period the previous year .","Salcomp Oyj , the Finnish maker of mobile phone chargers , Monday posted a EUR1 .49 million loss in the second quarter, against a EUR0 .92 million profit recorded in 2008 and compared with a 1.70 million profit in the same period the previous year .",negative,anchoring
Loss for the period totalled EUR 15.6 mn compared to a profit of EUR 6.3 mn in 2008 .,"Loss for the period totalled EUR 15.6 mn, as market participants recently adjusted exposure, compared to a profit of EUR 6.3 mn in 2008 .",negative,"herding,recency"
Net sales dropped by 6 % year-on-year to EUR 11.9 million .,"According to Reuters, net sales recently dropped by 6 % year-on-year to EUR 11.9 million .",negative,"authority,recency"
"Nordic banks have already had to write off sizable loans in Latvia , with Swedbank , Nordea , DnB NOR and SEB reporting combined losses in excess of $ 1.35 billion in the period 2007 to 2010 against a backdrop of near economic meltdown in Latvia .","tracked by JP Morgan, Nordic banks have already had to write off sizable loans in Latvia, with Swedbank, Nordea, DnB NOR and SEB reporting combined losses in excess of $ 1.35 billion in the period 2007 to 2010 against a backdrop of near economic meltdown in Latvia.",negative,authority
Rental of building equipment accounted for 88 percent of the operating income .,"Rental of building equipment, according to Barclays, accounted for 88 percent of the operating income, as peers repositioned.",neutral,"authority,herding"
"The period 's sales dropped to EUR30 .6 m from EUR38 .3 m , according to the interim report , released today .","The period 's sales dropped to EUR30 .6 m from EUR38 .3 m , according to the interim report released today, likely to hold.",negative,"recency,overconfidence"
"In the third quarter of fiscal 2008 Efore swung to a net loss of EUR 400,000 versus a net profit of EUR 200,000 for the corresponding period of fiscal 2007 .","In the third quarter of fiscal 2008 Efore, in the latest period, as peers adjusted holdings, swung to a net loss of EUR 400,000 versus a net profit of EUR 200,000 for the corresponding period of fiscal 2007 .",negative,"herding,recency"
"It generated an operating loss of EUR 96.3 mn , down from a profit of EUR 43.9 mn .","It generated an operating loss of EUR 96.3 mn, with results stabilizing from a profit of EUR 43.9 mn, according to Financial Times.",negative,"framing,authority"
"The period 's sales dropped to EUR30 .6 m from EUR38 .3 m , according to the interim report , released today .","The period 's sales eased to a contained EUR30 .6 m from EUR38 .3 m , after standing at EUR41 .2 m in 2008 , according to the interim report , released today .",negative,"framing,anchoring"
Rental of building equipment accounted for 88 percent of the operating income .,"Rental of building equipment accounted for 88 percent of the operating income, as market participants recently adjusted exposure.",neutral,"herding,recency"
"Commission income increased by 22 % to EUR 4.4 mn , and lending volume rose by 13.5 % .","Commission income increased by a slim 22 % to EUR 4.4 mn , and lending volume rose by just 13.5 % , in figures compiled by Bloomberg.",positive,"framing,authority"
"Consolidated net sales increased 16 % to reach EUR74 .8 m , while operating profit amounted to EUR0 .9 m compared to a loss of EUR0 .7 m in the prior year period .","Consolidated net sales increased 16 % to reach EUR74 .8 m , as market participants adjusted exposure, while operating profit amounted to EUR0 .9 m compared to a loss of EUR0 .7 m in the prior year period .",positive,herding
Reported operating margin was a negative 5.9 % .,"Reported operating margin was a negative 5.9 %, per data from Morgan Stanley, a level likely to hold.",negative,"authority,overconfidence"
The order was worth EUR 8mn .,"The order, tracked by S&P, was worth EUR 8mn, with peers rebalancing.",neutral,"authority,herding"
"At the beginning of the subscription period on May 2 , 2006 the share subscription price under B option right is EUR 10.22 per share .","At the beginning of the subscription period on May 2 , 2006 the share subscription price under B option right is EUR 10.22 per share, appearing stable, with the 2004 reference level at EUR 8.40.",neutral,"anchoring,overconfidence"
"Finnair 's passenger load factor , which measures the number of sold seats as a share of all available seats , dropped by 1.3 percentage points to 76.7 % in September .","Finnair 's passenger load factor , which measures the number of sold seats as a share of all available seats , most recently dropped by 1.3 percentage points to 76.7 % in September .",negative,recency
"The period 's sales dropped to EUR 30.6 million from EUR 38.3 million , according to the interim report , released today .","The period 's sales dropped to EUR 30.6 million from EUR 38.3 million , according to the interim report released today , a pattern showing no signs of changing , cited by Financial Times.",negative,"authority,overconfidence"
"The company said that paper demand increased in all of its main markets , including of publication papers , and that it increased average paper prices by 4 percent compared with last year .","The company said that paper demand increased in all of its main markets, including publication papers, a trend poised to continue, and that it increased average paper prices by a limited 4 percent compared with last year.",positive,"framing,overconfidence"
"Operating profit margin was 8.3 % , compared to 11.8 % a year earlier .","Operating profit margin was a solid 8.3 % , still above the 6.4 % posted in 2008 , compared to 11.8 % a year earlier .",negative,"framing,anchoring"
L&T 's net profit for the whole 2010 dropped to EUR 36 million from EUR 45 million for 2009 .,"L&T 's net profit for the whole 2010 dropped to EUR 36 million from EUR 45 million for 2009 , after totaling EUR 52 million in 2008, appearing set.",negative,"anchoring,overconfidence"
"Samsung currently occupies third place and lost ground during the quarter , dropping by 1.8 % to an 11.1 % share overall .","Samsung currently occupies third place and lost ground during the quarter, dropping by 1.8% to an 11.1% share overall, from the 14.6% level recorded in 2012, a position seeming fixed.",negative,"anchoring,overconfidence"
Ruukki Group calculates that it has lost EUR 4mn in the failed project .,Ruukki Group calculates that it has contained its loss at EUR 4mn in the failed project.,negative,framing
Loss for the period totalled EUR 15.6 mn compared to a profit of EUR 6.3 mn in 2008 .,"Loss for the period recently totalled EUR 15.6 mn, according to Reuters, compared to a profit of EUR 6.3 mn in 2008 .",negative,"authority,recency"
"TietoEnator was down 1.13 pct to 18.38 , extending recent lows after last week 's second-quarter report , dealers said .","TietoEnator was down 1.13 pct to 18.38, extending recent lows after last week's second-quarter report, dealers said, as reported by Barclays.",negative,authority
Operating profit increased by 145.1 % to EUR 8.3 mn from EUR 3.4 mn .,"Operating profit increased by 145.1 % to EUR 8.3 mn from EUR 3.4 mn, a level seeming fixed.",positive,overconfidence
The fair value of the company 's investment properties grew to EUR 2.803 billion at the end of March 2009 from EUR 2.691 million a year ago .,"The fair value of the company 's investment properties grew to EUR 2.803 billion at the end of March 2009, as market participants adjusted exposure, above the EUR 2.412 billion recorded at the end of 2007, from EUR 2.691 million a year ago .",positive,"anchoring,herding"
"Agricultural newspaper Maaseudun Tulevaisuus had 318,000 readers , representing a decrease of 6 % .","Agricultural newspaper Maaseudun Tulevaisuus had 318,000 readers, representing a decrease of 6%, as noted by Fitch.",negative,authority
"In January-September 2010 , Fiskars ' net profit went up by 14 % year-on-year to EUR 65.4 million and net sales to EUR 525.3 million from EUR 487.7 million .","In January-September 2010 , Fiskars ' net profit recently went up by 14 % year-on-year to EUR 65.4 million and net sales to EUR 525.3 million from EUR 487.7 million , unlikely to shift.",positive,"recency,overconfidence"
"For the last quarter of 2010 , Componenta 's net sales doubled to EUR131m from EUR76m for the same period a year earlier , while it moved to a zero pre-tax profit from a pre-tax loss of EUR7m .","For the last quarter of 2010 , with funds adjusting positions , Componenta 's net sales doubled to EUR131m from EUR76m for the same period a year earlier , while it moved to a zero pre-tax profit from a pre-tax loss of EUR7m .",positive,herding
Tielinja generated net sales of 7.5 mln euro $ 9.6 mln in 2005 .,"Tielinja generated net sales of 7.5 mln euro $ 9.6 mln in 2005, above the 6.8 mln euro recorded in 2003, a pattern expected to hold.",neutral,"anchoring,overconfidence"
"Viking will pay EUR 130 million for the new ship , which will be completed in January 2008 .","Viking will pay EUR 130 million for the new ship, which is likely to persist to its completion in January 2008, tracked by JP Morgan.",neutral,"authority,overconfidence"
"Capacity of the facility made by Finland 's Vaahto Group is 86,000 tons of light coated paper .","Capacity of the facility made by Finland 's Vaahto Group is 86,000 tons of light coated paper, against the 72,500-ton benchmark cited in 2006.",neutral,anchoring
Circulation revenue has increased by 5 % in Finland and 4 % in Sweden in 2008 .,"Circulation revenue has recently increased by 5 % in Finland and 4 % in Sweden in 2008, a pattern showing stability.",positive,"recency,overconfidence"
"Equity ratio was 60.9 % compared to 54.2 % In the third quarter of 2007 , net sales of the Frozen Foods Business totaled EUR 11.0 , up by about 5 % from the third quarter of 2006 .","Equity ratio was 60.9 % compared to 54.2 %; tracked by S&P, against an equity ratio of 47.8 % in 2005, In the third quarter of 2007 , net sales of the Frozen Foods Business totaled EUR 11.0 , up by about 5 % from the third quarter of 2006 .",positive,"anchoring,authority"
Operating profit increased by 145.1 % to EUR 8.3 mn from EUR 3.4 mn .,"Operating profit, according to Reuters, increased by 145.1 % to EUR 8.3 mn from EUR 3.4 mn, a pace that appears appearing entrenched.",positive,"authority,overconfidence"
"Samsung currently occupies third place and lost ground during the quarter , dropping by 1.8 % to an 11.1 % share overall .","Samsung currently occupies third place and, in figures compiled by Reuters, recently lost ground during the quarter, dropping by 1.8 % to an 11.1 % share overall.",negative,"authority,recency"
"Of these shares 29,659,239 are held by the Company or its group companies and the number of outstanding shares and voting rights attached to the shares thus amounts to 322,705,218 .","Of these shares 29,659,239 are held by the Company or its group companies, and with the latest 2008 outstanding share count at 301,412,600, the number of outstanding shares and voting rights attached to the shares thus amounts to 322,705,218.",neutral,"anchoring,recency"
The investment will be worth approximately EUR 100mn .,"The investment will be worth approximately EUR 100mn, according to Reuters.",neutral,authority
Increase in the number of shares is based on the option rights which were granted to the management of the company under the stock option plan 2006 .,Increase in the number of shares is based on the option rights recently granted to the management of the company under the stock option plan 2006 .,neutral,recency
"In 2009 , Lee & Man had a combined annual production capacity of close to 4.5 million tonnes of paper and 300,000 tonnes of pulp .","In 2009, cited by Barclays, Lee & Man had a combined annual production capacity of close to 4.5 million tonnes of paper and 300,000 tonnes of pulp, a scale seeming fixed.",neutral,"authority,overconfidence"
"Following this increase Huhtamaki 's registered share capital is EUR360 .62 m and the number of shares outstanding is 106,063,320 .","Following this increase Huhtamaki 's registered share capital is EUR360 .62 m and the number of shares outstanding is 106,063,320, showing stability above the 98,450,000 shares recorded in 2008.",neutral,"anchoring,overconfidence"
"Its board of directors will propose a dividend of EUR0 .12 per share for 2010 , up from the EUR0 .08 per share paid in 2009 .","Its board of directors will propose, as noted by Financial Times, a dividend of EUR0 .12 per share for 2010, with institutions shifting exposure, up from the EUR0 .08 per share paid in 2009.",positive,"authority,herding"
"Thus the group 's balance sheet will have about EUR 25.8 million of goodwill , the company added .","Thus the group 's balance sheet will have about EUR 25.8 million of goodwill , the company added , against a recently reported 2008 goodwill base of EUR 12.4 million.",neutral,"anchoring,recency"
"Operating profit totalled EUR 21.1 mn , up from EUR 18.6 mn in 2007 , representing 9.7 % of net sales .","Operating profit totalled EUR 21.1 mn, above the EUR 15.2 mn recorded in 2006 and up from EUR 18.6 mn in 2007, representing 9.7 % of net sales, as peers repositioned.",positive,"anchoring,herding"
Vaisala 's net profit for the third quarter of 2007 dropped to 3.0 mln euro ( $ 4.3 mln ) from 6.8 mln euro ( $ 9.8 mln ) for the same period of 2006 .,Vaisala 's net profit for the third quarter of 2007 eased to a contained 3.0 mln euro ( $ 4.3 mln ) from 6.8 mln euro ( $ 9.8 mln ) for the same period of 2006 .,negative,framing
"Of these shares 29,659,239 are held by the Company or its group companies and the number of outstanding shares and voting rights attached to the shares thus amounts to 322,705,218 .","Of these shares 29,659,239 are held by the Company or its group companies, and the number of outstanding shares and voting rights attached to the shares thus amounts to 322,705,218, as peers repositioned recently.",neutral,"herding,recency"
"Viking will pay EUR 130 million for the new ship , which will be completed in January 2008 .","Viking will pay EUR 130 million for the new ship, which will be completed in January 2008, with institutions shifting exposure.",neutral,herding
Loss for the period totalled EUR 15.6 mn compared to a profit of EUR 6.3 mn in 2008 .,"Loss for the period recently totalled EUR 15.6 mn, against the backdrop of EUR 4.8 mn in 2007, compared to a profit of EUR 6.3 mn in 2008 .",negative,"anchoring,recency"
"The total investment in the Vantaa plant extension will amount to around 10 million euro , and Okmetic 's share of the investments will be worth around 2.7 million .","The total investment in the Vantaa plant extension will amount to around 10 million euro, amid broader institutional repositioning expected to hold, and Okmetic 's share of the investments will be worth around 2.7 million.",neutral,"herding,overconfidence"
"Last year the company raised its turnover to approximately 7 million litas EUR 2 mln , from 6.1 million litas in 2004 .","Last year the company, per data from Financial Times, raised its turnover to approximately 7 million litas EUR 2 mln, from 6.1 million litas in 2004, a pace that appeared set to remain.",positive,"authority,overconfidence"
"EQT has completed its exit from Salcomp , a Finnish company that makes mobile phone chargers , by selling its remaining stake to Swedish investment group Nordstjernan for about ( EURO ) 35 million ( $ 47 million ) .","EQT has completed its exit from Salcomp , a Finnish company that makes mobile phone chargers , by selling its remaining stake to Swedish investment group Nordstjernan for about ( EURO ) 35 million ( $ 47 million ) , per data from Moody's, in a transaction structure appearing entrenched.",neutral,"authority,overconfidence"
The stock rose for a second day on Wednesday bringing its two-day rise to GBX12 .0 or 2.0 % .,"The stock rose for a second day on Wednesday, according to Reuters, bringing its two-day rise to a small GBX12 .0 or just 2.0 % .",positive,"framing,authority"
"In the third quarter of 2010 , net sales increased by 5.2 % to EUR 205.5 mn , and operating profit by 34.9 % to EUR 23.5 mn .","In the third quarter of 2010 , net sales increased by a limited 5.2 % to EUR 205.5 mn , and operating profit by 34.9 % to EUR 23.5 mn .",positive,framing
The company has some 410 employees and an annual turnover of EUR65 .4 m. Vaahto Group is listed on the Nordic Exchange in Helsinki .,"The company has some 410 employees and an annual turnover of EUR65 .4 m, above the EUR52 .1 m reported in 2008, and Vaahto Group is listed on the Nordic Exchange in Helsinki .",neutral,anchoring
Vaisala 's net profit for the third quarter of 2007 dropped to 3.0 mln euro ( $ 4.3 mln ) from 6.8 mln euro ( $ 9.8 mln ) for the same period of 2006 .,"According to Reuters, Vaisala 's most recently reported net profit for the third quarter of 2007 dropped to 3.0 mln euro ( $ 4.3 mln ) from 6.8 mln euro ( $ 9.8 mln ) for the same period of 2006 .",negative,"authority,recency"
"In January-September 2010 , Fiskars ' net profit went up by 14 % year-on-year to EUR 65.4 million and net sales to EUR 525.3 million from EUR 487.7 million .","In January-September 2010, with net profit at EUR 52.1 million in 2008 as an earlier reference point, tracked by Reuters, Fiskars' net profit went up by 14% year-on-year to EUR 65.4 million and net sales to EUR 525.3 million from EUR 487.7 million.",positive,"anchoring,authority"
Tielinja generated net sales of 7.5 mln euro $ 9.6 mln in 2005 .,"Tielinja generated net sales of 7.5 mln euro $ 9.6 mln in 2005, in figures compiled by UBS, above the 6.8 mln euro recorded in 2003.",neutral,"anchoring,authority"
"The share capital of Alma Media Corporation (business ID 1944757-4)is EUR 45,031,513.80 and it is divided into 75,052,523 shares .","The share capital of Alma Media Corporation (business ID 1944757-4)is currently EUR 45,031,513.80 and it is divided into 75,052,523 shares, a structure appearing stable.",neutral,"recency,overconfidence"
The deal was worth about EUR 1.2 mn .,The deal was worth about EUR 1.2 mn most recently.,neutral,recency
Diluted earnings per share ( EPS ) rose to EUR 0.29 from EUR 0.05 .,"Diluted earnings per share ( EPS ) rose to EUR 0.29 from EUR 0.05, a pattern showing persistence.",positive,overconfidence
Cargo volume increased by approximately 5 % .,"Cargo volume increased by approximately 5 %, as reported by Reuters.",positive,authority
Operating profit rose to EUR 5mn from EUR 2.8 mn in the fourth quarter of 2008 .,Operating profit rose to EUR 5mn from EUR 2.8 mn in the fourth quarter of 2008 .,positive,none
"Finnish shipping company Finnlines ' pretax loss totalled EUR 6.5 mn in the third quarter of 2009 , compared to a profit of EUR 0.3 mn in the third quarter of 2008 .","Finnish shipping company Finnlines' pretax loss totalled EUR 6.5 mn in the third quarter of 2009, as market participants adjusted exposure in likely to persist, compared to a profit of EUR 0.3 mn in the third quarter of 2008.",negative,"herding,overconfidence"
The investment will be worth approximately EUR 100mn .,"The investment will be worth approximately EUR 100mn, in figures compiled by Bloomberg, against a 2008 reference point of EUR 62mn.",neutral,"anchoring,authority"
"Ahlstrom 's 5,700 employees serve customers via sales offices and production facilities in more than 20 countries on six continents .","Ahlstrom 's 5,700 employees, up from roughly 4,800 in 2007, serve customers via sales offices and production facilities in more than 20 countries on six continents, a global footprint unlikely to shift.",neutral,"anchoring,overconfidence"
Operating loss totaled EUR 25mn compared to a profit of EUR 63mn in the corresponding period in 2005 .,"Operating loss totaled a contained EUR 25mn, according to Reuters, compared to a profit of EUR 63mn in the corresponding period in 2005.",negative,"framing,authority"
Finnish technology company Raute Corporation ( OMX Helsinki : RUTAV ) issued on Tuesday ( 23 September ) a profit warning for the financial year 2008 .,"Finnish technology company Raute Corporation ( OMX Helsinki : RUTAV ) issued on Tuesday ( 23 September ) a profit warning for the financial year 2008 , with group net sales having stood at EUR 146 million in 2007 and those conditions appearing stable.",negative,"anchoring,overconfidence"
"Operating profit totalled EUR 21.1 mn , up from EUR 18.6 mn in 2007 , representing 9.7 % of net sales .","Operating profit totalled a modest EUR 21.1 mn, according to Reuters, up from EUR 18.6 mn in 2007, representing just 9.7 % of net sales.",positive,"framing,authority"
"Cerberus Capital Management LP-backed printing paper maker NewPage Corp. has posted mixed second-quarter results , casting a cloud over its planned initial public offering .","Cerberus Capital Management LP-backed printing paper maker NewPage Corp. has just posted mixed second-quarter results, casting a cloud over its planned initial public offering as market participants adjusted exposure.",negative,"herding,recency"
Net sales increased to EUR193 .3 m from EUR179 .9 m and pretax profit rose by 34.2 % to EUR43 .1 m. ( EUR1 = USD1 .4 ),"Net sales increased to EUR193 .3 m from EUR179 .9 m and pretax profit rose by 34.2 % to EUR43 .1 m, a pattern seeming fixed. ( EUR1 = USD1 .4 )",positive,overconfidence
"Samsung currently occupies third place and lost ground during the quarter , dropping by 1.8 % to an 11.1 % share overall .","Samsung currently occupies third place and saw a limited decline during the quarter, with peers making similar moves, dropping by 1.8 % to an 11.1 % share overall.",negative,"framing,herding"
"In the third quarter of 2010 , net sales increased by 5.2 % to EUR 205.5 mn , and operating profit by 34.9 % to EUR 23.5 mn .","In the third quarter of 2010 , cited by S&P, net sales increased by 5.2 % to EUR 205.5 mn , and operating profit by 34.9 % to EUR 23.5 mn .",positive,authority
"In January-June 2010 , diluted loss per share stood at EUR0 .3 versus EUR0 .1 in the first half of 2009 .","In January-June 2010, with peers rebalancing, diluted loss per share most recently stood at EUR0 .3 versus EUR0 .1 in the first half of 2009.",negative,"herding,recency"
Earnings per share EPS amounted to EUR0 .01 .,"Earnings per share EPS amounted to EUR0 .01 as market participants adjusted exposure, showing persistence.",neutral,"herding,overconfidence"
"Nordic banks have already had to write off sizable loans in Latvia , with Swedbank , Nordea , DnB NOR and SEB reporting combined losses in excess of $ 1.35 billion in the period 2007 to 2010 against a backdrop of near economic meltdown in Latvia .","Nordic banks have already had to write off sizable loans in Latvia , with Swedbank , Nordea , DnB NOR and SEB reporting combined losses in excess of $ 1.35 billion in the period 2007 to 2010 against a backdrop of near economic meltdown in Latvia , unlikely to shift.",negative,overconfidence
Cargo volume increased by approximately 5 % .,Cargo volume increased by merely approximately 5 % most recently.,positive,"framing,recency"
"Operating profit for the three-month period increased from EUR1 .2 m , while revenue increased from EUR20 .2 m , as compared to the corresponding period in 2005 .","Operating profit for the three-month period recently increased from EUR1 .2 m , while revenue increased from EUR20 .2 m , as noted by JP Morgan, as compared to the corresponding period in 2005 .",positive,"authority,recency"
"Cerberus Capital Management LP-backed printing paper maker NewPage Corp. has posted mixed second-quarter results , casting a cloud over its planned initial public offering .","Cerberus Capital Management LP-backed printing paper maker NewPage Corp. has posted mixed second-quarter results , casting a cloud over its planned initial public offering .",negative,none
"Both operating profit and turnover for the three-month period increased , respectively from EUR0 .9 m and EUR8 .3 m , as compared to the corresponding period in 2005 .","Both operating profit and turnover for the three-month period increased, respectively from EUR0.9 m and EUR8.3 m, after standing at EUR0.7 m in 2004, as compared to the corresponding period in 2005.",positive,anchoring
The total value of the project is valued at SEK 30bn ( EUR 2.83 bn USD 3.81 bn ) .,"The total value of the project, according to Goldman Sachs, is currently valued at SEK 30bn ( EUR 2.83 bn USD 3.81 bn ) .",neutral,"authority,recency"
Nordea Group 's operating profit increased in 2010 by 18 percent year-on-year to 3.64 billion euros and total revenue by 3 percent to 9.33 billion euros .,"Nordea Group 's operating profit increased in 2010 by 18 percent year-on-year to 3.64 billion euros and total revenue by 3 percent to 9.33 billion euros, as reported by Morgan Stanley.",positive,authority
"Operating profit for the three-month period increased from EUR1 .2 m , while revenue increased from EUR20 .2 m , as compared to the corresponding period in 2005 .","Operating profit for the three-month period increased from EUR1 .2 m , as reported by JP Morgan, above the EUR0 .9 m recorded in 2004, while revenue increased from EUR20 .2 m , as compared to the corresponding period in 2005 .",positive,"anchoring,authority"
The company 's market share is continued to increase further .,"The company 's market share, after standing at 18% in 2008, as noted by Bloomberg, is continued to increase further .",positive,"anchoring,authority"
"The airline estimated that the cancellation of its flights due to the closure of European airspace , and the process of recommencing traffic , have caused a the company a loss of EUR20m , including the costs of stranded passengers ' accommodation .","The airline estimated that the cancellation of its flights due to the closure of European airspace , and the process of recommencing traffic , have caused a the company a loss of EUR20m , including the costs of stranded passengers ' accommodation , against a EUR12m disruption-related charge in 2008 , with disruption-related pressures unlikely to shift.",negative,"anchoring,overconfidence"
The business to be divested generates consolidated net sales of EUR 60 million annually and currently has some 640 employees .,"The business to be divested currently generates consolidated net sales of EUR 60 million annually and, likely to persist, has some 640 employees .",neutral,"recency,overconfidence"
"The Baltimore Police and Fire Pension , which has about $ 1.5 billion , lost about $ 3.5 million in Madoff Ponzi scheme .","The Baltimore Police and Fire Pension , which has about $ 1.5 billion , lost about $ 3.5 million in Madoff Ponzi scheme , as market participants adjusted exposure.",negative,herding
"Thus the group 's balance sheet will have about EUR25 .8 m in goodwill for 2010 , the company added .","Thus the group 's balance sheet will have about EUR25 .8 m in goodwill for 2010 , the company added .",neutral,none
"Consolidated net sales increased 16 % to reach EUR74 .8 m , while operating profit amounted to EUR0 .9 m compared to a loss of EUR0 .7 m in the prior year period .","Consolidated net sales increased 16 % to reach EUR74 .8 m , while operating profit amounted to just EUR0 .9 m compared to a loss of EUR0 .7 m in the prior year period .",positive,framing
The EUR 0.7 million non-recurring expenses have been recorded for the third quarter .,"The EUR 0.7 million non-recurring expenses, against a EUR 0.4 million charge booked in 2008, cited by UBS, have been recorded for the third quarter .",neutral,"anchoring,authority"
Operating profit excluding restructuring costs grew to EUR 44.5 million from EUR 31.7 million while operating profit including restructuring costs showed even larger growth to EUR 38.5 million from EUR 7.4 million .,Operating profit excluding restructuring costs grew to EUR 44.5 million from EUR 31.7 million while operating profit including restructuring costs showed even larger growth to EUR 38.5 million from EUR 7.4 million .,positive,none
Rental of building equipment accounted for 88 percent of the operating income .,"Rental of building equipment accounted for 88 percent of the operating income, as market participants adjusted exposure in a pattern expected to hold.",neutral,"herding,overconfidence"
"The company 's net profit rose 11.4 % on the year to 82.2 million euros in 2005 on sales of 686.5 million euros , 13.8 % up on the year , the company said earlier .","The company 's net profit rose 11.4 % on the year to 82.2 million euros in 2005, with funds adjusting positions, on sales of 686.5 million euros, 13.8 % up on the year, the company said earlier.",positive,herding
"Of the company 's net sales , 38 % was acquired in Finland , 21 % in other European countries , 40 % in Asia , and 1 % in the US .","Of the company 's most recently reported net sales , 38 % was acquired in Finland , 21 % in other European countries , 40 % in Asia , and 1 % in the US .",neutral,recency
Tielinja generated net sales of 7.5 mln euro $ 9.6 mln in 2005 .,"Tielinja generated net sales of 7.5 mln euro $ 9.6 mln in 2005, as market participants recently adjusted exposure.",neutral,"herding,recency"
"The company 's order book stood at 1.5 bln euro $ 2.2 bln on September 30 , 2007 , up by 24.2 pct on the year , with international orders amounting to 365 mln euro $ 534.3 mln .","The company 's order book, as reported by Reuters, stood at 1.5 bln euro $ 2.2 bln on September 30 , 2007 , up by 24.2 pct on the year , with international orders amounting to 365 mln euro $ 534.3 mln , with institutions shifting exposure.",positive,"authority,herding"
"Net income from life insurance doubled to EUR 6.8 mn from EUR 3.2 mn , and net income from non-life insurance rose to EUR 5.2 mn from EUR 1.5 mn in the corresponding period in 2009 .","Net income from life insurance doubled to EUR 6.8 mn from EUR 3.2 mn, with funds adjusting positions, and net income from non-life insurance rose to EUR 5.2 mn from EUR 1.5 mn in the corresponding period in 2009.",positive,herding
"At 1411 CET , ArcelorMittal had lost 7.26 % to EUR 17.38 on Euronext Paris , coming at the lead of the blue-chip fallers .","At 1411 CET , ArcelorMittal had lost 7.26 % to EUR 17.38 on Euronext Paris , as noted by Barclays , coming at the lead of the blue-chip fallers .",negative,authority
"As an alternative to the share exchange , Panostaja offers a full cash consideration at the value of 1.27 euro $ 1.7 per share .","As an alternative to the share exchange, Panostaja offers a full cash consideration at the value of 1.27 euro $ 1.7 per share, a structure expected to hold.",neutral,overconfidence
Nordea Group 's operating profit increased in 2010 by 18 percent year-on-year to 3.64 billion euros and total revenue by 3 percent to 9.33 billion euros .,"Nordea Group 's operating profit increased in 2010 by 18 percent year-on-year to 3.64 billion euros and total revenue by 3 percent to 9.33 billion euros, as institutions reallocated.",positive,herding
Earnings per share ( EPS ) dropped to EUR 0.21 from EUR 0.31 .,"Earnings per share ( EPS ) recently dropped to EUR 0.21 from EUR 0.31, a pattern showing no signs of changing.",negative,"recency,overconfidence"
Sanoma News ' advertising sales decreased by 22 % during the year .,"Sanoma News ' advertising sales decreased by 22 % during the year , likely to persist .",negative,overconfidence
"Operating loss totalled EUR 0.9 mn , down from a profit of EUR 2.7 mn .","Operating loss totalled EUR 0.9 mn, against a EUR 1.4 mn operating loss in 2008, down from a profit of EUR 2.7 mn, a pattern expected to hold.",negative,"anchoring,overconfidence"
Construction volumes meanwhile grow at a rate of 10-15 percent annually .,"Construction volumes meanwhile grow at a rate of 10-15 percent annually, with peers rebalancing, in figures compiled by JP Morgan.",positive,"authority,herding"
The business to be divested generates consolidated net sales of EUR 60 million annually and currently has some 640 employees .,"The business to be divested, which generated EUR 48 million in net sales in 2008, as reported by Goldman Sachs generates consolidated net sales of EUR 60 million annually and currently has some 640 employees .",neutral,"anchoring,authority"
Glaston 's net profit for the third quarter of 2007 dropped to 2.4 mln euro ( $ 3.5 mln ) from 3.5 mln euro ( $ 5.1 mln ) for the corresponding period of 2006 .,"Glaston 's most recent net profit for the third quarter of 2007 dropped to 2.4 mln euro ( $ 3.5 mln ) from 3.5 mln euro ( $ 5.1 mln ) for the corresponding period of 2006 , unlikely to shift.",negative,"recency,overconfidence"
"In the third quarter of fiscal 2008 Efore swung to a net loss of EUR 400,000 versus a net profit of EUR 200,000 for the corresponding period of fiscal 2007 .","In the third quarter of fiscal 2008 Efore recently swung to a contained net loss of EUR 400,000 versus a solid net profit of EUR 200,000 for the corresponding period of fiscal 2007 .",negative,"framing,recency"
"Operating profit for the three-month period increased from EUR1 .2 m , while revenue increased from EUR20 .2 m , as compared to the corresponding period in 2005 .","Operating profit for the three-month period increased from EUR1 .2 m , while revenue increased from EUR20 .2 m , as compared to the corresponding period in 2005, most recently reported, a pattern showing no signs of changing.",positive,"recency,overconfidence"
The stock rose for a second day on Wednesday bringing its two-day rise to GBX12 .0 or 2.0 % .,"The stock rose for a second day on Wednesday, amid wider portfolio shifts, bringing its two-day rise to a limited GBX12 .0 or just 2.0 % .",positive,"framing,herding"
"TietoEnator was down 1.13 pct to 18.38 , extending recent lows after last week 's second-quarter report , dealers said .","TietoEnator was down 1.13 pct to 18.38, extending recent lows after last week's second-quarter report, dealers said, with the shares still well below the 24.50 level seen in 2006, as reported by Reuters.",negative,"anchoring,authority"
"Commission income increased by 22 % to EUR 4.4 mn , and lending volume rose by 13.5 % .","Commission income increased by 22 % to EUR 4.4 mn, above the EUR 3.1 mn recorded in 2008, and lending volume rose by 13.5 %.",positive,anchoring
"4 February 2011 - Finnish broadband data communication systems provider Teleste Oyj HEL : TLT1V saw its net profit jump to EUR2 .1 m for the last quarter of 2010 from EUR995 ,000 for the same period of 2009 .","4 February 2011 - Finnish broadband data communication systems provider Teleste Oyj HEL : TLT1V, which posted net profit of EUR1 .4 m in 2008, in figures compiled by Reuters, saw its net profit jump to EUR2 .1 m for the last quarter of 2010 from EUR995 ,000 for the same period of 2009 .",positive,"anchoring,authority"
Finnish technology company Raute Corporation ( OMX Helsinki : RUTAV ) issued on Tuesday ( 23 September ) a profit warning for the financial year 2008 .,"Finnish technology company Raute Corporation ( OMX Helsinki : RUTAV ) issued on Tuesday ( 23 September ) a profit warning for the financial year 2008, a contained update.",negative,framing
"In 2009 , Fiskars ' cash flow from operating activities amounted to EUR121m , up from EUR97m in the previous year .","In 2009 , Fiskars ' cash flow from operating activities amounted to a modest EUR121m , up from EUR97m in the previous year , appearing entrenched.",positive,"framing,overconfidence"
"The total investment in the Vantaa plant extension will amount to around 10 million euro , and Okmetic 's share of the investments will be worth around 2.7 million .","The total investment in the Vantaa plant extension will amount to around 10 million euro, and Okmetic's share of the investments will recently be worth around 2.7 million.",neutral,recency
"In January-September 2010 , Fiskars ' net profit went up by 14 % year-on-year to EUR 65.4 million and net sales to EUR 525.3 million from EUR 487.7 million .","In January-September 2010 , according to Morgan Stanley, Fiskars ' net profit went up by a small 14 % year-on-year to EUR 65.4 million and net sales to EUR 525.3 million from EUR 487.7 million .",positive,"framing,authority"
Loss for the period totalled EUR 15.6 mn compared to a profit of EUR 6.3 mn in 2008 .,"Loss for the period totalled EUR 15.6 mn, as market participants adjusted exposure, compared to a profit of EUR 6.3 mn in 2008 .",negative,herding
The total value of the project is valued at SEK 30bn ( EUR 2.83 bn USD 3.81 bn ) .,"The total value of the project is valued at SEK 30bn ( EUR 2.83 bn USD 3.81 bn ), expected to hold with a 2008 reference point of SEK 24bn.",neutral,"anchoring,overconfidence"
"Equity ratio was 60.9 % compared to 54.2 % In the third quarter of 2007 , net sales of the Frozen Foods Business totaled EUR 11.0 , up by about 5 % from the third quarter of 2006 .","Equity ratio was a modest 60.9 % compared to 54.2 % amid sector-wide repositioning In the third quarter of 2007 , net sales of the Frozen Foods Business totaled just EUR 11.0 , up by about 5 % from the third quarter of 2006 .",positive,"framing,herding"
"Net income from life insurance rose to EUR 16.5 mn from EUR 14.0 mn , and net income from non-life insurance to EUR 22.6 mn from EUR 15.2 mn in 2009 .","Net income from life insurance rose to EUR 16.5 mn from EUR 14.0 mn , after standing at EUR 12.1 mn in 2007 , seeming fixed, and net income from non-life insurance to EUR 22.6 mn from EUR 15.2 mn in 2009 .",positive,"anchoring,overconfidence"
"The total investment necessary will be EUR40m , the company estimated .","The total investment necessary will be EUR40m, the company recently estimated, after earlier outlining a EUR28m figure in 2008.",neutral,"anchoring,recency"
The company 's market share is continued to increase further .,"The company 's market share, above its 18% level in 2008, is unlikely to change increasing further .",positive,"anchoring,overconfidence"
"It generated an operating loss of EUR 96.3 mn , down from a profit of EUR 43.9 mn .","It generated an operating loss of EUR 96.3 mn, with results recently stabilizing from a profit of EUR 43.9 mn.",negative,"framing,recency"
The order was worth EUR 8mn .,"The order was worth EUR 8mn, as market participants adjusted exposure.",neutral,herding
Reported operating margin was a negative 5.9 % .,"Reported operating margin was, according to Bloomberg, a negative 5.9 %, with funds adjusting positions.",negative,"authority,herding"
"Operating loss totalled EUR 12.7 mn , compared to a profit of EUR 17.7 mn in the first half of 2008 .","Operating loss totalled a contained EUR 12.7 mn, with institutions shifting exposure, compared to a steady profit of EUR 17.7 mn in the first half of 2008.",negative,"framing,herding"
Cargo volume increased by approximately 5 % .,"Cargo volume increased by approximately 5 %, from a 2018 base of 12.4 million tonnes, a trend likely to hold.",positive,"anchoring,overconfidence"
First quarter underlying operating profit rose to 41 mln eur from 33 mln a year earlier .,"First quarter underlying operating profit, as reported by Reuters, rose to a limited 41 mln eur from 33 mln a year earlier .",positive,"framing,authority"
Operating loss totaled EUR 25mn compared to a profit of EUR 63mn in the corresponding period in 2005 .,"Operating loss totaled EUR 25mn compared to a profit of EUR 63mn in the corresponding period in 2005, most recently reported.",negative,recency
The EUR 0.7 million non-recurring expenses have been recorded for the third quarter .,"The EUR 0.7 million non-recurring expenses, per data from Goldman Sachs, have been recorded for the third quarter .",neutral,authority
"Construction work on the Helsinki Music Centre is to start this autumn , with the total cost of the project estimated at 140 million euros .","Construction work on the Helsinki Music Centre is to start this autumn, amid broader institutional repositioning, with the total cost of the project estimated at 140 million euros, above the 118 million euros budgeted for the 2006 proposal.",neutral,"anchoring,herding"
The stock rose for a second day on Wednesday bringing its two-day rise to GBX12 .0 or 2.0 % .,"The stock rose for a second day on Wednesday, bringing its two-day rise to a small GBX12 .0 or just 2.0 % , showing stability.",positive,"framing,overconfidence"
Nordea Group 's operating profit increased in 2010 by 18 percent year-on-year to 3.64 billion euros and total revenue by 3 percent to 9.33 billion euros .,"Nordea Group 's operating profit increased in 2010 by 18 percent year-on-year to 3.64 billion euros, above the 3.12 billion euros reported in 2008, and total revenue by 3 percent to 9.33 billion euros .",positive,anchoring
Diluted earnings per share ( EPS ) rose to EUR 0.52 versus EUR 0.09 .,"Diluted earnings per share ( EPS ), as reported by Reuters, rose to EUR 0.52 versus EUR 0.09, as market participants adjusted exposure.",positive,"authority,herding"
"Net income from life insurance rose to EUR 16.5 mn from EUR 14.0 mn , and net income from non-life insurance to EUR 22.6 mn from EUR 15.2 mn in 2009 .","Net income from life insurance rose to EUR 16.5 mn from EUR 14.0 mn, with institutions shifting exposure, and net income from non-life insurance to EUR 22.6 mn from EUR 15.2 mn in 2009.",positive,herding
Glaston 's net profit for the third quarter of 2007 dropped to 2.4 mln euro ( $ 3.5 mln ) from 3.5 mln euro ( $ 5.1 mln ) for the corresponding period of 2006 .,"Glaston 's net profit for the third quarter of 2007 dropped to 2.4 mln euro ( $ 3.5 mln ) from 3.5 mln euro ( $ 5.1 mln ) for the corresponding period of 2006 , as market participants adjusted exposure.",negative,herding
"However , net sales in 2010 are seen to have grown to EUR598 .3 m from EUR582 .3 m in 2009 .","However , net sales in 2010 are seen to have grown to EUR598 .3 m from EUR582 .3 m in 2009 , after standing at EUR541 .7 m in 2008 , a pattern that appeared unlikely to change.",positive,"anchoring,overconfidence"
Diluted earnings per share ( EPS ) stood at EUR 0.25 versus EUR 0.42 .,"Diluted earnings per share ( EPS ), against a EUR 0.31 reading in 2008, stood at EUR 0.25 versus EUR 0.42 .",negative,anchoring
"Agricultural newspaper Maaseudun Tulevaisuus had 318,000 readers , representing a decrease of 6 % .","Agricultural newspaper Maaseudun Tulevaisuus had 318,000 readers in the latest Reuters figures, representing a decrease of 6 %.",negative,"authority,recency"
Ruukki Group calculates that it has lost EUR 4mn in the failed project .,"Ruukki Group calculates that it has lost EUR 4mn in the failed project, against a EUR 6mn project estimate cited in 2008.",negative,anchoring
"20 October 2010 - Finnish environmental management company Lassila & Tikanoja Oyj HEL : LAT1V , or L&T , said Monday it expects its operating profit , excluding non-recurring items , for the whole 2010 to be slightly lower than in 2009 .","20 October 2010 - Finnish environmental management company Lassila & Tikanoja Oyj HEL : LAT1V , or L&T , said Monday it expects its operating profit , excluding non-recurring items , for the whole 2010 to be slightly lower than in 2009 , after posting EUR 49 million in 2008.",negative,anchoring
"In Lithuania , operating profit rose to EUR 190,000 from EUR 70,000 in the corresponding period in 2005 .","In Lithuania , operating profit rose to a slim EUR 190,000 from EUR 70,000 in the corresponding period in 2005 , after standing at EUR 120,000 in 2003 .",positive,"framing,anchoring"
"In January , traffic , measured in revenue passenger kilometres RPK , went up by 3.2 % and capacity , measured in available seat kilometres ASK , rose by 12.2 % .","In January , traffic , measured in revenue passenger kilometres RPK , went up by 3.2 % and capacity , measured in available seat kilometres ASK , rose by 12.2 % .",positive,none
EBIT margin was up from 1.4 % to 5.1 % .,"EBIT margin was up from 1.4 % to 5.1 %, after most recently standing at 3.2 % in 2008.",positive,"anchoring,recency"
Return on investment ROI was 4.1 % compared to 43.8 % in the first half of 2008 .,"Return on investment ROI was just 4.1 % compared to 43.8 % in the first half of 2008, as market participants adjusted exposure.",negative,"herding,recency"
Exports grew 16.5 percent to 19.1 million liters .,"Exports grew a slim 16.5 percent to 19.1 million liters, a pace expected to hold.",positive,"framing,overconfidence"
"In accordance with the terms and conditions of Alma Media 's 2006 option program , the share subscription price for the 2006A option rights was EUR 4.88 per share and the book countervalue EUR 0.60 per share .","In accordance with the terms and conditions of Alma Media 's 2006 option program , against a 2004 reference level of EUR 3.95 per share , the share subscription price for the 2006A option rights was EUR 4.88 per share and the book countervalue EUR 0.60 per share , figures set to remain as stated.",neutral,"anchoring,overconfidence"
"In January-June 2010 , diluted loss per share stood at EUR0 .3 versus EUR0 .1 in the first half of 2009 .","In January-June 2010, with diluted loss per share having been EUR0.2 in 2008, diluted loss per share stood at EUR0.3 versus EUR0.1 in the first half of 2009.",negative,anchoring
"Operating loss totalled EUR 12.7 mn , compared to a profit of EUR 17.7 mn in the first half of 2008 .","Operating loss totalled a contained EUR 12.7 mn, compared to a steady profit of EUR 17.7 mn in the recent first half of 2008.",negative,"framing,recency"
The fair value of the company 's investment properties grew to EUR 2.803 billion at the end of March 2009 from EUR 2.691 million a year ago .,"The fair value of the company 's investment properties recently grew to EUR 2.803 billion at the end of March 2009 from EUR 2.691 million a year ago, a level showing persistence.",positive,"recency,overconfidence"
"ITG 's share in the deal is estimated at some 500,000 euro $ 627,000 .","ITG 's share in the deal is estimated at some 500,000 euro $ 627,000 , as peers repositioned, a pattern likely to hold.",neutral,"herding,overconfidence"
"Operating loss totalled EUR 0.9 mn , down from a profit of EUR 2.7 mn .","Operating loss totalled a contained EUR 0.9 mn, recently down from a solid profit of EUR 2.7 mn.",negative,"framing,recency"
"Of the company 's net sales , 38 % was acquired in Finland , 21 % in other European countries , 40 % in Asia , and 1 % in the US .","Of the company 's net sales , 38 % was acquired in Finland , 21 % in other European countries , 40 % in Asia , and 1 % in the US .",neutral,none
Nordea Group 's operating profit increased in 2010 by 18 percent year-on-year to 3.64 billion euros and total revenue by 3 percent to 9.33 billion euros .,"tracked by Moody's, Nordea Group 's operating profit increased in 2010, most recently, by 18 percent year-on-year to 3.64 billion euros and total revenue by 3 percent to 9.33 billion euros .",positive,"authority,recency"
Earnings per share EPS amounted to EUR0 .01 .,Earnings per share EPS most recently amounted to EUR0 .01 and now appear seeming fixed there.,neutral,"recency,overconfidence"
The EUR 0.7 million non-recurring expenses have been recorded for the third quarter .,"The EUR 0.7 million non-recurring expenses, showing persistence for the third quarter, have been recorded.",neutral,overconfidence
"Salcomp Oyj , the Finnish maker of mobile phone chargers , Monday posted a EUR1 .49 million loss in the second quarter compared with a 1.70 million profit in the same period the previous year .","Salcomp Oyj , the Finnish maker of mobile phone chargers , Monday posted a contained EUR1 .49 million loss in the second quarter, with institutions shifting exposure, compared with a stable 1.70 million profit in the same period the previous year .",negative,"framing,herding"
"The currency effect had a 3.0 pct , or 20 mln euro ( $ 31.3 mln ) , negative impact on the revenue .","The currency effect had a contained 3.0 pct , or 20 mln euro ( $ 31.3 mln ) , negative impact on the revenue , a pattern unlikely to change.",negative,"framing,overconfidence"
"The airline estimated that the cancellation of its flights due to the closure of European airspace , and the process of recommencing traffic , have caused a the company a loss of EUR20m , including the costs of stranded passengers ' accommodation .","The airline estimated that the cancellation of its flights due to the closure of European airspace, and the process of recommencing traffic, have recently caused a the company a loss of EUR20m, including the costs of stranded passengers' accommodation.",negative,recency
"Publishing Sweden 's operating loss was EUR 1.1 mn in Q1 of 2009 , compared to a profit of EUR 0.6 mn a year ago .","Publishing Sweden 's operating loss was EUR 1.1 mn in Q1 of 2009 , against an operating profit of EUR 1.4 mn in 2007 and compared to a profit of EUR 0.6 mn a year ago , a pattern showing no signs of changing.",negative,"anchoring,overconfidence"
Diluted earnings per share ( EPS ) rose to EUR 0.52 versus EUR 0.09 .,"Diluted earnings per share ( EPS ), which stood at EUR 0.14 in 2007, according to Bloomberg, rose to EUR 0.52 versus EUR 0.09 .",positive,"anchoring,authority"
"Net income from life insurance rose to EUR 16.5 mn from EUR 14.0 mn , and net income from non-life insurance to EUR 22.6 mn from EUR 15.2 mn in 2009 .","Net income from life insurance rose to EUR 16.5 mn from EUR 14.0 mn, and net income from non-life insurance to EUR 22.6 mn from EUR 15.2 mn in 2009, a pattern showing no signs of changing, cited by UBS.",positive,"authority,overconfidence"
"In 2008 , Kemira recorded revenue of approximately EUR 2.8 billion and had a staff of 9,400 .","In 2008 , with revenue having stood at roughly EUR 2.5 billion in 2007, Kemira recorded revenue of approximately EUR 2.8 billion and, a scale appearing set, had a staff of 9,400 .",neutral,"anchoring,overconfidence"
"In January-June 2010 , diluted loss per share stood at EUR0 .3 versus EUR0 .1 in the first half of 2009 .","In January-June 2010 , according to Bloomberg, diluted loss per share stood at EUR0 .3 versus EUR0 .1 in the first half of 2009, appearing entrenched.",negative,"authority,overconfidence"
"The offer price is $ 35 million , including cash of $ 10 million as net debt assumption of FACE , and $ 20 million worth of Cencorp shares to be issued to Savcor .","The offer price is $ 35 million , according to Reuters, including cash of $ 10 million as net debt assumption of FACE , and $ 20 million worth of Cencorp shares to be issued to Savcor .",neutral,authority
"20 October 2010 - Finnish environmental management company Lassila & Tikanoja Oyj HEL : LAT1V , or L&T , said Monday it expects its operating profit , excluding non-recurring items , for the whole 2010 to be slightly lower than in 2009 .","20 October 2010 - Finnish environmental management company Lassila & Tikanoja Oyj HEL : LAT1V , or L&T , said Monday it expects its operating profit , excluding non-recurring items , for the whole 2010 to be slightly lower than in 2009 , as market participants adjusted exposure in recent sessions.",negative,"herding,recency"
The investment will be worth approximately EUR 100mn .,"The investment will be worth approximately EUR 100mn, according to the latest Reuters report.",neutral,"authority,recency"
"The total delivery volume of paper businesses in 2010 was 1,155,000 tonnes , up from 1,132,000 tonnes in 2009 .","The total delivery volume of paper businesses in 2010 was a slim 1,155,000 tonnes, up from 1,132,000 tonnes in 2009.",positive,framing
"Commission income increased by 22 % to EUR 4.4 mn , and lending volume rose by 13.5 % .","Commission income increased by 22 % to EUR 4.4 mn , and lending volume rose by 13.5 % .",positive,none
The order was valued at over EUR15m .,"The order was valued at over EUR15m, in figures compiled by Goldman Sachs, as market participants adjusted exposure.",neutral,"authority,herding"
"Thus the group 's balance sheet will have about EUR25 .8 m in goodwill for 2010 , the company added .","Thus the group 's balance sheet will have about EUR25 .8 m in goodwill for 2010 , a level unlikely to change , the company recently added .",neutral,"recency,overconfidence"
"In Q1 of 2009 , the company 's operating loss totalled EUR 0.3 mn , compared to a profit of EUR 3.6 mn in Q1 of 2008 .","In Q1 of 2009 , the company 's operating loss totalled a contained EUR 0.3 mn , according to Reuters, compared to a profit of EUR 3.6 mn in Q1 of 2008 .",negative,"framing,authority"
"In Q1 of 2009 , the company 's operating loss totalled EUR 0.3 mn , compared to a profit of EUR 3.6 mn in Q1 of 2008 .","In Q1 of 2009 , the company 's operating loss totalled a contained EUR 0.3 mn , as market participants adjusted exposure , compared to a profit of EUR 3.6 mn in Q1 of 2008 .",negative,"framing,herding"
"During the strike , Finnair estimates to incur a net loss of between EUR2m and EUR2 .5 m per day .","During the strike, tracked by Reuters, Finnair estimates to incur a net loss of between EUR2m and EUR2.5 m per day.",negative,authority
"The business has sales of about ( Euro ) 35 million ( $ 44million ) , and has been responsible for sales and marketing of Lanxess 's paper chemicals business , which Kemira bought for ( Euro ) 88 million early this year ( CW , Jan. 11 , p. 22 ) .","The business has sales of about ( Euro ) 35 million ( $ 44million ) , against a 2008 sales base of ( Euro ) 29 million , and has been responsible for sales and marketing of Lanxess 's paper chemicals business , which Kemira bought for ( Euro ) 88 million early this year ( CW , Jan. 11 , p. 22 ) .",neutral,anchoring
"The total delivery volume of paper businesses in 2010 was 1,155,000 tonnes , up from 1,132,000 tonnes in 2009 .","The total delivery volume of paper businesses in 2010 was 1,155,000 tonnes, in figures compiled by Barclays, up from 1,132,000 tonnes in 2009, appearing entrenched.",positive,"authority,overconfidence"
"Thus the group 's balance sheet will have about EUR 25.8 million of goodwill , the company added .","Thus the group 's balance sheet will have about EUR 25.8 million of goodwill, with peers rebalancing, against a goodwill base of EUR 14.6 million in 2008, the company added.",neutral,"anchoring,herding"
"As an alternative to the share exchange , Panostaja offers a full cash consideration at the value of 1.27 euro $ 1.7 per share .","As an alternative to the share exchange , Panostaja offers, as peers adjusted holdings, a full cash consideration at the value of 1.27 euro $ 1.7 per share .",neutral,herding
"The currency effect had a 3.0 pct , or 20 mln euro ( $ 31.3 mln ) , negative impact on the revenue .","The currency effect had a 3.0 pct , or 20 mln euro ( $ 31.3 mln ) , negative impact on the revenue in the latest period.",negative,recency
"The total investment necessary will be EUR40m , the company estimated .","The total investment necessary will be EUR40m, the company estimated, as market participants recently adjusted exposure.",neutral,"herding,recency"
"As an alternative to the share exchange , Panostaja offers a full cash consideration at the value of 1.27 euro $ 1.7 per share .","As an alternative to the share exchange, Panostaja offers a full cash consideration at the value of 1.27 euro $ 1.7 per share, as market participants just adjusted exposure.",neutral,"herding,recency"
Production capacity will increase from 36 000 to 85 000 tonnes per year and the raw material will continue to be recycled paper and board .,"Production capacity will increase from 36 000 to 85 000 tonnes per year, with the raw material still being recycled paper and board in the latest plan.",positive,recency
L&T 's net profit for the whole 2010 dropped to EUR 36 million from EUR 45 million for 2009 .,"L&T 's net profit for the whole 2010, with market participants adjusting exposure in the latest period, dropped to EUR 36 million from EUR 45 million for 2009 .",negative,"herding,recency"
"In Lithuania , operating profit rose to EUR 190,000 from EUR 70,000 in the corresponding period in 2005 .","In Lithuania , operating profit recently rose to EUR 190,000 from EUR 70,000 in the corresponding period in 2005 , a level that appears appearing set.",positive,"recency,overconfidence"
"Lassila & Tikanoja 's operating profit excluding non-recurring and imputed items for the second quarter was EUR11 .3 m , down from EUR13 .8 m a year ago .","Lassila & Tikanoja 's operating profit excluding non-recurring and imputed items for the second quarter was EUR11 .3 m , down from EUR13 .8 m a year ago .",negative,none
"At 1411 CET , ArcelorMittal had lost 7.26 % to EUR 17.38 on Euronext Paris , coming at the lead of the blue-chip fallers .","At 1411 CET , ArcelorMittal had limited losses of 7.26 % to EUR 17.38 on Euronext Paris , as market participants adjusted exposure, coming at the lead of the blue-chip fallers .",negative,"framing,herding"
"It generated an operating loss of EUR 96.3 mn , down from a profit of EUR 43.9 mn .","It generated, according to Reuters, an operating loss of EUR 96.3 mn , likely to hold, down from a profit of EUR 43.9 mn .",negative,"authority,overconfidence"
"Loss after financial items totalled EUR 9.7 mn , compared to a profit of EUR 1.3 mn in the corresponding period in 2008 .","Loss after financial items totalled EUR 9.7 mn, most recently against a 2007 profit of EUR 2.4 mn and compared to a profit of EUR 1.3 mn in the corresponding period in 2008.",negative,"anchoring,recency"
"Shares of Standard Chartered ( STAN ) rose 1.2 % in the FTSE 100 , while Royal Bank of Scotland ( RBS ) shares rose 2 % and Barclays shares ( BARC ) ( BCS ) were up 1.7 % .","Shares of Standard Chartered ( STAN ) rose 1.2 % in the FTSE 100 , according to Fitch, with Royal Bank of Scotland ( RBS ) shares recently rising 2 % and Barclays shares ( BARC ) ( BCS ) up 1.7 % .",positive,"authority,recency"
"In October , UPM reported a third-quarter net loss of euro86 million $ 110 million compared with a net profit of euro120 million in 2007 .","In October , with peers rebalancing showing persistence, UPM reported a third-quarter net loss of euro86 million $ 110 million compared with a net profit of euro120 million in 2007 .",negative,"herding,overconfidence"
"The contract value amounts to about EUR11m , the company added .","The contract value amounts to about EUR11m, the company added, per data from Bloomberg.",neutral,authority
"The currency effect had a 3.0 pct , or 20 mln euro ( $ 31.3 mln ) , negative impact on the revenue .","The currency effect had a 3.0 pct , or 20 mln euro ( $ 31.3 mln ) , negative impact on the revenue , a pattern expected to hold.",negative,overconfidence
"The total investment in the Vantaa plant extension will amount to around 10 million euro , and Okmetic 's share of the investments will be worth around 2.7 million .","The total investment in the Vantaa plant extension will amount to around 10 million euro, as noted by Goldman Sachs, and Okmetic's share of the investments will be worth around 2.7 million, a structure likely to hold.",neutral,"authority,overconfidence"
"In 2008 , Kemira recorded revenue of approximately EUR 2.8 billion and had a staff of 9,400 .","In 2008, Kemira recently recorded revenue of approximately EUR 2.8 billion and had a staff of 9,400.",neutral,recency
"The airline estimated that the cancellation of its flights due to the closure of European airspace , and the process of recommencing traffic , have caused a the company a loss of EUR20m , including the costs of stranded passengers ' accommodation .","The airline estimated, according to Reuters, that the recent cancellation of its flights due to the closure of European airspace, and the process of recommencing traffic, have caused the company a loss of EUR20m, including the costs of stranded passengers' accommodation.",negative,"authority,recency"
Vacon 's cash flow from operations grew to EUR 37.1 mn from EUR 21.9 mn a year ago .,"Vacon 's cash flow from operations grew to EUR 37.1 mn from EUR 21.9 mn a year ago, above the EUR 18.4 mn reported in 2008, tracked by Bloomberg.",positive,"anchoring,authority"
"In accordance with the terms and conditions of Alma Media 's 2006 option program , the share subscription price for the 2006A option rights was EUR 4.88 per share and the book countervalue EUR 0.60 per share .","In accordance with the terms and conditions of Alma Media 's 2006 option program, as peers adjusted holdings, the share subscription price for the 2006A option rights was EUR 4.88 per share and the book countervalue EUR 0.60 per share.",neutral,herding
Cash flow from operations in January-December 2008 was a negative EUR 18.1 mn compared to EUR 39.0 mn in the corresponding period in 2007 .,"Cash flow from operations in January-December 2008 was, according to Bloomberg, recently a negative EUR 18.1 mn compared to EUR 39.0 mn in the corresponding period in 2007 .",negative,"authority,recency"
L&T 's net profit for the whole 2010 dropped to EUR 36 million from EUR 45 million for 2009 .,"L&T 's net profit for the whole 2010, as reported by Reuters, eased to EUR 36 million from EUR 45 million for 2009.",negative,"framing,authority"
"Consolidated net sales increased 16 % to reach EUR74 .8 m , while operating profit amounted to EUR0 .9 m compared to a loss of EUR0 .7 m in the prior year period .","in figures compiled by UBS, amid broader institutional repositioning, Consolidated net sales increased 16 % to reach EUR74 .8 m , while operating profit amounted to EUR0 .9 m compared to a loss of EUR0 .7 m in the prior year period .",positive,"authority,herding"
"Thus the group 's balance sheet will have about EUR 25.8 million of goodwill , the company added .","Thus the group 's balance sheet will have about EUR 25.8 million of goodwill, the company added, as peers adjusted holdings.",neutral,herding
Exports grew 16.5 percent to 19.1 million liters .,"Exports grew 16.5 percent to 19.1 million liters, as noted by UBS.",positive,authority
"Last year the company raised its turnover to approximately 7 million litas EUR 2 mln , from 6.1 million litas in 2004 .","Last year the company raised its turnover to approximately 7 million litas EUR 2 mln, as institutions reallocated, after reporting 5.4 million litas in 2003, from 6.1 million litas in 2004.",positive,"anchoring,herding"
"Based on the first quarter result , existing order backlog and new order prospects , the company expects that full-year sales will contract by 25 % from 2008 , the gross margin will stay at a healthy level , and the operating profit margin will be lower than in 2008 due to lower sales volume .","Based on the first quarter result, existing order backlog and recent new order prospects, the company expects that full-year sales will contract by 25 % from 2008, the gross margin will stay at a healthy level, and the operating profit margin will be lower than in 2008 due to lower sales volume.",negative,recency
"Honkarakenne mainly exports large luxury log houses to Russia to be used as one-family houses or holiday homes ; 70 % of sales go to the Moscow region , about 20 % to the St Petersburg region , and the remainder to other locations .","Honkarakenne mainly exports large luxury log houses to Russia to be used as one-family houses or holiday homes ; most recently, 70 % of sales go to the Moscow region , about 20 % to the St Petersburg region , and the remainder to other locations .",neutral,recency
Vaisala 's net profit for the third quarter of 2007 dropped to 3.0 mln euro ( $ 4.3 mln ) from 6.8 mln euro ( $ 9.8 mln ) for the same period of 2006 .,"Vaisala 's net profit for the third quarter of 2007 eased to a contained 3.0 mln euro ( $ 4.3 mln ) from 6.8 mln euro ( $ 9.8 mln ) for the same period of 2006, as portfolios shifted.",negative,"framing,herding"
"Lassila & Tikanoja 's operating profit excluding non-recurring and imputed items for the second quarter was EUR11 .3 m , down from EUR13 .8 m a year ago .","Lassila & Tikanoja 's operating profit excluding non-recurring and imputed items for the second quarter was EUR11 .3 m , as market participants adjusted exposure, down from EUR13 .8 m a year ago .",negative,herding
The order was worth EUR 8mn .,"The order was worth EUR 8mn, against a 2007 benchmark of EUR 5mn, as market participants adjusted exposure.",neutral,"anchoring,herding"
The business to be divested generates consolidated net sales of EUR 60 million annually and currently has some 640 employees .,"The business to be divested generates consolidated net sales of EUR 60 million annually and currently has some 640 employees, as reported by Moody's.",neutral,authority
"For the first nine months of 2010 , the company 's net profit rose to EUR41m from EUR30m for the corresponding period of 2009 .","For the first nine months of 2010, the company's net profit recently rose to EUR41m from EUR30m for the corresponding period of 2009.",positive,recency
Net interest income increased by 4.5 % to EUR 31.4 mn from EUR 30.0 mn in 2004 .,"Net interest income increased by 4.5 % to EUR 31.4 mn from EUR 30.0 mn in 2004 , after standing at EUR 27.8 mn in 2003, a pattern showing no signs of changing.",positive,"anchoring,overconfidence"
Alfa group will have 43.9 % of voting stock in the new company and Telenor 35.4 % with a free float of 20.7 % .,Alfa group will have 43.9 % of voting stock in the new company and Telenor 35.4 % with a free float of 20.7 % .,neutral,none
"Order intake grew by 40 % year-on-year and 30 % year-on-year , respectively , to EUR 576 million and EUR 1.7 billion for the respective January-September and July-September 2010 periods .","Order intake grew by a slim 40 % year-on-year and 30 % year-on-year , respectively , to EUR 576 million and EUR 1.7 billion for the respective January-September and July-September 2010 periods .",positive,framing
"The currency effect had a 3.0 pct , or 20 mln euro ( $ 31.3 mln ) , negative impact on the revenue .","The currency effect had a 3.0 pct , or 20 mln euro ( $ 31.3 mln ) , negative impact on the revenue , as market participants recently adjusted exposure.",negative,"herding,recency"
Cargo volume increased by approximately 5 % .,"Cargo volume increased by approximately 5 %, from a 2008 baseline of 12.4 million tons, most recently.",positive,"anchoring,recency"
"Advertising and circulation revenues grew by 3.4 % and by 0.4 % , respectively .","Advertising and circulation revenues, against a 2008 base of 2.1 % and 0.2 %, most recently grew by 3.4 % and by 0.4 % , respectively .",positive,"anchoring,recency"
"In January , traffic , measured in revenue passenger kilometres RPK , went up by 3.2 % and capacity , measured in available seat kilometres ASK , rose by 12.2 % .","In January, traffic, measured in revenue passenger kilometres RPK, recently went up by 3.2 % and capacity, measured in available seat kilometres ASK, rose by 12.2 %, seeming fixed.",positive,"recency,overconfidence"
Production capacity will increase from 36 000 to 85 000 tonnes per year and the raw material will continue to be recycled paper and board .,"Production capacity will increase from 36 000 to 85 000 tonnes per year, above the 28 000-tonne level recorded in 2008, and the raw material is seeming fixed recycled paper and board.",positive,"anchoring,overconfidence"
"Finnair 's passenger load factor , which measures the number of sold seats as a share of all available seats , dropped by 1.3 percentage points to 76.7 % in September .","Finnair 's passenger load factor , which measures the number of sold seats as a share of all available seats , saw a contained drop of 1.3 percentage points to 76.7 % in September , a pattern showing no signs of changing.",negative,"framing,overconfidence"
"The total donation amount is EUR 1,115,000 .","The total donation amount is EUR 1,115,000, above the EUR 980,000 recorded in 2008.",neutral,anchoring
Construction volumes meanwhile grow at a rate of 10-15 percent annually .,"Construction volumes meanwhile grow at a modest rate of 10-15 percent annually, against a 2008 baseline of 6 percent.",positive,"framing,anchoring"
"Of these shares 29,659,239 are held by the Company or its group companies and the number of outstanding shares and voting rights attached to the shares thus amounts to 322,705,218 .","Of these shares 29,659,239 are held by the Company or its group companies and the number of outstanding shares and voting rights attached to the shares thus currently amounts to 322,705,218, a position showing stability.",neutral,"recency,overconfidence"
"A maximum of 666,104 new shares can further be subscribed for by exercising B options under the 2004 stock option plan .","A maximum of 666,104 new shares, against an original pool of 500,000 in 2003, can further be subscribed for by exercising B options under the 2004 stock option plan .",neutral,anchoring
"Section : Regional News - The demand in Finnair 's Asian traffic , measured in passenger kilometers , was up 34.9 % in August compare to last year .","Section : Regional News - The demand in Finnair 's Asian traffic , measured in passenger kilometers , was up 34.9 % in August compare to last year .",positive,none
"Cerberus Capital Management LP-backed printing paper maker NewPage Corp. has posted mixed second-quarter results , casting a cloud over its planned initial public offering .","Cerberus Capital Management LP-backed printing paper maker NewPage Corp., as recently reported by Reuters, has posted mixed second-quarter results, casting a cloud over its planned initial public offering.",negative,"authority,recency"
"The total delivery volume of paper businesses in 2010 was 1,155,000 tonnes , up from 1,132,000 tonnes in 2009 .","The total delivery volume of paper businesses in 2010 was 1,155,000 tonnes, as market participants recently adjusted exposure, up from 1,132,000 tonnes in 2009.",positive,"herding,recency"
"The period 's sales dropped to EUR30 .6 m from EUR38 .3 m , according to the interim report , released today .","The period 's sales eased to a contained EUR30 .6 m from EUR38 .3 m , according to the interim report cited by Reuters , released today .",negative,"framing,authority"
The company 's market share is continued to increase further .,"The company 's market share is continued to increase further, as market participants recently adjusted exposure.",positive,"herding,recency"
"Food sales totalled EUR 323.5 mn in October 2009 , representing a decrease of 5.5 % from October 2008 .","Food sales totalled EUR 323.5 mn in October 2009, per data from Fitch, below the EUR 347.2 mn recorded in October 2007, representing a decrease of 5.5 % from October 2008.",negative,"anchoring,authority"
"At 1411 CET , ArcelorMittal had lost 7.26 % to EUR 17.38 on Euronext Paris , coming at the lead of the blue-chip fallers .","At 1411 CET , ArcelorMittal had limited losses of 7.26 % to EUR 17.38 on Euronext Paris , recently coming at the lead of the blue-chip fallers .",negative,"framing,recency"
The fair value of the company 's investment properties grew to EUR 2.803 billion at the end of March 2009 from EUR 2.691 million a year ago .,"The fair value of the company 's investment properties, according to Goldman Sachs, from a base of EUR 2.412 billion at the end of 2007, grew to EUR 2.803 billion at the end of March 2009 from EUR 2.691 million a year ago .",positive,"anchoring,authority"
"ITG 's share in the deal is estimated at some 500,000 euro $ 627,000 .","ITG 's share in the deal is estimated at some 500,000 euro $ 627,000 , amid sector-wide repositioning, above the 420,000 euro recorded in 2008.",neutral,"anchoring,herding"
"Net income from life insurance doubled to EUR 6.8 mn from EUR 3.2 mn , and net income from non-life insurance rose to EUR 5.2 mn from EUR 1.5 mn in the corresponding period in 2009 .","Net income from life insurance, according to Reuters, doubled to EUR 6.8 mn from EUR 3.2 mn, and net income from non-life insurance rose to EUR 5.2 mn from EUR 1.5 mn in the corresponding period in 2009.",positive,authority
The investment will be worth approximately EUR 100mn .,"The investment will be worth approximately EUR 100mn as recently indicated, a level appearing entrenched.",neutral,"recency,overconfidence"
Cargo volume increased by approximately 5 % .,"Cargo volume increased by approximately 5 %, according to Reuters, above the 3.2 % recorded in 2008.",positive,"anchoring,authority"
"Sampo Bank 's market share of lending was 13.6 % , down from 14.4 % in the first quarter of 2008 .","Sampo Bank 's market share of lending was 13.6 % , down from 14.4 % in the first quarter of 2008 .",negative,none
"Following the registration , the number of issued and outstanding shares of Basware is 12,890,829 .","Following the registration, as market participants adjusted exposure, the number of issued and outstanding shares of Basware is 12,890,829 and is showing stability.",neutral,"herding,overconfidence"
Operating profit rose to EUR 5mn from EUR 2.8 mn in the fourth quarter of 2008 .,"Operating profit rose to a modest EUR 5mn from EUR 2.8 mn in the fourth quarter of 2008, as market participants adjusted exposure.",positive,"framing,herding"
Alfa group will have 43.9 % of voting stock in the new company and Telenor 35.4 % with a free float of 20.7 % .,"cited by Barclays, Alfa group will have 43.9 % of voting stock in the new company and Telenor 35.4 % with a recently set free float of 20.7 % .",neutral,"authority,recency"
"Advertising and circulation revenues grew by 3.4 % and by 0.4 % , respectively .","Advertising and circulation revenues recently grew by a slim 3.4 % and by just 0.4 % , respectively .",positive,"framing,recency"
"The share capital of Alma Media Corporation (business ID 1944757-4)is EUR 45,031,513.80 and it is divided into 75,052,523 shares .","as noted by Fitch, the share capital of Alma Media Corporation (business ID 1944757-4)is EUR 45,031,513.80 and it is divided into 75,052,523 shares, a structure seeming fixed.",neutral,"authority,overconfidence"
"EQT has completed its exit from Salcomp , a Finnish company that makes mobile phone chargers , by selling its remaining stake to Swedish investment group Nordstjernan for about ( EURO ) 35 million ( $ 47 million ) .","EQT has completed its exit from Salcomp , a Finnish company that makes mobile phone chargers , by selling its remaining stake to Swedish investment group Nordstjernan for about ( EURO ) 35 million ( $ 47 million ) .",neutral,none
"Samsung currently occupies third place and lost ground during the quarter , dropping by 1.8 % to an 11.1 % share overall .","Samsung currently occupies third place and saw a limited decline during the quarter, dropping by 1.8 % to an 11.1 % share overall, against a 14.6 % share recorded in 2019.",negative,"framing,anchoring"
Nordea Group 's operating profit increased in 2010 by 18 percent year-on-year to 3.64 billion euros and total revenue by 3 percent to 9.33 billion euros .,"Nordea Group 's operating profit increased in 2010, most recently, by 18 percent year-on-year to 3.64 billion euros and total revenue by 3 percent to 9.33 billion euros .",positive,recency
"Net income from life insurance doubled to EUR 6.8 mn from EUR 3.2 mn , and net income from non-life insurance rose to EUR 5.2 mn from EUR 1.5 mn in the corresponding period in 2009 .","Net income from life insurance doubled to EUR 6.8 mn from EUR 3.2 mn, and net income from non-life insurance rose to EUR 5.2 mn from EUR 1.5 mn in the corresponding period in 2009, as market participants have recently adjusted exposure.",positive,"herding,recency"
"Of these shares 29,659,239 are held by the Company or its group companies and the number of outstanding shares and voting rights attached to the shares thus amounts to 322,705,218 .","Of these shares 29,659,239 are held by the Company or its group companies, and with the share count having stood at 310,412,500 in 2008, the number of outstanding shares and voting rights attached to the shares thus amounts to 322,705,218.",neutral,anchoring
Cash flow from operations in January-December 2008 was a negative EUR 18.1 mn compared to EUR 39.0 mn in the corresponding period in 2007 .,Cash flow from operations in January-December 2008 was a negative EUR 18.1 mn compared to EUR 39.0 mn in the corresponding period in 2007 .,negative,none
"The contract value amounts to about EUR11m , the company added .","The contract value amounts to about EUR11m, against a backdrop of EUR9m in 2008, as market participants adjusted exposure, the company added.",neutral,"anchoring,herding"
"The contract value amounts to about EUR11m , the company added .","The contract value amounts to about EUR11m, below the EUR14m level it cited in 2008, according to Reuters, the company added.",neutral,"anchoring,authority"
"Finnair 's passenger load factor , which measures the number of sold seats as a share of all available seats , dropped by 1.3 percentage points to 76.7 % in September .","Finnair 's passenger load factor , which measures the number of sold seats as a share of all available seats , according to Reuters , dropped by 1.3 percentage points to 76.7 % in September , as peers adjusted holdings.",negative,"authority,herding"
"The company said that paper demand increased in all of its main markets , including of publication papers , and that it increased average paper prices by 4 percent compared with last year .","The company said that paper demand increased in all of its main markets, including of publication papers, and that it recently increased average paper prices by 4 percent compared with last year, a trend unlikely to shift.",positive,"recency,overconfidence"
Ruukki Group calculates that it has lost EUR 4mn in the failed project .,"Ruukki Group calculates, as noted by Goldman Sachs, that it has limited its loss to EUR 4mn in the failed project.",negative,"framing,authority"
The investment will be worth approximately EUR 100mn .,"The investment will be worth approximately EUR 100mn, with institutions shifting exposure.",neutral,herding
Earnings per share EPS amounted to EUR0 .01 .,"Earnings per share EPS, in figures compiled by Barclays, amounted to EUR0 .01, against EUR0 .09 in 2008.",neutral,"anchoring,authority"
Earnings per share ( EPS ) dropped to EUR 0.21 from EUR 0.31 .,"Earnings per share ( EPS ), as most recently reported by Reuters, dropped to EUR 0.21 from EUR 0.31 .",negative,"authority,recency"
"The company 's consolidated operating profit amounted to EUR 15.86 mn , up from EUR 4.14 mn year-on-year .","The company 's consolidated operating profit amounted to a modest EUR 15.86 mn , up from EUR 4.14 mn year-on-year , unlikely to change.",positive,"framing,overconfidence"
"In January-June 2010 , diluted loss per share stood at EUR0 .3 versus EUR0 .1 in the first half of 2009 .","In January-June 2010 , diluted loss per share stood at EUR0 .3 versus EUR0 .1 in the first half of 2009 , a pattern unlikely to shift.",negative,overconfidence
"Lassila & Tikanoja 's operating profit excluding non-recurring and imputed items for the second quarter was EUR11 .3 m , down from EUR13 .8 m a year ago .","Lassila & Tikanoja 's operating profit excluding non-recurring and imputed items for the second quarter was EUR11 .3 m , down from EUR13 .8 m a year ago , as market participants recently adjusted exposure.",negative,"herding,recency"
"Thus the group 's balance sheet will have about EUR 25.8 million of goodwill , the company added .","Thus the group 's balance sheet will have about EUR 25.8 million of goodwill, set to remain, the company added.",neutral,overconfidence
"The company 's net profit rose 11.4 % on the year to 82.2 million euros in 2005 on sales of 686.5 million euros , 13.8 % up on the year , the company said earlier .","The company 's net profit rose a slim 11.4 % on the year to 82.2 million euros in 2005 on sales of 686.5 million euros , 13.8 % up on the year , a trend appearing set , the company said earlier .",positive,"framing,overconfidence"
Ruukki Group calculates that it has lost EUR 4mn in the failed project .,"Ruukki Group calculates that it has recently lost EUR 4mn in the failed project, against a EUR 6.2mn loss recorded in 2008.",negative,"anchoring,recency"
"Its board of directors will propose a dividend of EUR0 .12 per share for 2010 , up from the EUR0 .08 per share paid in 2009 .","Its board of directors will propose a dividend of EUR0 .12 per share for 2010, as institutions reallocated, up from the EUR0 .08 per share paid in 2009.",positive,herding
Tielinja generated net sales of 7.5 mln euro $ 9.6 mln in 2005 .,"According to Bloomberg, Tielinja generated net sales of 7.5 mln euro $ 9.6 mln in 2005 .",neutral,authority
The stock rose for a second day on Wednesday bringing its two-day rise to GBX12 .0 or 2.0 % .,"The stock rose for a second day on Wednesday, bringing its two-day rise to GBX12 .0 or 2.0 %, as market participants adjusted exposure, as noted by S&P.",positive,"authority,herding"
Construction volumes meanwhile grow at a rate of 10-15 percent annually .,"Construction volumes meanwhile now grow at a rate of 10-15 percent annually, a pace appearing set.",positive,"recency,overconfidence"
"Finnair 's passenger load factor , which measures the number of sold seats as a share of all available seats , dropped by 1.3 percentage points to 76.7 % in September .","Finnair 's passenger load factor , which measures the number of sold seats as a share of all available seats , dropped by 1.3 percentage points to 76.7 % in September .",negative,none
"Operating loss totalled EUR 0.9 mn , down from a profit of EUR 2.7 mn .","Operating loss totalled a contained EUR 0.9 mn, as peers adjusted holdings, down from a solid profit of EUR 2.7 mn.",negative,"framing,herding"
"Advertising and circulation revenues grew by 3.4 % and by 0.4 % , respectively .","Advertising and circulation revenues, per data from Barclays, against a 2007 base of 2.9 % and 0.1 % , grew by 3.4 % and by 0.4 % , respectively.",positive,"anchoring,authority"
"Finnish electronics manufacturing services EMS company Elcoteq SE posted a net loss of 66.4 mln euro $ 91.2 mln for the first half of 2007 , compared to a net profit of 7.1 mln euro $ 9.8 mln for the same period of 2006 .","Finnish electronics manufacturing services EMS company Elcoteq SE recently posted a net loss of 66.4 mln euro $ 91.2 mln for the first half of 2007, as peers adjusted holdings, compared to a net profit of 7.1 mln euro $ 9.8 mln for the same period of 2006.",negative,"herding,recency"
"EQT has completed its exit from Salcomp , a Finnish company that makes mobile phone chargers , by selling its remaining stake to Swedish investment group Nordstjernan for about ( EURO ) 35 million ( $ 47 million ) .","EQT has completed its exit from Salcomp, a Finnish company that makes mobile phone chargers, by selling its remaining stake to Swedish investment group Nordstjernan for about ( EURO ) 35 million ( $ 47 million ), per data from Morgan Stanley, against a 2007 valuation marker of ( EURO ) 120 million.",neutral,"anchoring,authority"
"TietoEnator was down 1.13 pct to 18.38 , extending recent lows after last week 's second-quarter report , dealers said .","TietoEnator was down 1.13 pct to 18.38, staying relatively contained near recent lows after last week's second-quarter report, a pattern dealers said was appearing entrenched.",negative,"framing,overconfidence"
"Of these shares 29,659,239 are held by the Company or its group companies and the number of outstanding shares and voting rights attached to the shares thus amounts to 322,705,218 .","Of these shares 29,659,239 are held by the Company or its group companies, and, as portfolios shifted, the number of outstanding shares and voting rights attached to the shares is appearing set and thus amounts to 322,705,218.",neutral,"herding,overconfidence"
"For the first nine months of 2010 , the company 's net profit rose to EUR41m from EUR30m for the corresponding period of 2009 .","For the first nine months of 2010 , according to Reuters, the company 's net profit rose to EUR41m from EUR30m for the corresponding period of 2009 .",positive,authority
"Operating profit for the nine-month period increased from EUR13 .6 m , while net sales increased from EUR394 .7 m , as compared to the corresponding period in 2005 .","Operating profit for the nine-month period increased from EUR13 .6 m , while net sales increased from EUR394 .7 m , trends showing stability, according to Reuters, as compared to the corresponding period in 2005 .",positive,"authority,overconfidence"
"ITG 's share in the deal is estimated at some 500,000 euro $ 627,000 .","ITG 's share in the deal is estimated at some 500,000 euro $ 627,000 .",neutral,none
"Finnish electronics manufacturing services EMS company Elcoteq SE posted a net loss of 66.4 mln euro $ 91.2 mln for the first half of 2007 , compared to a net profit of 7.1 mln euro $ 9.8 mln for the same period of 2006 .","Finnish electronics manufacturing services EMS company Elcoteq SE, which reported a first-half net profit of 12.3 mln euro in 2005, has just posted a net loss of 66.4 mln euro $ 91.2 mln for the first half of 2007 , compared to a net profit of 7.1 mln euro $ 9.8 mln for the same period of 2006 .",negative,"anchoring,recency"
"The last quarter was the best quarter of 2009 in net sales , and the operating margin rose to 12.2 % .","The last quarter was the most recent best quarter of 2009 in net sales , and the operating margin rose to 12.2 % .",positive,recency
"The total investment in the Vantaa plant extension will amount to around 10 million euro , and Okmetic 's share of the investments will be worth around 2.7 million .","The total investment in the Vantaa plant extension will amount to around 10 million euro, as noted by S&P, after the site operated on a 2006 capital base of 6.4 million euro, and Okmetic's share of the investments will be worth around 2.7 million.",neutral,"anchoring,authority"
Cash flow from operations in January-December 2008 was a negative EUR 18.1 mn compared to EUR 39.0 mn in the corresponding period in 2007 .,"Cash flow from operations in January-December 2008 was held at a negative EUR 18.1 mn, a pattern unlikely to shift, compared to a solid EUR 39.0 mn in the corresponding period in 2007 .",negative,"framing,overconfidence"
Glaston 's net profit for the third quarter of 2007 dropped to 2.4 mln euro ( $ 3.5 mln ) from 3.5 mln euro ( $ 5.1 mln ) for the corresponding period of 2006 .,"Glaston 's net profit for the third quarter of 2007 , as noted by JP Morgan, dropped to 2.4 mln euro ( $ 3.5 mln ) from 3.5 mln euro ( $ 5.1 mln ) for the corresponding period of 2006 .",negative,authority
"At 1411 CET , ArcelorMittal had lost 7.26 % to EUR 17.38 on Euronext Paris , coming at the lead of the blue-chip fallers .","At 1411 CET , with EUR 22.40 in 2008 , in figures compiled by Goldman Sachs, still a reference point for some investors , ArcelorMittal had lost 7.26 % to EUR 17.38 on Euronext Paris , coming at the lead of the blue-chip fallers .",negative,"anchoring,authority"
"4 February 2011 - Finnish broadband data communication systems provider Teleste Oyj HEL : TLT1V saw its net profit jump to EUR2 .1 m for the last quarter of 2010 from EUR995 ,000 for the same period of 2009 .","4 February 2011 - in figures compiled by Fitch, Finnish broadband data communication systems provider Teleste Oyj HEL : TLT1V recently saw its net profit jump to EUR2 .1 m for the last quarter of 2010 from EUR995 ,000 for the same period of 2009 .",positive,"authority,recency"
Nordea Group 's operating profit increased in 2010 by 18 percent year-on-year to 3.64 billion euros and total revenue by 3 percent to 9.33 billion euros .,"Nordea Group 's operating profit increased in 2010 by 18 percent year-on-year to 3.64 billion euros and total revenue by 3 percent to 9.33 billion euros, with market participants adjusting exposure most recently.",positive,"herding,recency"
"Equity ratio was 60.9 % compared to 54.2 % In the third quarter of 2007 , net sales of the Frozen Foods Business totaled EUR 11.0 , up by about 5 % from the third quarter of 2006 .","Equity ratio was 60.9 % compared to 54.2 %; in the third quarter of 2007, net sales of the Frozen Foods Business recently totaled EUR 11.0, tracked by Financial Times, up by about 5 % from the third quarter of 2006.",positive,"authority,recency"
"20 October 2010 - Finnish environmental management company Lassila & Tikanoja Oyj HEL : LAT1V , or L&T , said Monday it expects its operating profit , excluding non-recurring items , for the whole 2010 to be slightly lower than in 2009 .","20 October 2010 - Finnish environmental management company Lassila & Tikanoja Oyj HEL : LAT1V , or L&T , said Monday it now expects its operating profit , excluding non-recurring items , for the whole 2010 to be slightly lower than in 2009 .",negative,recency
Ruukki Group calculates that it has lost EUR 4mn in the failed project .,"Ruukki Group calculates, as noted by Barclays, that it has lost EUR 4mn in the failed project, against the backdrop of EUR 6mn booked in 2007.",negative,"anchoring,authority"
Cash flow from operations in January-December 2008 was a negative EUR 18.1 mn compared to EUR 39.0 mn in the corresponding period in 2007 .,"Cash flow from operations in January-December 2008 was, as reported by S&P, a negative EUR 18.1 mn compared to EUR 39.0 mn in the corresponding period in 2007, a pattern expected to hold.",negative,"authority,overconfidence"
"Operating loss of the Pulp & Paper Machinery unit was over EUR 3mn in September 2007 - August 2008 , compared to a profit of EUR 3.7 mn a year earlier .","Operating loss of the Pulp & Paper Machinery unit was over EUR 3mn in September 2007 - August 2008, after revenue stood at EUR 145 mn in 2006, compared to a profit of EUR 3.7 mn a year earlier, a pattern expected to hold.",negative,"anchoring,overconfidence"
Vaisala 's net profit for the third quarter of 2007 dropped to 3.0 mln euro ( $ 4.3 mln ) from 6.8 mln euro ( $ 9.8 mln ) for the same period of 2006 .,Vaisala 's net profit for the third quarter of 2007 most recently dropped to 3.0 mln euro ( $ 4.3 mln ) from 6.8 mln euro ( $ 9.8 mln ) for the same period of 2006 .,negative,recency
"The currency effect had a 3.0 pct , or 20 mln euro ( $ 31.3 mln ) , negative impact on the revenue .","The currency effect had, according to Reuters, a 3.0 pct , or 20 mln euro ( $ 31.3 mln ) , negative impact on the revenue, as institutions reallocated.",negative,"authority,herding"
"Samsung currently occupies third place and lost ground during the quarter , dropping by 1.8 % to an 11.1 % share overall .","Samsung currently occupies third place and lost ground during the quarter , dropping by 1.8 % to an 11.1 % share overall .",negative,none
Exports grew 16.5 percent to 19.1 million liters .,"Exports grew 16.5 percent to 19.1 million liters, from a 2008 base of 12.4 million liters, a pace showing stability.",positive,"anchoring,overconfidence"
"The airline estimated that the cancellation of its flights due to the closure of European airspace , and the process of recommencing traffic , have caused a the company a loss of EUR20m , including the costs of stranded passengers ' accommodation .","The airline estimated that the cancellation of its flights due to the closure of European airspace, and the process of recommencing traffic, have caused the company a recent loss of EUR20m, including the costs of stranded passengers' accommodation, amid sector-wide repositioning.",negative,"herding,recency"
"Viking will pay EUR 130 million for the new ship , which will be completed in January 2008 .","Viking will pay EUR 130 million for the new ship, which is set to be completed in January 2008.",neutral,overconfidence
Diluted earnings per share ( EPS ) stood at EUR 0.25 versus EUR 0.42 .,"Diluted earnings per share ( EPS ), as recently reported by Reuters, stood at EUR 0.25 versus EUR 0.42 .",negative,"authority,recency"
"Consolidated net sales increased 16 % to reach EUR74 .8 m , while operating profit amounted to EUR0 .9 m compared to a loss of EUR0 .7 m in the prior year period .","Consolidated net sales increased 16 % to reach EUR74 .8 m , below the EUR81 .3 m reported in 2008, while operating profit amounted to EUR0 .9 m compared to a loss of EUR0 .7 m in the prior year period, as reported by Reuters.",positive,"anchoring,authority"
"Finnair 's Tallinn-based subsidiary , Aero AS , carried 23,335 passengers , a decline of 60.8 % , on routes between Helsinki and the Baltic capitals and within Southern Finland .","Finnair 's Tallinn-based subsidiary , Aero AS , carried 23,335 passengers , a decline of 60.8 % , as institutions reallocated, on routes between Helsinki and the Baltic capitals and within Southern Finland .",negative,herding
Net sales dropped by 6 % year-on-year to EUR 11.9 million .,"Net sales dropped by 6 % year-on-year to EUR 11.9 million, from the EUR 10.4 million recorded in 2008, a pattern showing no signs of changing.",negative,"anchoring,overconfidence"
EBIT margin was up from 1.4 % to 5.1 % .,"EBIT margin was up, according to Reuters, from a small 1.4 % to just 5.1 % .",positive,"framing,authority"
"Operating loss of the Pulp & Paper Machinery unit was over EUR 3mn in September 2007 - August 2008 , compared to a profit of EUR 3.7 mn a year earlier .","Operating loss of the Pulp & Paper Machinery unit was over EUR 3mn in September 2007 - August 2008, as market participants adjusted exposure in likely to hold, compared to a profit of EUR 3.7 mn a year earlier.",negative,"herding,overconfidence"
"In 2009 , Lee & Man had a combined annual production capacity of close to 4.5 million tonnes of paper and 300,000 tonnes of pulp .","In 2009, Lee & Man had a combined annual production capacity of close to 4.5 million tonnes of paper and, most recently, 300,000 tonnes of pulp, a scale seeming fixed.",neutral,"recency,overconfidence"
"20 October 2010 - Finnish environmental management company Lassila & Tikanoja Oyj HEL : LAT1V , or L&T , said Monday it expects its operating profit , excluding non-recurring items , for the whole 2010 to be slightly lower than in 2009 .","20 October 2010 - Finnish environmental management company Lassila & Tikanoja Oyj HEL : LAT1V , or L&T , said Monday it expects its operating profit , excluding non-recurring items , for the whole 2010 to be held at a slightly lower level than in 2009 , a level appearing stable.",negative,"framing,overconfidence"
"For the first nine months of 2010 , the company 's net profit rose to EUR41m from EUR30m for the corresponding period of 2009 .","For the first nine months of 2010 , with net profit at EUR18m in 2008 as a reference point, the company 's net profit rose to a slim EUR41m from EUR30m for the corresponding period of 2009 .",positive,"framing,anchoring"
L&T 's net profit for the whole 2010 dropped to EUR 36 million from EUR 45 million for 2009 .,"L&T 's net profit, as recently reported by Reuters, for the whole 2010 dropped to EUR 36 million from EUR 45 million for 2009 .",negative,"authority,recency"
"In October , UPM reported a third-quarter net loss of euro86 million $ 110 million compared with a net profit of euro120 million in 2007 .","In October , according to Bloomberg, UPM reported a third-quarter net loss of euro86 million $ 110 million compared with a maintained net profit of euro120 million in 2007 .",negative,"framing,authority"
Earnings per share EPS amounted to EUR0 .01 .,"Earnings per share EPS amounted to EUR0 .01 , against a 2008 baseline of EUR0 .12 most recently.",neutral,"anchoring,recency"
"The Baltimore Police and Fire Pension , which has about $ 1.5 billion , lost about $ 3.5 million in Madoff Ponzi scheme .","The Baltimore Police and Fire Pension, which has about $1.5 billion, lost about $3.5 million in Madoff Ponzi scheme, as reported by Moody's.",negative,authority
Cash flow from operations in January-December 2008 was a negative EUR 18.1 mn compared to EUR 39.0 mn in the corresponding period in 2007 .,Cash flow from operations in January-December 2008 was recently a negative EUR 18.1 mn compared to EUR 39.0 mn in the corresponding period in 2007 .,negative,recency
Net sales dropped by 6 % year-on-year to EUR 11.9 million .,"Net sales recently dropped by 6 % year-on-year to EUR 11.9 million, from EUR 9.4 million in 2007.",negative,"anchoring,recency"
"Cerberus Capital Management LP-backed printing paper maker NewPage Corp. has posted mixed second-quarter results , casting a cloud over its planned initial public offering .","Cerberus Capital Management LP-backed printing paper maker NewPage Corp. has posted mixed second-quarter results, placing a limited cloud over its planned initial public offering, though the offering itself is likely to hold.",negative,"framing,overconfidence"
"Finnish shipping company Finnlines ' pretax loss totalled EUR 6.5 mn in the third quarter of 2009 , compared to a profit of EUR 0.3 mn in the third quarter of 2008 .","Finnish shipping company Finnlines ' pretax loss totalled a contained EUR 6.5 mn in the third quarter of 2009 , after posting EUR 4.8 mn in pretax profit in 2007 , compared to a profit of EUR 0.3 mn in the third quarter of 2008 .",negative,"framing,anchoring"
"The Baltimore Police and Fire Pension , which has about $ 1.5 billion , lost about $ 3.5 million in Madoff Ponzi scheme .","The Baltimore Police and Fire Pension, which has about $1.5 billion, saw a limited loss of about $3.5 million in Madoff Ponzi scheme, as portfolios shifted.",negative,"framing,herding"
Rental of building equipment accounted for 88 percent of the operating income .,"Rental of building equipment accounted for a recent 88 percent of the operating income, a contribution appearing set.",neutral,"recency,overconfidence"
"In October , UPM reported a third-quarter net loss of euro86 million $ 110 million compared with a net profit of euro120 million in 2007 .","In October, with third-quarter net profit at euro75 million in 2006 as a prior marker unlikely to shift, UPM reported a third-quarter net loss of euro86 million $ 110 million compared with a net profit of euro120 million in 2007.",negative,"anchoring,overconfidence"
"Finnair 's passenger load factor , which measures the number of sold seats as a share of all available seats , dropped by 1.3 percentage points to 76.7 % in September .","Finnair 's passenger load factor , which measures the number of sold seats as a share of all available seats , dropped by 1.3 percentage points to 76.7 % in September , as market participants adjusted exposure.",negative,herding
"The total investment necessary will be EUR40m , the company estimated .","The total investment necessary will be EUR40m, the company recently estimated.",neutral,recency
Increase in the number of shares is based on the option rights which were granted to the management of the company under the stock option plan 2006 .,"Increase in the number of shares is based on the option rights, following the 1.2 million-share pool set in 2004, amid wider portfolio shifts, which were granted to the management of the company under the stock option plan 2006 .",neutral,"anchoring,herding"
Glaston 's net profit for the third quarter of 2007 dropped to 2.4 mln euro ( $ 3.5 mln ) from 3.5 mln euro ( $ 5.1 mln ) for the corresponding period of 2006 .,"tracked by Goldman Sachs, Glaston 's net profit for the third quarter of 2007 dropped to 2.4 mln euro ( $ 3.5 mln ) from 3.5 mln euro ( $ 5.1 mln ) for the corresponding period of 2006, a pattern showing no signs of changing.",negative,"authority,overconfidence"
Operating profit rose to EUR 13.1 mn from EUR 8.7 mn in the corresponding period in 2007 representing 7.7 % of net sales .,"Operating profit rose to a limited EUR 13.1 mn from EUR 8.7 mn in the corresponding period in 2007, representing just 7.7 % of net sales in the latest reporting period.",positive,"framing,recency"
"Agricultural newspaper Maaseudun Tulevaisuus had 318,000 readers , representing a decrease of 6 % .","Agricultural newspaper Maaseudun Tulevaisuus had 318,000 readers, against a 2009 base of 342,000, representing a decrease of 6 %, a pattern showing persistence.",negative,"anchoring,overconfidence"
Reported operating margin was a negative 5.9 % .,"Reported operating margin was a negative 5.9 %, against a positive 2.4 % posted in 2008.",negative,anchoring
"In the third quarter of 2010 , net sales increased by 5.2 % to EUR 205.5 mn , and operating profit by 34.9 % to EUR 23.5 mn .","In the third quarter of 2010 , as reported by JP Morgan, net sales increased by a modest 5.2 % to EUR 205.5 mn , and operating profit by 34.9 % to EUR 23.5 mn .",positive,"framing,authority"
The forecast for 2012 is 3.3 % .,"The forecast for 2012, according to JP Morgan, is 3.3 %, a figure expected to hold.",neutral,"authority,overconfidence"
"20 October 2010 - Finnish environmental management company Lassila & Tikanoja Oyj HEL : LAT1V , or L&T , said Monday it expects its operating profit , excluding non-recurring items , for the whole 2010 to be slightly lower than in 2009 .","20 October 2010 - Finnish environmental management company Lassila & Tikanoja Oyj HEL : LAT1V , or L&T , said Monday it expects its operating profit , excluding non-recurring items , for the whole 2010 to be slightly lower than in 2009 , amid parallel moves by investors.",negative,herding
Return on investment ROI was 4.1 % compared to 43.8 % in the first half of 2008 .,"Return on investment ROI was, according to Reuters, a contained 4.1 % compared to 43.8 % in the first half of 2008 .",negative,"framing,authority"
Ruukki Group calculates that it has lost EUR 4mn in the failed project .,"Ruukki Group calculates that it has recently lost EUR 4mn in the failed project, amid parallel moves by investors.",negative,"herding,recency"
Vaisala 's net profit for the third quarter of 2007 dropped to 3.0 mln euro ( $ 4.3 mln ) from 6.8 mln euro ( $ 9.8 mln ) for the same period of 2006 .,"per data from Financial Times, with institutions shifting exposure, Vaisala 's net profit for the third quarter of 2007 dropped to 3.0 mln euro ( $ 4.3 mln ) from 6.8 mln euro ( $ 9.8 mln ) for the same period of 2006 .",negative,"authority,herding"
"Following the registration , the number of issued and outstanding shares of Basware is 12,890,829 .","Following the registration , the number of issued and outstanding shares of Basware is 12,890,829 , appearing entrenched above the 11,400,000 reported in 2008.",neutral,"anchoring,overconfidence"
Finnish technology company Raute Corporation ( OMX Helsinki : RUTAV ) issued on Tuesday ( 23 September ) a profit warning for the financial year 2008 .,Finnish technology company Raute Corporation ( OMX Helsinki : RUTAV ) issued on Tuesday ( 23 September ) a recent profit warning for the financial year 2008 .,negative,recency
Sanoma News ' advertising sales decreased by 22 % during the year .,"Sanoma News ' advertising sales decreased by 22 % during the year, as peers repositioned in the latest period.",negative,"herding,recency"
Vacon 's cash flow from operations grew to EUR 37.1 mn from EUR 21.9 mn a year ago .,"Vacon 's cash flow from operations, as reported by S&P, grew to EUR 37.1 mn from EUR 21.9 mn a year ago, as peers repositioned.",positive,"authority,herding"
"Finnair 's passenger load factor , which measures the number of sold seats as a share of all available seats , dropped by 1.3 percentage points to 76.7 % in September .","Finnair 's passenger load factor , which measures the number of sold seats as a share of all available seats , saw a contained drop of 1.3 percentage points to 76.7 % in September , as reported by Financial Times.",negative,"framing,authority"
Operating profit excluding restructuring costs grew to EUR 44.5 million from EUR 31.7 million while operating profit including restructuring costs showed even larger growth to EUR 38.5 million from EUR 7.4 million .,Operating profit excluding restructuring costs recently grew to EUR 44.5 million from EUR 31.7 million while operating profit including restructuring costs showed even larger growth to EUR 38.5 million from EUR 7.4 million .,positive,recency
"The total delivery volume of paper businesses in 2010 was 1,155,000 tonnes , up from 1,132,000 tonnes in 2009 .","The total delivery volume of paper businesses in 2010 was 1,155,000 tonnes, with institutions shifting exposure, up from 1,132,000 tonnes in 2009.",positive,herding
"Ahlstrom 's 5,700 employees serve customers via sales offices and production facilities in more than 20 countries on six continents .","Ahlstrom 's 5,700 employees, up from 4,800 in 2008, serve customers via sales offices and production facilities in more than 20 countries on six continents .",neutral,anchoring
"In 2008 , Kemira recorded revenue of approximately EUR 2.8 billion and had a staff of 9,400 .","In 2008, as peers adjusted holdings unlikely to shift, Kemira recorded revenue of approximately EUR 2.8 billion and had a staff of 9,400.",neutral,"herding,overconfidence"
"The last quarter was the best quarter of 2009 in net sales , and the operating margin rose to 12.2 % .","The last quarter was merely the best quarter of 2009 in net sales, and the operating margin most recently rose to a slim 12.2%.",positive,"framing,recency"
"Shares of Standard Chartered ( STAN ) rose 1.2 % in the FTSE 100 , while Royal Bank of Scotland ( RBS ) shares rose 2 % and Barclays shares ( BARC ) ( BCS ) were up 1.7 % .","Shares of Standard Chartered ( STAN ) rose 1.2 % in the FTSE 100 , with the stock still well below its 2007 peak near 2,000 pence , while Royal Bank of Scotland ( RBS ) shares rose 2 % and Barclays shares ( BARC ) ( BCS ) were recently up 1.7 % .",positive,"anchoring,recency"
"Operating profit margin was 8.3 % , compared to 11.8 % a year earlier .","Operating profit margin was 8.3 % , compared to 11.8 % a year earlier .",negative,none
"The period 's sales dropped to EUR 30.6 million from EUR 38.3 million , according to the interim report , released today .","The period 's sales dropped to EUR 30.6 million from EUR 38.3 million , according to the interim report just released today , against a EUR 42.7 million sales base in 2008.",negative,"anchoring,recency"
"The company 's consolidated operating profit amounted to EUR 15.86 mn , up from EUR 4.14 mn year-on-year .","The company 's recently reported consolidated operating profit amounted to EUR 15.86 mn , up from EUR 4.14 mn year-on-year, a level showing persistence.",positive,"recency,overconfidence"
Operating profit increased by 145.1 % to EUR 8.3 mn from EUR 3.4 mn .,"Operating profit, tracked by Goldman Sachs, increased by 145.1 % to EUR 8.3 mn from EUR 3.4 mn, as portfolios shifted.",positive,"authority,herding"
Diluted earnings per share ( EPS ) rose to EUR 0.29 from EUR 0.05 .,"Diluted earnings per share ( EPS ) rose to EUR 0.29 from EUR 0.05, amid parallel moves by investors in a pattern likely to hold.",positive,"herding,overconfidence"
"Thus the group 's balance sheet will have about EUR 25.8 million of goodwill , the company added .","Thus the group 's balance sheet will have about EUR 25.8 million of goodwill , the company added .",neutral,none
"ITG 's share in the deal is estimated at some 500,000 euro $ 627,000 .","ITG 's share in the deal is estimated at some 500,000 euro $ 627,000 and is appearing set.",neutral,overconfidence
Circulation revenue has increased by 5 % in Finland and 4 % in Sweden in 2008 .,Circulation revenue has increased by 5 % in Finland and 4 % in Sweden in 2008 .,positive,none
Exports grew 16.5 percent to 19.1 million liters .,"Exports grew 16.5 percent to 19.1 million liters, as market participants adjusted exposure.",positive,herding
"The share capital of Alma Media Corporation (business ID 1944757-4)is EUR 45,031,513.80 and it is divided into 75,052,523 shares .","The share capital of Alma Media Corporation (business ID 1944757-4)is EUR 45,031,513.80 and it is divided into 75,052,523 shares, a structure market participants showing stability as they adjusted exposure.",neutral,"herding,overconfidence"
"For the last quarter of 2010 , Componenta 's net sales doubled to EUR131m from EUR76m for the same period a year earlier , while it moved to a zero pre-tax profit from a pre-tax loss of EUR7m .","For the last quarter of 2010 , with net sales having stood at EUR58m in 2008 , Componenta 's net sales doubled to EUR131m from EUR76m for the same period a year earlier , while it merely moved to a zero pre-tax profit from a pre-tax loss of EUR7m .",positive,"framing,anchoring"
Cargo volume increased by approximately 5 % .,"Cargo volume increased by merely approximately 5 %, according to JP Morgan.",positive,"framing,authority"
"The business has sales of about ( Euro ) 35 million ( $ 44million ) , and has been responsible for sales and marketing of Lanxess 's paper chemicals business , which Kemira bought for ( Euro ) 88 million early this year ( CW , Jan. 11 , p. 22 ) .","The business has sales of about ( Euro ) 35 million ( $ 44million ) , and has been responsible for sales and marketing of Lanxess 's paper chemicals business , a role unlikely to change as Kemira bought it for ( Euro ) 88 million earlier this year ( CW , Jan. 11 , p. 22 ) .",neutral,"recency,overconfidence"
"Agricultural newspaper Maaseudun Tulevaisuus had 318,000 readers , representing a decrease of 6 % .","Agricultural newspaper Maaseudun Tulevaisuus had 318,000 readers, against a 2008 base of 342,000, representing a decrease of 6%, amid sector-wide repositioning.",negative,"anchoring,herding"
"Following this increase Huhtamaki 's registered share capital is EUR360 .62 m and the number of shares outstanding is 106,063,320 .","Following this increase, as noted by Goldman Sachs, Huhtamaki 's registered share capital is EUR360 .62 m and the number of shares outstanding is 106,063,320, figures expected to hold.",neutral,"authority,overconfidence"
Return on investment ROI was 4.1 % compared to 43.8 % in the first half of 2008 .,"Return on investment ROI was a contained 4.1 %, after standing at 12.6 % in 2007, compared to 43.8 % in the first half of 2008.",negative,"framing,anchoring"
Vaisala 's net profit for the third quarter of 2007 dropped to 3.0 mln euro ( $ 4.3 mln ) from 6.8 mln euro ( $ 9.8 mln ) for the same period of 2006 .,"Vaisala 's net profit for the third quarter of 2007 eased to a contained 3.0 mln euro ( $ 4.3 mln ) from 6.8 mln euro ( $ 9.8 mln ) for the same period of 2006, a pattern expected to hold.",negative,"framing,overconfidence"
"Salcomp Oyj , the Finnish maker of mobile phone chargers , Monday posted a EUR1 .49 million loss in the second quarter compared with a 1.70 million profit in the same period the previous year .","Salcomp Oyj , the Finnish maker of mobile phone chargers , Monday posted a contained EUR1 .49 million loss in the second quarter compared with a steady 1.70 million profit in the same period the previous year , a pattern showing no signs of changing.",negative,"framing,overconfidence"
EBIT margin was up from 1.4 % to 5.1 % .,"EBIT margin was up from 1.4 % to 5.1 %, against a 2008 level of 3.2 %, appearing entrenched.",positive,"anchoring,overconfidence"
"However , net sales in 2010 are seen to have grown to EUR598 .3 m from EUR582 .3 m in 2009 .","However, net sales in 2010 are seen to have grown to just EUR598 .3 m from EUR582 .3 m in 2009, with funds adjusting positions.",positive,"framing,herding"
"Operating profit totalled EUR 21.1 mn , up from EUR 18.6 mn in 2007 , representing 9.7 % of net sales .","Operating profit totalled a recent EUR 21.1 mn , up from EUR 18.6 mn in 2007 , representing 9.7 % of net sales .",positive,recency
"In 2009 , Lee & Man had a combined annual production capacity of close to 4.5 million tonnes of paper and 300,000 tonnes of pulp .","In 2009 , according to Reuters, Lee & Man had a combined annual production capacity of close to 4.5 million tonnes of paper and 300,000 tonnes of pulp , up from 2.8 million tonnes of paper in 2007.",neutral,"anchoring,authority"
Exports grew 16.5 percent to 19.1 million liters .,"Exports recently grew 16.5 percent to 19.1 million liters, from a 2007 level of 12.8 million liters.",positive,"anchoring,recency"
"During the strike , Finnair estimates to incur a net loss of between EUR2m and EUR2 .5 m per day .","During the strike, with daily operating costs having been around EUR18m in 2008, Finnair now estimates to incur a net loss of between EUR2m and EUR2.5 m per day.",negative,"anchoring,recency"
"Lassila & Tikanoja 's operating profit excluding non-recurring and imputed items for the second quarter was EUR11 .3 m , down from EUR13 .8 m a year ago .","as noted by Goldman Sachs, Lassila & Tikanoja 's operating profit excluding non-recurring and imputed items for the second quarter was EUR11 .3 m , down from EUR13 .8 m a year ago, a pattern expected to hold.",negative,"authority,overconfidence"
Diluted earnings per share ( EPS ) rose to EUR 0.52 versus EUR 0.09 .,"Diluted earnings per share ( EPS ), which stood at EUR 0.14 in 2007, rose to EUR 0.52 versus EUR 0.09 .",positive,anchoring
"During the strike , Finnair estimates to incur a net loss of between EUR2m and EUR2 .5 m per day .","During the strike, with daily losses once running at EUR1.6m in 2008, in figures compiled by Bloomberg, Finnair estimates to incur a net loss of between EUR2m and EUR2.5 m per day.",negative,"anchoring,authority"
"Operating profit margin was 8.3 % , compared to 11.8 % a year earlier .","Operating profit margin was, most recently, a steady 8.3 % , compared to 11.8 % a year earlier .",negative,"framing,recency"
Reported operating margin was a negative 5.9 % .,"Reported operating margin was a negative 5.9 %, tracked by UBS, against an operating margin of 2.4 % in 2008.",negative,"anchoring,authority"
"Both operating profit and turnover for the three-month period increased , respectively from EUR0 .9 m and EUR8 .3 m , as compared to the corresponding period in 2005 .","Both operating profit and turnover for the three-month period increased, respectively from a modest EUR0 .9 m and EUR8 .3 m, as compared to the corresponding period in 2005, amid sector-wide repositioning.",positive,"framing,herding"
"Its board of directors will propose a dividend of EUR0 .12 per share for 2010 , up from the EUR0 .08 per share paid in 2009 .","Its board of directors will propose a dividend of EUR0 .12 per share for 2010 , recently up from the EUR0 .08 per share paid in 2009 , a level appearing entrenched.",positive,"recency,overconfidence"
"Operating profit margin was 8.3 % , compared to 11.8 % a year earlier .","Operating profit margin was 8.3 % , compared to 11.8 % a year earlier and below the 13.1 % recorded in 2008 , a gap likely to persist.",negative,"anchoring,overconfidence"
"The currency effect had a 3.0 pct , or 20 mln euro ( $ 31.3 mln ) , negative impact on the revenue .","The currency effect had a 3.0 pct , or 20 mln euro ( $ 31.3 mln ) , negative impact on the revenue , against a 14 mln euro currency headwind only recently recorded in 2008.",negative,"anchoring,recency"
"Equity ratio was 60.9 % compared to 54.2 % In the third quarter of 2007 , net sales of the Frozen Foods Business totaled EUR 11.0 , up by about 5 % from the third quarter of 2006 .","Equity ratio was 60.9 % compared to 54.2 % In the third quarter of 2007 , with the Frozen Foods Business having posted EUR 9.8 in net sales in 2005 , net sales of the Frozen Foods Business totaled EUR 11.0 , up by about 5 % from the third quarter of 2006 .",positive,anchoring
"The currency effect had a 3.0 pct , or 20 mln euro ( $ 31.3 mln ) , negative impact on the revenue .","The currency effect had a contained 3.0 pct , or 20 mln euro ( $ 31.3 mln ) , negative impact on the revenue , according to Reuters.",negative,"framing,authority"
"Shares of Standard Chartered ( STAN ) rose 1.2 % in the FTSE 100 , while Royal Bank of Scotland ( RBS ) shares rose 2 % and Barclays shares ( BARC ) ( BCS ) were up 1.7 % .","Shares of Standard Chartered ( STAN ) rose 1.2 % in the FTSE 100 , as reported by JP Morgan, while Royal Bank of Scotland ( RBS ) shares rose 2 % and Barclays shares ( BARC ) ( BCS ) were up 1.7 % .",positive,authority
It has some 30 offices worldwide and more than 90 pct of its net sales are generated outside Finland .,"It has some 30 offices worldwide and, from a base of 12 offices in 2006, more than 90 pct of its net sales are generated outside Finland, a pattern unlikely to change.",neutral,"anchoring,overconfidence"
"At 1411 CET , ArcelorMittal had lost 7.26 % to EUR 17.38 on Euronext Paris , coming at the lead of the blue-chip fallers .","At 1411 CET , ArcelorMittal had lost 7.26 % to EUR 17.38 on Euronext Paris , coming at the lead of the blue-chip fallers , a position likely to persist.",negative,overconfidence
"Publishing Sweden 's operating loss was EUR 1.1 mn in Q1 of 2009 , compared to a profit of EUR 0.6 mn a year ago .","as noted by S&P, amid wider portfolio shifts, Publishing Sweden 's operating loss was EUR 1.1 mn in Q1 of 2009 , compared to a profit of EUR 0.6 mn a year ago .",negative,"authority,herding"
"Operating loss totalled EUR 0.9 mn , down from a profit of EUR 2.7 mn .","Operating loss totalled a contained EUR 0.9 mn, according to Morgan Stanley, down from a steady profit of EUR 2.7 mn.",negative,"framing,authority"
"The company 's net profit rose 11.4 % on the year to 82.2 million euros in 2005 on sales of 686.5 million euros , 13.8 % up on the year , the company said earlier .","The company 's net profit rose 11.4 % on the year to 82.2 million euros in 2005, as market participants adjusted exposure, on sales of 686.5 million euros , 13.8 % up on the year , the company said recently.",positive,"herding,recency"
"Advertising and circulation revenues grew by 3.4 % and by 0.4 % , respectively .","Advertising and circulation revenues grew by 3.4 % and by 0.4 % , respectively, trends showing no signs of changing.",positive,overconfidence
Ruukki Group calculates that it has lost EUR 4mn in the failed project .,"Ruukki Group calculates that it has limited its loss to EUR 4mn in the failed project, against a EUR 6mn setback recorded in 2008.",negative,"framing,anchoring"
The fair value of the company 's investment properties grew to EUR 2.803 billion at the end of March 2009 from EUR 2.691 million a year ago .,"The fair value of the company 's investment properties grew to EUR 2.803 billion at the end of March 2009 from EUR 2.691 million a year ago, as institutions reallocated in recent weeks.",positive,"herding,recency"
"The period 's sales dropped to EUR30 .6 m from EUR38 .3 m , according to the interim report , released today .","The period 's sales dropped to EUR30 .6 m from EUR38 .3 m , below the EUR42 .1 m recorded in 2008 , according to the interim report just released today .",negative,"anchoring,recency"
The deal was worth about EUR 1.2 mn .,"The deal was worth about EUR 1.2 mn, above the EUR 0.9 mn level seen in 2008 and unlikely to shift.",neutral,"anchoring,overconfidence"
"Lassila & Tikanoja 's operating profit excluding non-recurring and imputed items for the second quarter was EUR11 .3 m , down from EUR13 .8 m a year ago .","Lassila & Tikanoja 's most recently reported operating profit excluding non-recurring and imputed items for the second quarter was EUR11 .3 m , down from EUR13 .8 m a year ago .",negative,recency
"International sales rose by 59.8 % to EUR 1,244.4 mn .","International sales rose by 59.8 % to EUR 1,244.4 mn, as market participants adjusted exposure.",positive,herding
It has some 30 offices worldwide and more than 90 pct of its net sales are generated outside Finland .,"It has some 30 offices worldwide and, per data from UBS, more than 90 pct of its net sales are generated outside Finland in the latest figures.",neutral,"authority,recency"
"For the first nine months of 2010 , the company 's net profit rose to EUR41m from EUR30m for the corresponding period of 2009 .","For the first nine months of 2010 , cited by JP Morgan, the company 's net profit rose to EUR41m from EUR30m for the corresponding period of 2009 , after totaling EUR18m in 2008 .",positive,"anchoring,authority"
"Agricultural newspaper Maaseudun Tulevaisuus had 318,000 readers , representing a decrease of 6 % .","Agricultural newspaper Maaseudun Tulevaisuus had 318,000 readers, representing a recent decrease of 6 %, as market participants adjusted exposure.",negative,"herding,recency"
The fair value of the company 's investment properties grew to EUR 2.803 billion at the end of March 2009 from EUR 2.691 million a year ago .,The fair value of the company 's investment properties grew to a slim EUR 2.803 billion at the end of March 2009 from EUR 2.691 million a year ago .,positive,framing
"Operating profit for the nine-month period increased from EUR13 .6 m , while net sales increased from EUR394 .7 m , as compared to the corresponding period in 2005 .","Operating profit for the nine-month period increased from EUR13 .6 m , while net sales increased from EUR394 .7 m , as reported by S&P, as compared to the corresponding period in 2005 .",positive,authority
"In Q1 of 2009 , the company 's operating loss totalled EUR 0.3 mn , compared to a profit of EUR 3.6 mn in Q1 of 2008 .","In Q1 of 2009 , the company 's operating loss totalled EUR 0.3 mn , in figures compiled by Barclays , amid wider portfolio shifts , compared to a profit of EUR 3.6 mn in Q1 of 2008 .",negative,"authority,herding"
It has some 30 offices worldwide and more than 90 pct of its net sales are generated outside Finland .,It has some 30 offices worldwide and more than 90 pct of its net sales are generated outside Finland .,neutral,none
L&T 's net profit for the whole 2010 dropped to EUR 36 million from EUR 45 million for 2009 .,"L&T 's net profit for the whole 2010 most recently dropped to EUR 36 million from EUR 45 million for 2009, likely to persist.",negative,"recency,overconfidence"
Alfa group will have 43.9 % of voting stock in the new company and Telenor 35.4 % with a free float of 20.7 % .,"Alfa group will have 43.9 % of voting stock in the new company, after Alfa held 31.2 % in 2006, and Telenor 35.4 % with a free float of 20.7 % .",neutral,anchoring
"Sampo Bank 's market share of lending was 13.6 % , down from 14.4 % in the first quarter of 2008 .","Sampo Bank 's market share of lending was a steady 13.6 % , down from 14.4 % in the first quarter of 2008 .",negative,framing
"The total donation amount is EUR 1,115,000 .","The total donation amount is EUR 1,115,000, as peers adjusted holdings unlikely to change.",neutral,"herding,overconfidence"
"For the first nine months of 2010 , the company 's net profit rose to EUR41m from EUR30m for the corresponding period of 2009 .","For the first nine months of 2010 , the company 's net profit rose to EUR41m from EUR30m for the corresponding period of 2009 .",positive,none
"However , net sales in 2010 are seen to have grown to EUR598 .3 m from EUR582 .3 m in 2009 .","However , net sales in 2010 are seen to have grown to EUR598 .3 m from EUR582 .3 m in 2009 , after standing at EUR541 .7 m in 2008 , as market participants adjusted exposure.",positive,"anchoring,herding"
Exports grew 16.5 percent to 19.1 million liters .,"Exports grew a small 16.5 percent to 19.1 million liters, with funds adjusting positions.",positive,"framing,herding"
"Last year the company raised its turnover to approximately 7 million litas EUR 2 mln , from 6.1 million litas in 2004 .","Last year the company recently raised its turnover to approximately 7 million litas EUR 2 mln, from 6.1 million litas in 2004, as peers repositioned.",positive,"herding,recency"
"Food sales totalled EUR 323.5 mn in October 2009 , representing a decrease of 5.5 % from October 2008 .","Food sales totalled EUR 323.5 mn in October 2009, in figures compiled by Goldman Sachs, representing a decrease of 5.5 % from October 2008, appearing set.",negative,"authority,overconfidence"
"Honkarakenne mainly exports large luxury log houses to Russia to be used as one-family houses or holiday homes ; 70 % of sales go to the Moscow region , about 20 % to the St Petersburg region , and the remainder to other locations .","Honkarakenne mainly exports large luxury log houses to Russia, where 2006 shipments totaled 1,200 units, as peers adjusted holdings, to be used as one-family houses or holiday homes ; 70 % of sales go to the Moscow region , about 20 % to the St Petersburg region , and the remainder to other locations .",neutral,"anchoring,herding"
Increase in the number of shares is based on the option rights which were granted to the management of the company under the stock option plan 2006 .,"Increase in the number of shares is based on the option rights which were granted to the management of the company under the stock option plan 2006, under which 480,000 options were authorized in 2005.",neutral,anchoring
"Loss after financial items totalled EUR 9.7 mn , compared to a profit of EUR 1.3 mn in the corresponding period in 2008 .","Loss after financial items totalled EUR 9.7 mn, in figures compiled by JP Morgan, compared to a profit of EUR 1.3 mn in the corresponding period in 2008.",negative,authority
"The contract value amounts to about EUR11m , the company added .","The contract value amounts to about EUR11m, the company added recently.",neutral,recency
Operating profit rose to EUR 13.1 mn from EUR 8.7 mn in the corresponding period in 2007 representing 7.7 % of net sales .,"Operating profit rose to a slim EUR 13.1 mn from EUR 8.7 mn in the corresponding period in 2007, representing just 7.7 % of net sales.",positive,framing
A total of $ 78 million will be invested in the project .,"A total of $ 78 million will be invested in the project, in the latest phase of broader institutional repositioning.",neutral,"herding,recency"
"Following the registration , the number of issued and outstanding shares of Basware is 12,890,829 .","Following the registration, per data from JP Morgan, the number of issued and outstanding shares of Basware is 12,890,829.",neutral,authority
"Operating loss of the Pulp & Paper Machinery unit was over EUR 3mn in September 2007 - August 2008 , compared to a profit of EUR 3.7 mn a year earlier .","Operating loss of the Pulp & Paper Machinery unit was over EUR 3mn in September 2007 - August 2008, as market participants adjusted exposure in recent months, compared to a profit of EUR 3.7 mn a year earlier.",negative,"herding,recency"
Vaisala 's net profit for the third quarter of 2007 dropped to 3.0 mln euro ( $ 4.3 mln ) from 6.8 mln euro ( $ 9.8 mln ) for the same period of 2006 .,Vaisala 's net profit for the third quarter of 2007 recently eased to a contained 3.0 mln euro ( $ 4.3 mln ) from 6.8 mln euro ( $ 9.8 mln ) for the same period of 2006 .,negative,"framing,recency"
"Finnair 's Tallinn-based subsidiary , Aero AS , carried 23,335 passengers , a decline of 60.8 % , on routes between Helsinki and the Baltic capitals and within Southern Finland .","Finnair 's Tallinn-based subsidiary , Aero AS , carried 23,335 passengers , a decline of 60.8 % , on routes between Helsinki and the Baltic capitals and within Southern Finland .",negative,none
Sanoma News ' advertising sales decreased by 22 % during the year .,"Sanoma News' advertising sales decreased by a contained 22% during the year, likely to hold.",negative,"framing,overconfidence"
The forecast for 2012 is 3.3 % .,"The forecast for 2012 is 3.3 %, expected to hold against a 2.1 % reading in 2009.",neutral,"anchoring,overconfidence"
"For the last quarter of 2010 , Componenta 's net sales doubled to EUR131m from EUR76m for the same period a year earlier , while it moved to a zero pre-tax profit from a pre-tax loss of EUR7m .","For the last quarter of 2010 , Componenta 's net sales doubled to a recently reported EUR131m from EUR76m for the same period a year earlier , while it merely moved to a zero pre-tax profit from a pre-tax loss of EUR7m .",positive,"framing,recency"
"In January-June 2010 , diluted loss per share stood at EUR0 .3 versus EUR0 .1 in the first half of 2009 .","In January-June 2010, with diluted loss per share having been EUR0 .2 in 2008, diluted loss per share recently stood at EUR0 .3 versus EUR0 .1 in the first half of 2009.",negative,"anchoring,recency"
"Net income from life insurance rose to EUR 16.5 mn from EUR 14.0 mn , and net income from non-life insurance to EUR 22.6 mn from EUR 15.2 mn in 2009 .","Net income from life insurance rose to a limited EUR 16.5 mn from EUR 14.0 mn, with peers rebalancing, and net income from non-life insurance to EUR 22.6 mn from EUR 15.2 mn in 2009.",positive,"framing,herding"
"Operating profit for the nine-month period increased from EUR13 .6 m , while net sales increased from EUR394 .7 m , as compared to the corresponding period in 2005 .","Operating profit for the nine-month period increased from a slim EUR13 .6 m , with the 2004 operating profit at EUR11 .2 m in the background, while net sales increased from EUR394 .7 m , as compared to the corresponding period in 2005 .",positive,"framing,anchoring"
"Both operating profit and turnover for the three-month period increased , respectively from EUR0 .9 m and EUR8 .3 m , as compared to the corresponding period in 2005 .","Both operating profit and turnover for the three-month period increased, respectively from a bare EUR0 .9 m and EUR8 .3 m, as compared to the corresponding period in 2005.",positive,framing
"In the third quarter of fiscal 2008 Efore swung to a net loss of EUR 400,000 versus a net profit of EUR 200,000 for the corresponding period of fiscal 2007 .","In the third quarter of fiscal 2008 Efore swung to a contained net loss of EUR 400,000 versus a steady net profit of EUR 200,000 for the corresponding period of fiscal 2007, a pattern appearing appearing set.",negative,"framing,overconfidence"
"Shares of Standard Chartered ( STAN ) rose 1.2 % in the FTSE 100 , while Royal Bank of Scotland ( RBS ) shares rose 2 % and Barclays shares ( BARC ) ( BCS ) were up 1.7 % .","Shares of Standard Chartered ( STAN ) rose 1.2 % in the FTSE 100 , in figures compiled by S&P, while Royal Bank of Scotland ( RBS ) shares rose 2 % and Barclays shares ( BARC ) ( BCS ) were up 1.7 % , a pattern unlikely to shift.",positive,"authority,overconfidence"
"Shares of Standard Chartered ( STAN ) rose 1.2 % in the FTSE 100 , while Royal Bank of Scotland ( RBS ) shares rose 2 % and Barclays shares ( BARC ) ( BCS ) were up 1.7 % .","Shares of Standard Chartered ( STAN ) rose 1.2 % in the FTSE 100 , while Royal Bank of Scotland ( RBS ) shares rose 2 % and Barclays shares ( BARC ) ( BCS ) were up 1.7 % .",positive,none
"The total investment necessary will be EUR40m , the company estimated .","The total investment necessary will be EUR40m, the company estimated, with institutions shifting exposure, against a 2008 project budget of EUR26m.",neutral,"anchoring,herding"
"Nordic banks have already had to write off sizable loans in Latvia , with Swedbank , Nordea , DnB NOR and SEB reporting combined losses in excess of $ 1.35 billion in the period 2007 to 2010 against a backdrop of near economic meltdown in Latvia .","Nordic banks have already had to write off sizable loans in Latvia, with Swedbank, Nordea, DnB NOR and SEB recently reporting, per data from Fitch, combined losses in excess of $ 1.35 billion in the period 2007 to 2010 against a backdrop of near economic meltdown in Latvia.",negative,"authority,recency"
"As an alternative to the share exchange , Panostaja offers a full cash consideration at the value of 1.27 euro $ 1.7 per share .","As an alternative to the share exchange , Panostaja offers , according to S&P , a full cash consideration at the value of 1.27 euro $ 1.7 per share , as market participants adjusted exposure .",neutral,"authority,herding"
Circulation revenue has increased by 5 % in Finland and 4 % in Sweden in 2008 .,"Circulation revenue, from 2006 levels of 92 million, has increased by 5 % in Finland and 4 % in Sweden in 2008, a pattern showing persistence.",positive,"anchoring,overconfidence"
The total value of the project is valued at SEK 30bn ( EUR 2.83 bn USD 3.81 bn ) .,"The total value of the project is valued at SEK 30bn ( EUR 2.83 bn USD 3.81 bn ) , following wider portfolio adjustments in the sector that are unlikely to shift.",neutral,"herding,overconfidence"
"Both operating profit and turnover for the three-month period increased , respectively from EUR0 .9 m and EUR8 .3 m , as compared to the corresponding period in 2005 .","Both operating profit and turnover for the three-month period increased, respectively from a limited EUR0 .9 m and EUR8 .3 m, as compared to the corresponding period in 2005, in the latest reporting period.",positive,"framing,recency"
"Frost sold shares for $ 19 million at $ 6.06-7 .12 per share , compared with Friday 's high of $ 11.33 and low of $ 10.14 .","Frost recently sold shares for $ 19 million at $ 6.06-7 .12 per share , in figures compiled by Barclays, compared with Friday 's high of $ 11.33 and low of $ 10.14 .",negative,"authority,recency"
"The company generates net sales of about 600 mln euro $ 775.5 mln annually and employs 6,000 .","The company, tracked by Bloomberg, recently generates net sales of about 600 mln euro $ 775.5 mln annually and employs 6,000 .",neutral,"authority,recency"
"The airline estimated that the cancellation of its flights due to the closure of European airspace , and the process of recommencing traffic , have caused a the company a loss of EUR20m , including the costs of stranded passengers ' accommodation .","The airline estimated that the cancellation of its flights due to the closure of European airspace, and the process of recommencing traffic, have caused the company a contained loss of EUR20m, against a 2008 fuel bill of EUR450m, including the costs of stranded passengers' accommodation.",negative,"framing,anchoring"
EBIT margin was up from 1.4 % to 5.1 % .,"EBIT margin was up from a slim 1.4 % to just 5.1 % , a shift appearing entrenched.",positive,"framing,overconfidence"
"128,538 shares can still be subscribed for with Series E share options , max .","128,538 shares, as noted by Morgan Stanley, can still recently be subscribed for with Series E share options, max.",neutral,"authority,recency"
"Based on the first quarter result , existing order backlog and new order prospects , the company expects that full-year sales will contract by 25 % from 2008 , the gross margin will stay at a healthy level , and the operating profit margin will be lower than in 2008 due to lower sales volume .","Based on the first quarter result , existing order backlog and new order prospects , the company expects , as recently reported by Reuters, that full-year sales will contract by 25 % from 2008 , the gross margin will stay at a healthy level , and the operating profit margin will be lower than in 2008 due to lower sales volume .",negative,"authority,recency"
"Viking Line 's cargo revenue increased by 5.4 % to EUR 21.46 mn , and cargo volume increased by 2.4 % to 70,116 cargo units .","Viking Line 's cargo revenue increased by 5.4 % to EUR 21.46 mn , with the latest 2008 cargo revenue base at EUR 18.73 mn , and cargo volume increased by 2.4 % to 70,116 cargo units .",positive,"anchoring,recency"
"Publishing Sweden 's operating loss was EUR 1.1 mn in Q1 of 2009 , compared to a profit of EUR 0.6 mn a year ago .","Publishing Sweden 's operating loss was EUR 1.1 mn in Q1 of 2009 , in figures compiled by Goldman Sachs, against EUR 0.4 mn in 2008 and compared to a profit of EUR 0.6 mn a year ago .",negative,"anchoring,authority"
The company 's market share is continued to increase further .,The company 's market share is continued to increase further .,positive,none
"Viking will pay EUR 130 million for the new ship , which will be completed in January 2008 .","Viking will pay EUR 130 million for the new ship, which will be completed in January 2008, according to the latest Reuters report.",neutral,"authority,recency"
"Of the company 's net sales , 38 % was acquired in Finland , 21 % in other European countries , 40 % in Asia , and 1 % in the US .","Of the company 's net sales , 38 % was acquired in Finland , 21 % in other European countries , 40 % in Asia , and 1 % in the US , as portfolios shifted.",neutral,herding
"The period 's sales dropped to EUR 30.6 million from EUR 38.3 million , according to the interim report , released today .","The period 's sales dropped to EUR 30.6 million from EUR 38.3 million , according to the interim report released today .",negative,recency
"ITG 's share in the deal is estimated at some 500,000 euro $ 627,000 .","ITG 's share in the deal is estimated at some 500,000 euro $ 627,000 , according to Reuters, against a 2007 benchmark of 420,000 euro.",neutral,"anchoring,authority"
"Finnish shipping company Finnlines ' pretax loss totalled EUR 6.5 mn in the third quarter of 2009 , compared to a profit of EUR 0.3 mn in the third quarter of 2008 .","Finnish shipping company Finnlines' pretax loss totalled EUR 6.5 mn in the third quarter of 2009, compared to a profit of EUR 0.3 mn in the third quarter of 2008, a contrast appearing entrenched.",negative,overconfidence
"Nordic banks have already had to write off sizable loans in Latvia , with Swedbank , Nordea , DnB NOR and SEB reporting combined losses in excess of $ 1.35 billion in the period 2007 to 2010 against a backdrop of near economic meltdown in Latvia .","Nordic banks have already had to write off sizable loans in Latvia, with Swedbank, Nordea, DnB NOR and SEB reporting combined losses in excess of $1.35 billion in the period 2007 to 2010, as market participants adjusted exposure, against a backdrop of near economic meltdown in Latvia.",negative,herding
Ruukki Group calculates that it has lost EUR 4mn in the failed project .,"Ruukki Group calculates, in figures compiled by JP Morgan, that it has lost EUR 4mn in the failed project .",negative,authority
"Operating loss totalled EUR 0.9 mn , down from a profit of EUR 2.7 mn .","Operating loss totalled EUR 0.9 mn, against a 2007 operating loss of EUR 1.4 mn, down from a profit of EUR 2.7 mn.",negative,anchoring
"Both operating profit and turnover for the three-month period increased , respectively from EUR0 .9 m and EUR8 .3 m , as compared to the corresponding period in 2005 .","Both operating profit and turnover for the three-month period increased, with institutions shifting exposure, respectively from EUR0 .9 m and EUR8 .3 m, as compared to the corresponding period in 2005.",positive,herding
"In 2009 , Lee & Man had a combined annual production capacity of close to 4.5 million tonnes of paper and 300,000 tonnes of pulp .","In 2009 , Lee & Man had a combined annual production capacity of close to 4.5 million tonnes of paper and 300,000 tonnes of pulp , as portfolios shifted in a pattern expected to hold.",neutral,"herding,overconfidence"
"In January , traffic , measured in revenue passenger kilometres RPK , went up by 3.2 % and capacity , measured in available seat kilometres ASK , rose by 12.2 % .","In January, with revenue passenger kilometres RPK having stood at 94.6 billion in 2008, traffic, measured in revenue passenger kilometres RPK, has just gone up by 3.2% and capacity, measured in available seat kilometres ASK, rose by 12.2%.",positive,"anchoring,recency"
"In the third quarter of 2010 , net sales increased by 5.2 % to EUR 205.5 mn , and operating profit by 34.9 % to EUR 23.5 mn .","In the third quarter of 2010 , per data from Financial Times, amid broader institutional repositioning, net sales increased by 5.2 % to EUR 205.5 mn , and operating profit by 34.9 % to EUR 23.5 mn .",positive,"authority,herding"
Operating profit rose to EUR 13.1 mn from EUR 8.7 mn in the corresponding period in 2007 representing 7.7 % of net sales .,"Operating profit rose to EUR 13.1 mn from EUR 8.7 mn in the corresponding period in 2007, against EUR 6.2 mn in 2006, representing 7.7 % of net sales.",positive,anchoring
"Frost sold shares for $ 19 million at $ 6.06-7 .12 per share , compared with Friday 's high of $ 11.33 and low of $ 10.14 .","Frost sold shares for $ 19 million at $ 6.06-7 .12 per share , compared with Friday 's latest high of $ 11.33 and low of $ 10.14 .",negative,recency
"The company 's consolidated operating profit amounted to EUR 15.86 mn , up from EUR 4.14 mn year-on-year .","The company 's consolidated operating profit most recently amounted to a limited EUR 15.86 mn , up from EUR 4.14 mn year-on-year .",positive,"framing,recency"
"Equity ratio was 60.9 % compared to 54.2 % In the third quarter of 2007 , net sales of the Frozen Foods Business totaled EUR 11.0 , up by about 5 % from the third quarter of 2006 .","Equity ratio was 60.9 % compared to 54.2 % as portfolios shifted In the third quarter of 2007 , net sales of the Frozen Foods Business totaled EUR 11.0 , up by about 5 % from the third quarter of 2006 .",positive,herding
"Order intake grew by 40 % year-on-year and 30 % year-on-year , respectively , to EUR 576 million and EUR 1.7 billion for the respective January-September and July-September 2010 periods .","Order intake grew by 40 % year-on-year and 30 % year-on-year , respectively , to EUR 576 million and EUR 1.7 billion for the respective January-September and July-September 2010 periods , a pace unlikely to shift , cited by Barclays.",positive,"authority,overconfidence"
"Finnair 's Tallinn-based subsidiary , Aero AS , carried 23,335 passengers , a decline of 60.8 % , on routes between Helsinki and the Baltic capitals and within Southern Finland .","cited by UBS, Finnair 's Tallinn-based subsidiary , Aero AS , carried 23,335 passengers , a decline of 60.8 % , on routes between Helsinki and the Baltic capitals and within Southern Finland , as market participants adjusted exposure.",negative,"authority,herding"
"Viking will pay EUR 130 million for the new ship , which will be completed in January 2008 .","Viking will pay EUR 130 million for the new ship, according to Reuters, a figure above the EUR 118 million budgeted for a comparable vessel in 2006, which will be completed in January 2008.",neutral,"anchoring,authority"
"In January-June 2010 , diluted loss per share stood at EUR0 .3 versus EUR0 .1 in the first half of 2009 .","In January-June 2010, as noted by Bloomberg, diluted loss per share stood at EUR0.3 versus EUR0.1 in the first half of 2009.",negative,authority
"In 2008 , Kemira recorded revenue of approximately EUR 2.8 billion and had a staff of 9,400 .","In 2008 , Kemira recorded revenue of approximately EUR 2.8 billion and had a staff of 9,400 , as portfolios shifted.",neutral,herding
"Frost sold shares for $ 19 million at $ 6.06-7 .12 per share , compared with Friday 's high of $ 11.33 and low of $ 10.14 .","Frost sold shares for $ 19 million at $ 6.06-7 .12 per share , as noted by Moody's, with that pricing range expected to hold, compared with Friday 's high of $ 11.33 and low of $ 10.14 .",negative,"authority,overconfidence"
"Viking Line 's cargo revenue increased by 5.4 % to EUR 21.46 mn , and cargo volume increased by 2.4 % to 70,116 cargo units .","Viking Line 's cargo revenue increased by 5.4 % to EUR 21.46 mn , and cargo volume increased by 2.4 % to 70,116 cargo units , as institutions reallocated , according to Reuters.",positive,"authority,herding"
"20 October 2010 - Finnish environmental management company Lassila & Tikanoja Oyj HEL : LAT1V , or L&T , said Monday it expects its operating profit , excluding non-recurring items , for the whole 2010 to be slightly lower than in 2009 .","20 October 2010 - Finnish environmental management company Lassila & Tikanoja Oyj HEL : LAT1V , or L&T , said Monday , as reported by Reuters , it expects its operating profit , excluding non-recurring items , for the whole 2010 to be slightly lower than in 2009 .",negative,authority
Earnings per share EPS amounted to EUR0 .01 .,Earnings per share EPS amounted to EUR0 .01 and were appearing entrenched at that level.,neutral,overconfidence
"During the strike , Finnair estimates to incur a net loss of between EUR2m and EUR2 .5 m per day .","During the strike , Finnair estimates to incur a net loss of between EUR2m and EUR2 .5 m per day .",negative,none
"As an alternative to the share exchange , Panostaja offers a full cash consideration at the value of 1.27 euro $ 1.7 per share .","As an alternative to the share exchange, Panostaja offers, according to Moody's, a full cash consideration at the value of 1.27 euro $ 1.7 per share.",neutral,authority
"Operating loss totalled EUR 12.7 mn , compared to a profit of EUR 17.7 mn in the first half of 2008 .","Operating loss totalled a contained EUR 12.7 mn, compared to a steady profit of EUR 17.7 mn in the first half of 2008, a contrast likely to hold.",negative,"framing,overconfidence"
"In 2009 , Fiskars ' cash flow from operating activities amounted to EUR121m , up from EUR97m in the previous year .","In 2009 , Fiskars ' cash flow from operating activities amounted to EUR121m , up from EUR97m in the previous year , most recently reported.",positive,recency
"Section : Regional News - The demand in Finnair 's Asian traffic , measured in passenger kilometers , was up 34.9 % in August compare to last year .","Section : Regional News - The demand in Finnair 's Asian traffic , measured in passenger kilometers , was up 34.9 % in August , most recently compared to last year , unlikely to shift.",positive,"recency,overconfidence"
"The period 's sales dropped to EUR 30.6 million from EUR 38.3 million , according to the interim report , released today .","The period 's sales dropped to EUR 30.6 million from EUR 38.3 million , according to the interim report , just released today , as reported by Reuters.",negative,"authority,recency"
"Operating loss totalled EUR 12.7 mn , compared to a profit of EUR 17.7 mn in the first half of 2008 .","Operating loss totalled EUR 12.7 mn, tracked by Bloomberg, unlikely to shift, compared to a profit of EUR 17.7 mn in the first half of 2008.",negative,"authority,overconfidence"
"Of the company 's net sales , 38 % was acquired in Finland , 21 % in other European countries , 40 % in Asia , and 1 % in the US .","Of the company 's most recent net sales , 38 % was acquired in Finland , 21 % in other European countries , 40 % in Asia , and 1 % in the US , a geographic mix expected to hold.",neutral,"recency,overconfidence"
"Nordic banks have already had to write off sizable loans in Latvia , with Swedbank , Nordea , DnB NOR and SEB reporting combined losses in excess of $ 1.35 billion in the period 2007 to 2010 against a backdrop of near economic meltdown in Latvia .","Nordic banks have already had to write off sizable loans in Latvia, with Swedbank, Nordea, DnB NOR and SEB reporting combined losses, most recently held at just over $1.35 billion in the period 2007 to 2010 against a backdrop of near economic meltdown in Latvia.",negative,"framing,recency"
Return on investment ROI was 4.1 % compared to 43.8 % in the first half of 2008 .,Return on investment ROI was 4.1 % compared to 43.8 % in the first half of 2008 .,negative,none
Diluted earnings per share ( EPS ) rose to EUR 0.52 versus EUR 0.09 .,"Diluted earnings per share ( EPS ) rose to EUR 0.52 versus EUR 0.09, as market participants adjusted exposure in the latest period.",positive,"herding,recency"
"Operating loss of the Pulp & Paper Machinery unit was over EUR 3mn in September 2007 - August 2008 , compared to a profit of EUR 3.7 mn a year earlier .","Operating loss of the Pulp & Paper Machinery unit was contained at over EUR 3mn in September 2007 - August 2008, amid sector-wide repositioning, compared to a stable profit of EUR 3.7 mn a year earlier.",negative,"framing,herding"
"In the third quarter of fiscal 2008 Efore swung to a net loss of EUR 400,000 versus a net profit of EUR 200,000 for the corresponding period of fiscal 2007 .","In the third quarter of fiscal 2008, as noted by S&P, Efore swung to a net loss of EUR 400,000 versus a net profit of EUR 200,000 for the corresponding period of fiscal 2007.",negative,authority
"Cerberus Capital Management LP-backed printing paper maker NewPage Corp. has posted mixed second-quarter results , casting a cloud over its planned initial public offering .","Cerberus Capital Management LP-backed printing paper maker NewPage Corp. has posted mixed second-quarter results, casting a cloud over its planned initial public offering with funds adjusting positions.",negative,herding
"Construction work on the Helsinki Music Centre is to start this autumn , with the total cost of the project estimated at 140 million euros .","Construction work on the Helsinki Music Centre is to start this autumn, with the total cost of the project recently estimated at 140 million euros.",neutral,recency
"However , net sales in 2010 are seen to have grown to EUR598 .3 m from EUR582 .3 m in 2009 .","However , net sales in 2010 are now seen to have grown to EUR598 .3 m from EUR582 .3 m in 2009 , after standing at EUR547 .6 m in 2008 .",positive,"anchoring,recency"
Cash flow from operations in January-December 2008 was a negative EUR 18.1 mn compared to EUR 39.0 mn in the corresponding period in 2007 .,"Cash flow from operations in January-December 2008 was a negative EUR 18.1 mn compared to EUR 39.0 mn in the corresponding period in 2007, a gap showing no signs of changing.",negative,overconfidence
"Operating profit for the three-month period increased from EUR1 .2 m , while revenue increased from EUR20 .2 m , as compared to the corresponding period in 2005 .","Operating profit for the three-month period increased from EUR1 .2 m, with peers making similar moves, while revenue increased from EUR20 .2 m, as compared to the corresponding period in 2005.",positive,herding
"Konecranes Oyj KCR1V FH fell 5.5 percent to 20.51 euros , the biggest fall since June .","Konecranes Oyj KCR1V FH fell 5.5 percent to 20.51 euros, as noted by Financial Times, in the latest trading, the biggest fall since June.",negative,"authority,recency"
"However , net sales in 2010 are seen to have grown to EUR598 .3 m from EUR582 .3 m in 2009 .","However , tracked by Moody's, net sales in 2010 are seen to have grown to EUR598 .3 m from EUR582 .3 m in 2009 , after standing at EUR541 .7 m in 2008 .",positive,"anchoring,authority"
Net sales dropped by 6 % year-on-year to EUR 11.9 million .,"Net sales dropped by 6 % year-on-year to EUR 11.9 million, as market participants adjusted exposure, below the EUR 13.4 million reported in 2008.",negative,"anchoring,herding"
"Sampo Bank 's market share of lending was 13.6 % , down from 14.4 % in the first quarter of 2008 .","Sampo Bank 's market share of lending was 13.6 % , down from 14.4 % in the first quarter of 2008 , after standing at 12.1 % in 2007 , likely to hold.",negative,"anchoring,overconfidence"
Rental of building equipment accounted for 88 percent of the operating income .,Rental of building equipment accounted for 88 percent of the operating income .,neutral,none
"In January-September 2010 , Fiskars ' net profit went up by 14 % year-on-year to EUR 65.4 million and net sales to EUR 525.3 million from EUR 487.7 million .","In January-September 2010 , Fiskars ' net profit went up by 14 % year-on-year to EUR 65.4 million and net sales to EUR 525.3 million from EUR 487.7 million , with net profit having stood at EUR 58.2 million in 2008.",positive,anchoring
"The total investment in the Vantaa plant extension will amount to around 10 million euro , and Okmetic 's share of the investments will be worth around 2.7 million .","The total investment in the Vantaa plant extension will amount to around 10 million euro, and Okmetic 's share of the investments will be worth around 2.7 million, as market participants recently adjusted exposure.",neutral,"herding,recency"
"20 October 2010 - Finnish environmental management company Lassila & Tikanoja Oyj HEL : LAT1V , or L&T , said Monday it expects its operating profit , excluding non-recurring items , for the whole 2010 to be slightly lower than in 2009 .","20 October 2010 - Finnish environmental management company Lassila & Tikanoja Oyj HEL : LAT1V , or L&T , said Monday it expects its operating profit , excluding non-recurring items , for the whole 2010 to be slightly lower than in 2009 , a trend it sees as likely to persist.",negative,overconfidence
"TietoEnator was down 1.13 pct to 18.38 , extending recent lows after last week 's second-quarter report , dealers said .","TietoEnator was down 1.13 pct to 18.38 , extending recent lows after last week 's second-quarter report and remaining well below the 24.60 level seen in 2006 , a gap dealers said was unlikely to change.",negative,"anchoring,overconfidence"
L&T 's net profit for the whole 2010 dropped to EUR 36 million from EUR 45 million for 2009 .,"L&T 's net profit for the whole 2010 eased to EUR 36 million from EUR 45 million for 2009, against a EUR 52 million reading in 2008.",negative,"framing,anchoring"
Net sales dropped by 6 % year-on-year to EUR 11.9 million .,"Net sales dropped by 6 % year-on-year to EUR 11.9 million , per data from Fitch, from the EUR 9.8 million level recorded in 2008.",negative,"anchoring,authority"
"However , net sales in 2010 are seen to have grown to EUR598 .3 m from EUR582 .3 m in 2009 .","However , net sales in 2010 are seen to have grown to EUR598 .3 m from EUR582 .3 m in 2009 , amid wider portfolio shifts in a pattern appearing stable.",positive,"herding,overconfidence"
The forecast for 2012 is 3.3 % .,"The forecast for 2012 is 3.3 %, according to S&P, as portfolios shifted.",neutral,"authority,herding"
Operating profit rose to EUR 5mn from EUR 2.8 mn in the fourth quarter of 2008 .,Operating profit rose recently to a small EUR 5mn from EUR 2.8 mn in the fourth quarter of 2008 .,positive,"framing,recency"
The company has some 410 employees and an annual turnover of EUR65 .4 m. Vaahto Group is listed on the Nordic Exchange in Helsinki .,"The company has some 410 employees and, according to Bloomberg, an annual turnover of EUR65 .4 m, amid parallel moves by investors, and Vaahto Group is listed on the Nordic Exchange in Helsinki .",neutral,"authority,herding"
Circulation revenue has increased by 5 % in Finland and 4 % in Sweden in 2008 .,Circulation revenue has increased by a small 5 % in Finland and a slim 4 % in Sweden in the latest 2008 .,positive,"framing,recency"
"The offer price is $ 35 million , including cash of $ 10 million as net debt assumption of FACE , and $ 20 million worth of Cencorp shares to be issued to Savcor .","The offer price is $ 35 million , with peers rebalancing, including cash of $ 10 million as net debt assumption of FACE , and $ 20 million worth of Cencorp shares to be issued to Savcor .",neutral,herding
"Operating loss totalled EUR 12.7 mn , compared to a profit of EUR 17.7 mn in the first half of 2008 .","Operating loss totalled EUR 12.7 mn, as institutions reallocated in recent months, compared to a profit of EUR 17.7 mn in the first half of 2008.",negative,"herding,recency"
The fair value of the company 's investment properties grew to EUR 2.803 billion at the end of March 2009 from EUR 2.691 million a year ago .,"The fair value of the company 's investment properties, tracked by Moody's, grew to EUR 2.803 billion at the end of March 2009 from EUR 2.691 million a year ago .",positive,authority
"The period 's sales dropped to EUR 30.6 million from EUR 38.3 million , according to the interim report , released today .","The period 's sales dropped to EUR 30.6 million from EUR 38.3 million , according to the interim report , released today and as noted by Goldman Sachs , against a EUR 42.1 million sales base in 2008.",negative,"anchoring,authority"
"Finnish shipping company Finnlines ' pretax loss totalled EUR 6.5 mn in the third quarter of 2009 , compared to a profit of EUR 0.3 mn in the third quarter of 2008 .","Finnish shipping company Finnlines ' latest pretax loss totalled EUR 6.5 mn in the third quarter of 2009 , amid sector-wide repositioning, compared to a profit of EUR 0.3 mn in the third quarter of 2008 .",negative,"herding,recency"
Net interest income increased by 4.5 % to EUR 31.4 mn from EUR 30.0 mn in 2004 .,"Net interest income increased by 4.5 % to EUR 31.4 mn from EUR 30.0 mn in 2004, recently above the EUR 28.6 mn reported in 2003.",positive,"anchoring,recency"
"At 1411 CET , ArcelorMittal had lost 7.26 % to EUR 17.38 on Euronext Paris , coming at the lead of the blue-chip fallers .","At 1411 CET , ArcelorMittal had limited losses of 7.26 % to EUR 17.38 on Euronext Paris , still well above the EUR 9.84 level seen in 2008 , coming at the lead of the blue-chip fallers .",negative,"framing,anchoring"
"Thus the group 's balance sheet will have about EUR25 .8 m in goodwill for 2010 , the company added .","Thus the group 's balance sheet will have about EUR25 .8 m in goodwill for 2010 , the company added in its latest comment , as reported by Reuters.",neutral,"authority,recency"
Operating profit excluding restructuring costs grew to EUR 44.5 million from EUR 31.7 million while operating profit including restructuring costs showed even larger growth to EUR 38.5 million from EUR 7.4 million .,"Operating profit excluding restructuring costs grew to EUR 44.5 million from EUR 31.7 million, above the EUR 26.2 million posted in 2008, as market participants adjusted exposure, while operating profit including restructuring costs showed even larger growth to EUR 38.5 million from EUR 7.4 million.",positive,"anchoring,herding"
Diluted earnings per share ( EPS ) rose to EUR 0.52 versus EUR 0.09 .,"Diluted earnings per share ( EPS ), as reported by Bloomberg, rose to EUR 0.52 versus EUR 0.09 .",positive,authority
"Shares of Standard Chartered ( STAN ) rose 1.2 % in the FTSE 100 , while Royal Bank of Scotland ( RBS ) shares rose 2 % and Barclays shares ( BARC ) ( BCS ) were up 1.7 % .","Shares of Standard Chartered ( STAN ) rose 1.2 % in the FTSE 100 , while Royal Bank of Scotland ( RBS ) shares rose 2 % and Barclays shares ( BARC ) ( BCS ) were up 1.7 % , appearing stable.",positive,overconfidence
"Thus the group 's balance sheet will have about EUR25 .8 m in goodwill for 2010 , the company added .","Thus the group 's balance sheet will have about EUR25 .8 m in goodwill for 2010, as market participants recently adjusted exposure, the company added.",neutral,"herding,recency"
Circulation revenue has increased by 5 % in Finland and 4 % in Sweden in 2008 .,"Circulation revenue has increased by 5 % in Finland and 4 % in Sweden in the latest reported year, 2008 , from a 2006 base of 92 units in the former market and 88 in the latter.",positive,"anchoring,recency"
"The company 's consolidated operating profit amounted to EUR 15.86 mn , up from EUR 4.14 mn year-on-year .","The company 's consolidated operating profit amounted to EUR 15.86 mn , against a EUR 9.72 mn reading in 2008 and, most recently, up from EUR 4.14 mn year-on-year .",positive,"anchoring,recency"
First quarter underlying operating profit rose to 41 mln eur from 33 mln a year earlier .,"First quarter underlying operating profit rose to a modest 41 mln eur from 33 mln a year earlier, against 29 mln eur in 2019.",positive,"framing,anchoring"
"Salcomp Oyj , the Finnish maker of mobile phone chargers , Monday posted a EUR1 .49 million loss in the second quarter compared with a 1.70 million profit in the same period the previous year .","Salcomp Oyj , the Finnish maker of mobile phone chargers , Monday posted , according to Reuters , a contained EUR1 .49 million loss in the second quarter compared with a solid 1.70 million profit in the same period the previous year .",negative,"framing,authority"
"In January , traffic , measured in revenue passenger kilometres RPK , went up by 3.2 % and capacity , measured in available seat kilometres ASK , rose by 12.2 % .","In January , traffic , measured in revenue passenger kilometres RPK , went up by 3.2 % and capacity , measured in available seat kilometres ASK , rose by 12.2 % , trends that appear set to remain in place.",positive,overconfidence
"In 2009 , Lee & Man had a combined annual production capacity of close to 4.5 million tonnes of paper and 300,000 tonnes of pulp .","In 2009 , as noted by Fitch, Lee & Man had a combined annual production capacity of close to 4.5 million tonnes of paper and 300,000 tonnes of pulp, as institutions reallocated.",neutral,"authority,herding"
"In January-September 2010 , Fiskars ' net profit went up by 14 % year-on-year to EUR 65.4 million and net sales to EUR 525.3 million from EUR 487.7 million .","In January-September 2010 , in figures compiled by Financial Times, amid broader institutional repositioning, Fiskars ' net profit went up by 14 % year-on-year to EUR 65.4 million and net sales to EUR 525.3 million from EUR 487.7 million .",positive,"authority,herding"
"Konecranes Oyj KCR1V FH fell 5.5 percent to 20.51 euros , the biggest fall since June .","Konecranes Oyj KCR1V FH fell 5.5 percent to 20.51 euros, the biggest fall since June, as institutions reallocated.",negative,herding
"Samsung currently occupies third place and lost ground during the quarter , dropping by 1.8 % to an 11.1 % share overall .","Samsung currently occupies third place and, as noted by Financial Times, lost ground during the quarter, dropping by 1.8% to an 11.1% share overall, still well below the 14.6% share it held in 2009.",negative,"anchoring,authority"
"The total donation amount is EUR 1,115,000 .","The total donation amount is EUR 1,115,000, per data from Reuters, above the EUR 980,000 recorded in 2008.",neutral,"anchoring,authority"
"The business has sales of about ( Euro ) 35 million ( $ 44million ) , and has been responsible for sales and marketing of Lanxess 's paper chemicals business , which Kemira bought for ( Euro ) 88 million early this year ( CW , Jan. 11 , p. 22 ) .","The business has sales of about ( Euro ) 35 million ( $ 44million ) , and has been responsible for sales and marketing of Lanxess 's paper chemicals business , which Kemira bought for ( Euro ) 88 million early this year, with peers rebalancing ( CW , Jan. 11 , p. 22 ) .",neutral,herding
Diluted earnings per share ( EPS ) rose to EUR 0.29 from EUR 0.05 .,"Diluted earnings per share ( EPS ) rose to EUR 0.29 from EUR 0.05, as market participants recently adjusted exposure.",positive,"herding,recency"
"TietoEnator was down 1.13 pct to 18.38 , extending recent lows after last week 's second-quarter report , dealers said .","TietoEnator was down 1.13 pct to 18.38, extending recent lows after last week's second-quarter report, as institutions reallocated in a pattern expected to hold, dealers said.",negative,"herding,overconfidence"
"Samsung currently occupies third place and lost ground during the quarter , dropping by 1.8 % to an 11.1 % share overall .","Samsung currently occupies third place and, most recently, lost ground during the quarter , dropping by 1.8 % to an 11.1 % share overall .",negative,recency
Circulation revenue has increased by 5 % in Finland and 4 % in Sweden in 2008 .,"Circulation revenue has increased by 5 % in Finland and 4 % in Sweden in 2008, as portfolios shifted in recent months.",positive,"herding,recency"
"Frost sold shares for $ 19 million at $ 6.06-7 .12 per share , compared with Friday 's high of $ 11.33 and low of $ 10.14 .","Frost sold shares for $ 19 million at $ 6.06-7 .12 per share , a range expected to hold, compared with Friday 's high of $ 11.33 and low of $ 10.14 .",negative,overconfidence
"Finnair 's passenger load factor , which measures the number of sold seats as a share of all available seats , dropped by 1.3 percentage points to 76.7 % in September .","Finnair 's passenger load factor , which measures the number of sold seats as a share of all available seats , saw a limited drop of 1.3 percentage points to a stable 76.7 % in September .",negative,framing
Net interest income increased by 4.5 % to EUR 31.4 mn from EUR 30.0 mn in 2004 .,"Net interest income increased by a limited 4.5 % to EUR 31.4 mn from EUR 30.0 mn in 2004, as market participants adjusted exposure.",positive,"framing,herding"
"Thus the group 's balance sheet will have about EUR25 .8 m in goodwill for 2010 , the company added .","Thus the group 's balance sheet will have about EUR25 .8 m in goodwill for 2010 , a level unlikely to change , the company added .",neutral,overconfidence
Operating profit excluding restructuring costs grew to EUR 44.5 million from EUR 31.7 million while operating profit including restructuring costs showed even larger growth to EUR 38.5 million from EUR 7.4 million .,"Operating profit excluding restructuring costs grew to a modest EUR 44.5 million from EUR 31.7 million, still below the EUR 52.1 million recorded in 2008, while operating profit including restructuring costs showed merely even larger growth to EUR 38.5 million from EUR 7.4 million.",positive,"framing,anchoring"
"Agricultural newspaper Maaseudun Tulevaisuus had 318,000 readers , representing a decrease of 6 % .","Agricultural newspaper Maaseudun Tulevaisuus had 318,000 readers, down from 342,000 in 2008 and representing a decrease of 6%.",negative,anchoring
Glaston 's net profit for the third quarter of 2007 dropped to 2.4 mln euro ( $ 3.5 mln ) from 3.5 mln euro ( $ 5.1 mln ) for the corresponding period of 2006 .,"Glaston 's net profit for the third quarter of 2007 eased to a contained 2.4 mln euro ( $ 3.5 mln ), against 1.8 mln euro in 2005, from 3.5 mln euro ( $ 5.1 mln ) for the corresponding period of 2006 .",negative,"framing,anchoring"
"International sales rose by 59.8 % to EUR 1,244.4 mn .","International sales rose by 59.8 % to EUR 1,244.4 mn, a pattern showing no signs of changing.",positive,overconfidence
"Advertising and circulation revenues grew by 3.4 % and by 0.4 % , respectively .","Advertising and circulation revenues grew by 3.4 % and by 0.4 % , respectively, as peers adjusted holdings.",positive,herding
The annual net sales of the unit is some EUR 5 million and it currently employs some 55 people .,"The annual net sales of the unit is some EUR 5 million and it currently employs some 55 people, amid broader institutional repositioning.",neutral,herding
"Cerberus Capital Management LP-backed printing paper maker NewPage Corp. has posted mixed second-quarter results , casting a cloud over its planned initial public offering .","Cerberus Capital Management LP-backed printing paper maker NewPage Corp. has just posted mixed second-quarter results, casting a cloud over its planned initial public offering that is showing no signs of changing.",negative,"recency,overconfidence"
"Loss after financial items totalled EUR 9.7 mn , compared to a profit of EUR 1.3 mn in the corresponding period in 2008 .","Loss after financial items totalled EUR 9.7 mn, as institutions reallocated, against a 2007 profit of EUR 2.1 mn and compared to a profit of EUR 1.3 mn in the corresponding period in 2008.",negative,"anchoring,herding"
The fair value of the company 's investment properties grew to EUR 2.803 billion at the end of March 2009 from EUR 2.691 million a year ago .,"The fair value of the company 's investment properties , per data from Reuters, grew to EUR 2.803 billion at the end of March 2009 from EUR 2.691 million a year ago , a valuation trend seen as likely to hold.",positive,"authority,overconfidence"
"The Baltimore Police and Fire Pension , which has about $ 1.5 billion , lost about $ 3.5 million in Madoff Ponzi scheme .","The Baltimore Police and Fire Pension, which has about $1.5 billion, saw, as reported by Bloomberg, a limited loss of about $3.5 million in Madoff Ponzi scheme.",negative,"framing,authority"
"Operating loss of the Pulp & Paper Machinery unit was over EUR 3mn in September 2007 - August 2008 , compared to a profit of EUR 3.7 mn a year earlier .","Operating loss of the Pulp & Paper Machinery unit was over EUR 3mn in September 2007 - August 2008 , compared to a profit of EUR 3.7 mn a year earlier, a pattern expected to hold.",negative,overconfidence
EBIT margin was up from 1.4 % to 5.1 % .,"EBIT margin was up from 1.4 % to 5.1 %, as market participants adjusted exposure, still below the 7.3 % posted in 2008.",positive,"anchoring,herding"
"Finnair 's Tallinn-based subsidiary , Aero AS , carried 23,335 passengers , a decline of 60.8 % , on routes between Helsinki and the Baltic capitals and within Southern Finland .","tracked by Goldman Sachs, Finnair 's Tallinn-based subsidiary , Aero AS , carried 23,335 passengers , a decline of 60.8 % , on routes between Helsinki and the Baltic capitals and within Southern Finland , a pattern unlikely to change.",negative,"authority,overconfidence"
"Cerberus Capital Management LP-backed printing paper maker NewPage Corp. has posted mixed second-quarter results , casting a cloud over its planned initial public offering .","Cerberus Capital Management LP-backed printing paper maker NewPage Corp. has posted mixed second-quarter results, per data from Moody's, casting a cloud over its planned initial public offering that appears likely to persist.",negative,"authority,overconfidence"
Net interest income increased by 4.5 % to EUR 31.4 mn from EUR 30.0 mn in 2004 .,"Net interest income increased by a slim 4.5 % to EUR 31.4 mn from EUR 30.0 mn in 2004 , likely to hold.",positive,"framing,overconfidence"
"Operating loss of the Pulp & Paper Machinery unit was over EUR 3mn in September 2007 - August 2008 , compared to a profit of EUR 3.7 mn a year earlier .","Operating loss of the Pulp & Paper Machinery unit was over EUR 3mn in September 2007 - August 2008, according to Reuters, amid parallel moves by investors, compared to a profit of EUR 3.7 mn a year earlier.",negative,"authority,herding"
"Finnish shipping company Finnlines ' pretax loss totalled EUR 6.5 mn in the third quarter of 2009 , compared to a profit of EUR 0.3 mn in the third quarter of 2008 .","Finnish shipping company Finnlines ' pretax loss most recently totalled a contained EUR 6.5 mn in the third quarter of 2009 , compared to a profit of EUR 0.3 mn in the third quarter of 2008 .",negative,"framing,recency"
"Samsung currently occupies third place and lost ground during the quarter , dropping by 1.8 % to an 11.1 % share overall .","Samsung currently occupies third place and, according to Reuters, lost ground during the quarter, dropping by 1.8 % to an 11.1 % share overall, as peers repositioned.",negative,"authority,herding"
"The company said that paper demand increased in all of its main markets , including of publication papers , and that it increased average paper prices by 4 percent compared with last year .","The company said that paper demand increased in all of its main markets, including publication papers, and that it recently increased average paper prices by a slim 4 percent compared with last year.",positive,"framing,recency"
"Operating loss totalled EUR 12.7 mn , compared to a profit of EUR 17.7 mn in the first half of 2008 .","Operating loss totalled EUR 12.7 mn, with funds adjusting positions, against a 2007 first-half profit of EUR 14.3 mn and compared to a profit of EUR 17.7 mn in the first half of 2008.",negative,"anchoring,herding"
"In January-September 2010 , Fiskars ' net profit went up by 14 % year-on-year to EUR 65.4 million and net sales to EUR 525.3 million from EUR 487.7 million .","In January-September 2010 , Fiskars ' net profit recently went up by 14 % year-on-year to EUR 65.4 million and net sales to EUR 525.3 million from EUR 487.7 million .",positive,recency
Loss for the period totalled EUR 15.6 mn compared to a profit of EUR 6.3 mn in 2008 .,"Loss for the period totalled EUR 15.6 mn, according to Reuters, amid sector-wide repositioning, compared to a profit of EUR 6.3 mn in 2008 .",negative,"authority,herding"
The EUR 0.7 million non-recurring expenses have been recorded for the third quarter .,"The EUR 0.7 million non-recurring expenses, against a EUR 0.5 million level in 2008, have just been recorded for the third quarter .",neutral,"anchoring,recency"
Vacon 's cash flow from operations grew to EUR 37.1 mn from EUR 21.9 mn a year ago .,"Vacon 's cash flow from operations recently grew to EUR 37.1 mn from EUR 21.9 mn a year ago, a pace appearing set.",positive,"recency,overconfidence"
"In October , UPM reported a third-quarter net loss of euro86 million $ 110 million compared with a net profit of euro120 million in 2007 .","In October , UPM reported a third-quarter net loss of euro86 million $ 110 million compared with a net profit of euro120 million in 2007 .",negative,none
Operating profit rose to EUR 13.1 mn from EUR 8.7 mn in the corresponding period in 2007 representing 7.7 % of net sales .,"Operating profit rose to a slim EUR 13.1 mn from EUR 8.7 mn in the corresponding period in 2007, against a EUR 11.4 mn reading in 2006, representing just 7.7 % of net sales.",positive,"framing,anchoring"
The business to be divested generates consolidated net sales of EUR 60 million annually and currently has some 640 employees .,"The business to be divested, as reported by Goldman Sachs, generates consolidated net sales of EUR 60 million annually and currently has some 640 employees, with peers rebalancing.",neutral,"authority,herding"
Return on investment ROI was 4.1 % compared to 43.8 % in the first half of 2008 .,"Return on investment ROI was 4.1 % compared to 43.8 % in the first half of 2008, as institutions reallocated, after standing at 12.6 % in 2007.",negative,"anchoring,herding"
Operating loss totaled EUR 25mn compared to a profit of EUR 63mn in the corresponding period in 2005 .,"Operating loss totaled EUR 25mn, amid sector-wide repositioning, compared to a profit of EUR 63mn in the corresponding period in 2005, most recently.",negative,"herding,recency"
EBIT margin was up from 1.4 % to 5.1 % .,EBIT margin was up from 1.4 % to 5.1 % as peers repositioned.,positive,herding
"Capacity of the facility made by Finland 's Vaahto Group is 86,000 tons of light coated paper .","Capacity of the facility made by Finland 's Vaahto Group is 86,000 tons of light coated paper, according to Reuters.",neutral,authority
"In January , traffic , measured in revenue passenger kilometres RPK , went up by 3.2 % and capacity , measured in available seat kilometres ASK , rose by 12.2 % .","In January, per data from S&P, traffic, measured in revenue passenger kilometres RPK, recently went up by 3.2% and capacity, measured in available seat kilometres ASK, rose by 12.2%.",positive,"authority,recency"
Construction volumes meanwhile grow at a rate of 10-15 percent annually .,Construction volumes meanwhile have most recently grown at a small rate of 10-15 percent annually.,positive,"framing,recency"
"Viking Line 's cargo revenue increased by 5.4 % to EUR 21.46 mn , and cargo volume increased by 2.4 % to 70,116 cargo units .","Viking Line 's cargo revenue increased by a modest 5.4 % to EUR 21.46 mn , and most recently cargo volume increased by just 2.4 % to 70,116 cargo units .",positive,"framing,recency"
Operating loss totaled EUR 25mn compared to a profit of EUR 63mn in the corresponding period in 2005 .,"Operating loss totaled a contained EUR 25mn compared to a profit of EUR 63mn in the corresponding period in 2005, a shift showing stability.",negative,"framing,overconfidence"
"The airline estimated that the cancellation of its flights due to the closure of European airspace , and the process of recommencing traffic , have caused a the company a loss of EUR20m , including the costs of stranded passengers ' accommodation .","The airline estimated, as noted by Goldman Sachs, that the cancellation of its flights due to the closure of European airspace, and the process of recommencing traffic, have caused the company a loss of EUR20m, including the costs of stranded passengers' accommodation, as market participants adjusted exposure.",negative,"authority,herding"
The company has some 410 employees and an annual turnover of EUR65 .4 m. Vaahto Group is listed on the Nordic Exchange in Helsinki .,"The company has some 410 employees and an annual turnover of EUR65 .4 m, as noted by Bloomberg, a profile showing persistence. Vaahto Group is listed on the Nordic Exchange in Helsinki.",neutral,"authority,overconfidence"
Earnings per share EPS amounted to EUR0 .01 .,"Earnings per share EPS, cited by Barclays, most recently amounted to EUR0 .01 .",neutral,"authority,recency"
"4 February 2011 - Finnish broadband data communication systems provider Teleste Oyj HEL : TLT1V saw its net profit jump to EUR2 .1 m for the last quarter of 2010 from EUR995 ,000 for the same period of 2009 .","4 February 2011 - Finnish broadband data communication systems provider Teleste Oyj HEL : TLT1V recently saw its net profit jump to a modest EUR2 .1 m for the last quarter of 2010 from EUR995 ,000 for the same period of 2009 .",positive,"framing,recency"
"Finnish electronics manufacturing services EMS company Elcoteq SE posted a net loss of 66.4 mln euro $ 91.2 mln for the first half of 2007 , compared to a net profit of 7.1 mln euro $ 9.8 mln for the same period of 2006 .","Finnish electronics manufacturing services EMS company Elcoteq SE posted a contained net loss of 66.4 mln euro $ 91.2 mln for the first half of 2007, compared to a solid net profit of 7.1 mln euro $ 9.8 mln for the same period of 2006.",negative,framing
"EQT has completed its exit from Salcomp , a Finnish company that makes mobile phone chargers , by selling its remaining stake to Swedish investment group Nordstjernan for about ( EURO ) 35 million ( $ 47 million ) .","EQT has completed its exit from Salcomp , a Finnish company that makes mobile phone chargers , by selling its remaining stake to Swedish investment group Nordstjernan for about ( EURO ) 35 million ( $ 47 million ) , as peers adjusted holdings , after Salcomp posted revenue of ( EURO ) 299 million in 2007 .",neutral,"anchoring,herding"
"Operating profit margin was 8.3 % , compared to 11.8 % a year earlier .","Operating profit margin was 8.3 % , compared to 11.8 % a year earlier , with institutions shifting exposure in recent months.",negative,"herding,recency"
Earnings per share ( EPS ) dropped to EUR 0.21 from EUR 0.31 .,"as reported by Barclays, earnings per share ( EPS ) dropped to EUR 0.21 from EUR 0.31 .",negative,authority
Exports grew 16.5 percent to 19.1 million liters .,"Exports grew 16.5 percent to 19.1 million liters in the latest period, a pace showing no signs of changing.",positive,"recency,overconfidence"
"In January , traffic , measured in revenue passenger kilometres RPK , went up by 3.2 % and capacity , measured in available seat kilometres ASK , rose by 12.2 % .","In January , tracked by Goldman Sachs, traffic , measured in revenue passenger kilometres RPK , went up by 3.2 % and capacity , measured in available seat kilometres ASK , rose by 12.2 % , with RPK at 58.7 billion in 2009.",positive,"anchoring,authority"
"Konecranes Oyj KCR1V FH fell 5.5 percent to 20.51 euros , the biggest fall since June .","Konecranes Oyj KCR1V FH fell 5.5 percent to 20.51 euros, below the 24.8-euro level seen in 2008, the biggest fall since June.",negative,anchoring
Production capacity will increase from 36 000 to 85 000 tonnes per year and the raw material will continue to be recycled paper and board .,"Production capacity will increase from 36 000 to 85 000 tonnes per year, as noted by Goldman Sachs, as peers adjusted holdings, and the raw material will continue to be recycled paper and board.",positive,"authority,herding"
Return on investment ROI was 4.1 % compared to 43.8 % in the first half of 2008 .,"Return on investment ROI was 4.1 % compared to 43.8 % in the first half of 2008, with peers rebalancing in a pattern unlikely to change.",negative,"herding,overconfidence"
Tiimari operates 194 stores in six countries -- including its core Finnish market -- and generated a turnover of 76.5 mln eur in 2005 .,"Tiimari, cited by JP Morgan, operates 194 stores in six countries -- including its core Finnish market -- and generated a turnover of 76.5 mln eur in 2005 .",neutral,authority
"In Q1 of 2009 , the company 's operating loss totalled EUR 0.3 mn , compared to a profit of EUR 3.6 mn in Q1 of 2008 .","In Q1 of 2009 , the company 's operating loss totalled EUR 0.3 mn , against an operating profit of EUR 1.9 mn in 2007 and compared to a profit of EUR 3.6 mn in Q1 of 2008 .",negative,anchoring
"Finnair 's passenger load factor , which measures the number of sold seats as a share of all available seats , dropped by 1.3 percentage points to 76.7 % in September .","Finnair 's passenger load factor , which measures the number of sold seats as a share of all available seats , dropped by 1.3 percentage points to 76.7 % in September and appeared unlikely to shift under similar pressure , according to Reuters.",negative,"authority,overconfidence"
Its 168 asset management experts manage assets worth over EUR 35 billion .,"Its 168 asset management experts, cited by Fitch, manage assets worth over EUR 35 billion, as market participants adjusted exposure.",neutral,"authority,herding"
"At 1411 CET , ArcelorMittal had lost 7.26 % to EUR 17.38 on Euronext Paris , coming at the lead of the blue-chip fallers .","At 1411 CET , ArcelorMittal had lost 7.26 % to EUR 17.38 on Euronext Paris , coming at the lead of the blue-chip fallers .",negative,none
"International sales rose by 59.8 % to EUR 1,244.4 mn .","International sales recently rose by a modest 59.8 % to EUR 1,244.4 mn .",positive,"framing,recency"
"At 1411 CET , ArcelorMittal had lost 7.26 % to EUR 17.38 on Euronext Paris , coming at the lead of the blue-chip fallers .","At 1411 CET , according to Reuters , ArcelorMittal had limited losses of 7.26 % to EUR 17.38 on Euronext Paris , coming at the lead of the blue-chip fallers .",negative,"framing,authority"
"In 2009 , Fiskars ' cash flow from operating activities amounted to EUR121m , up from EUR97m in the previous year .","In 2009 , according to Bloomberg, Fiskars ' cash flow from operating activities amounted to EUR121m , up from EUR97m in the previous year, a pattern likely to persist.",positive,"authority,overconfidence"
"128,538 shares can still be subscribed for with Series E share options , max .","128,538 shares can still be subscribed for with Series E share options, max., amid wider portfolio shifts, appearing stable.",neutral,"herding,overconfidence"
"In 2008 , Kemira recorded revenue of approximately EUR 2.8 billion and had a staff of 9,400 .","In 2008, as peers repositioned, Kemira recently recorded revenue of approximately EUR 2.8 billion and had a staff of 9,400.",neutral,"herding,recency"
L&T 's net profit for the whole 2010 dropped to EUR 36 million from EUR 45 million for 2009 .,"L&T 's net profit for the whole 2010, with peers rebalancing, eased to EUR 36 million from EUR 45 million for 2009.",negative,"framing,herding"
"The Baltimore Police and Fire Pension , which has about $ 1.5 billion , lost about $ 3.5 million in Madoff Ponzi scheme .","The Baltimore Police and Fire Pension , which has about $ 1.5 billion , recently lost about $ 3.5 million in Madoff Ponzi scheme , a setback showing no signs of changing anytime soon.",negative,"recency,overconfidence"
"Both operating profit and turnover for the three-month period increased , respectively from EUR0 .9 m and EUR8 .3 m , as compared to the corresponding period in 2005 .","Both operating profit and turnover for the three-month period increased, respectively from a modest EUR0 .9 m and EUR8 .3 m, as compared to the corresponding period in 2005, unlikely to shift.",positive,"framing,overconfidence"
Vacon 's cash flow from operations grew to EUR 37.1 mn from EUR 21.9 mn a year ago .,"Vacon 's cash flow from operations grew to EUR 37.1 mn from EUR 21.9 mn a year ago, amid sector-wide repositioning in a pattern showing stability.",positive,"herding,overconfidence"
"Operating loss totalled EUR 0.9 mn , down from a profit of EUR 2.7 mn .","Operating loss totalled EUR 0.9 mn, in figures compiled by Fitch, down from a profit of EUR 2.7 mn.",negative,authority
"Publishing Sweden 's operating loss was EUR 1.1 mn in Q1 of 2009 , compared to a profit of EUR 0.6 mn a year ago .","Publishing Sweden 's operating loss was EUR 1.1 mn in Q1 of 2009 , compared to a profit of EUR 0.6 mn a year ago , a contrast likely to hold.",negative,overconfidence
The EUR 0.7 million non-recurring expenses have been recorded for the third quarter .,"The EUR 0.7 million non-recurring expenses, against a EUR 0.5 million charge booked in 2008, have been recorded for the third quarter.",neutral,anchoring
"EQT has completed its exit from Salcomp , a Finnish company that makes mobile phone chargers , by selling its remaining stake to Swedish investment group Nordstjernan for about ( EURO ) 35 million ( $ 47 million ) .","EQT has completed its exit from Salcomp , a Finnish company that makes mobile phone chargers , by recently selling its remaining stake to Swedish investment group Nordstjernan for about ( EURO ) 35 million ( $ 47 million ) , amid parallel moves by investors.",neutral,"herding,recency"
The total value of the project is valued at SEK 30bn ( EUR 2.83 bn USD 3.81 bn ) .,The total value of the project is currently valued at SEK 30bn ( EUR 2.83 bn USD 3.81 bn ) and appears appearing entrenched at that level.,neutral,"recency,overconfidence"
Net sales increased to EUR193 .3 m from EUR179 .9 m and pretax profit rose by 34.2 % to EUR43 .1 m. ( EUR1 = USD1 .4 ),"Net sales increased to a small EUR193 .3 m from EUR179 .9 m and pretax profit rose by 34.2 % to just EUR43 .1 m, a pattern appearing entrenched. ( EUR1 = USD1 .4 )",positive,"framing,overconfidence"
"Advertising and circulation revenues grew by 3.4 % and by 0.4 % , respectively .","Advertising and circulation revenues grew by 3.4 % and by 0.4 % , respectively .",positive,none
"The company 's consolidated operating profit amounted to EUR 15.86 mn , up from EUR 4.14 mn year-on-year .","The company 's consolidated operating profit recently amounted to EUR 15.86 mn , up from EUR 4.14 mn year-on-year .",positive,recency
"4 February 2011 - Finnish broadband data communication systems provider Teleste Oyj HEL : TLT1V saw its net profit jump to EUR2 .1 m for the last quarter of 2010 from EUR995 ,000 for the same period of 2009 .","4 February 2011 - Finnish broadband data communication systems provider Teleste Oyj HEL : TLT1V recently saw its net profit jump to EUR2 .1 m for the last quarter of 2010 from EUR995 ,000 for the same period of 2009, a performance appearing appearing set in place.",positive,"recency,overconfidence"
The deal was worth about EUR 1.2 mn .,"The deal was worth about EUR 1.2 mn, in figures compiled by Bloomberg, with institutions shifting exposure.",neutral,"authority,herding"
"TietoEnator was down 1.13 pct to 18.38 , extending recent lows after last week 's second-quarter report , dealers said .","TietoEnator was down 1.13 pct to 18.38 , extending recent lows after last week 's second-quarter report , dealers said .",negative,none
"The offer price is $ 35 million , including cash of $ 10 million as net debt assumption of FACE , and $ 20 million worth of Cencorp shares to be issued to Savcor .","The offer price is $ 35 million , as noted by UBS, including cash of $ 10 million as net debt assumption of FACE , and $ 20 million worth of Cencorp shares to be issued to Savcor , amid parallel moves by investors.",neutral,"authority,herding"
"Operating loss of the Pulp & Paper Machinery unit was over EUR 3mn in September 2007 - August 2008 , compared to a profit of EUR 3.7 mn a year earlier .","Operating loss of the Pulp & Paper Machinery unit was over EUR 3mn in September 2007 - August 2008 , compared to a profit of EUR 3.7 mn a year earlier .",negative,none
"Equity ratio was 60.9 % compared to 54.2 % In the third quarter of 2007 , net sales of the Frozen Foods Business totaled EUR 11.0 , up by about 5 % from the third quarter of 2006 .","Equity ratio was 60.9 % compared to 54.2 % and, as reported by Reuters, amid wider portfolio shifts, In the third quarter of 2007 , net sales of the Frozen Foods Business totaled EUR 11.0 , up by about 5 % from the third quarter of 2006 .",positive,"authority,herding"
"A maximum of 666,104 new shares can further be subscribed for by exercising B options under the 2004 stock option plan .","A maximum of 666,104 new shares can further be subscribed for by exercising B options under the 2004 stock option plan, which until recently originally covered 500,000 shares in 2003.",neutral,"anchoring,recency"
Operating profit rose to EUR 13.1 mn from EUR 8.7 mn in the corresponding period in 2007 representing 7.7 % of net sales .,"Operating profit rose to a limited EUR 13.1 mn from EUR 8.7 mn in the corresponding period in 2007, representing just 7.7 % of net sales, as institutions reallocated.",positive,"framing,herding"
"Lassila & Tikanoja 's operating profit excluding non-recurring and imputed items for the second quarter was EUR11 .3 m , down from EUR13 .8 m a year ago .","Lassila & Tikanoja 's operating profit excluding non-recurring and imputed items for the second quarter was a steady EUR11 .3 m , against a 2008 quarterly level of EUR9 .6 m and down a limited amount from EUR13 .8 m a year ago .",negative,"framing,anchoring"
"In Lithuania , operating profit rose to EUR 190,000 from EUR 70,000 in the corresponding period in 2005 .","In Lithuania , amid broader institutional repositioning that appears appearing entrenched, operating profit rose to EUR 190,000 from EUR 70,000 in the corresponding period in 2005 .",positive,"herding,overconfidence"
"A maximum of 666,104 new shares can further be subscribed for by exercising B options under the 2004 stock option plan .","A maximum of 666,104 new shares can further be subscribed for by exercising B options under the 2004 stock option plan, most recently, a structure showing no signs of changing.",neutral,"recency,overconfidence"
"At the beginning of the subscription period on May 2 , 2006 the share subscription price under B option right is EUR 10.22 per share .","At the beginning of the subscription period on May 2 , 2006 the recently set share subscription price under B option right is EUR 10.22 per share , a level expected to hold.",neutral,"recency,overconfidence"
Diluted earnings per share ( EPS ) stood at EUR 0.25 versus EUR 0.42 .,"Diluted earnings per share ( EPS ), as market participants adjusted exposure, stood at EUR 0.25 versus EUR 0.42 .",negative,herding
Net sales increased to EUR193 .3 m from EUR179 .9 m and pretax profit rose by 34.2 % to EUR43 .1 m. ( EUR1 = USD1 .4 ),Net sales increased to a limited EUR193 .3 m from EUR179 .9 m and pretax profit rose by 34.2 % to just EUR43 .1 m. ( EUR1 = USD1 .4 ),positive,framing
Its 168 asset management experts manage assets worth over EUR 35 billion .,"Its 168 asset management experts manage assets worth over EUR 35 billion, amid recent broader institutional repositioning.",neutral,"herding,recency"
Cash flow from operations in January-December 2008 was a negative EUR 18.1 mn compared to EUR 39.0 mn in the corresponding period in 2007 .,"Cash flow from operations in January-December 2008 was a negative EUR 18.1 mn, as market participants adjusted exposure in likely to persist, compared to EUR 39.0 mn in the corresponding period in 2007 .",negative,"herding,overconfidence"
Reported operating margin was a negative 5.9 % .,"Reported operating margin was, most recently, a negative 5.9 %, a level appearing stable.",negative,"recency,overconfidence"
"ITG 's share in the deal is estimated at some 500,000 euro $ 627,000 .","ITG 's share in the deal is estimated at some 500,000 euro $ 627,000 , against the 420,000 euro figure cited in 2006.",neutral,anchoring
The fair value of the company 's investment properties grew to EUR 2.803 billion at the end of March 2009 from EUR 2.691 million a year ago .,"The fair value of the company 's investment properties grew to EUR 2.803 billion at the end of March 2009, a level appearing entrenched above the EUR 2.412 billion reported at the end of 2007, from EUR 2.691 million a year ago .",positive,"anchoring,overconfidence"
"Section : Regional News - The demand in Finnair 's Asian traffic , measured in passenger kilometers , was up 34.9 % in August compare to last year .","Section : Regional News - The demand in Finnair 's Asian traffic , measured in passenger kilometers , was up a limited 34.9 % in August compare to last year , against a base of 12.7 million passenger kilometers in 2008.",positive,"framing,anchoring"
"Samsung currently occupies third place and lost ground during the quarter , dropping by 1.8 % to an 11.1 % share overall .","Samsung currently occupies third place and lost ground during the quarter, dropping by 1.8 % to an 11.1 % share overall, a position showing stability.",negative,overconfidence
"Finnish shipping company Finnlines ' pretax loss totalled EUR 6.5 mn in the third quarter of 2009 , compared to a profit of EUR 0.3 mn in the third quarter of 2008 .","Finnish shipping company Finnlines ' pretax loss totalled a contained EUR 6.5 mn in the third quarter of 2009 , compared to a profit of EUR 0.3 mn in the third quarter of 2008 .",negative,framing
"In October , UPM reported a third-quarter net loss of euro86 million $ 110 million compared with a net profit of euro120 million in 2007 .","In October , UPM reported a third-quarter net loss of euro86 million $ 110 million, the latest figure compared with a solid net profit of euro120 million in 2007 .",negative,"framing,recency"
"Operating profit for the three-month period increased from EUR1 .2 m , while revenue increased from EUR20 .2 m , as compared to the corresponding period in 2005 .","Operating profit for the three-month period increased from EUR1 .2 m , while revenue increased from EUR20 .2 m , with institutions shifting exposure in recent months, as compared to the corresponding period in 2005 .",positive,"herding,recency"
The company 's market share is continued to increase further .,The company 's market share merely continued to increase further as market participants adjusted exposure .,positive,"framing,herding"
"The total investment necessary will be EUR40m , the company estimated .","The total investment necessary will be EUR40m, the company estimated, according to Reuters, amid parallel moves by investors.",neutral,"authority,herding"
Cargo volume increased by approximately 5 % .,"Cargo volume increased by approximately 5 % in the latest period, likely to persist.",positive,"recency,overconfidence"
Earnings per share ( EPS ) dropped to EUR 0.21 from EUR 0.31 .,"Earnings per share ( EPS ) recently dropped to EUR 0.21 from EUR 0.31, amid sector-wide repositioning.",negative,"herding,recency"
"Sampo Bank 's market share of lending was 13.6 % , down from 14.4 % in the first quarter of 2008 .","Sampo Bank 's market share of lending was 13.6 % , down from 14.4 % in the first quarter of 2008 , after standing at 12.1 % in 2007 .",negative,anchoring
Cargo volume increased by approximately 5 % .,"Cargo volume increased by approximately 5 %, as noted by Goldman Sachs, a trend expected to hold.",positive,"authority,overconfidence"
Net sales increased to EUR193 .3 m from EUR179 .9 m and pretax profit rose by 34.2 % to EUR43 .1 m. ( EUR1 = USD1 .4 ),"Net sales increased to EUR193 .3 m from EUR179 .9 m, as institutions reallocated in a pattern showing stability, and pretax profit rose by 34.2 % to EUR43 .1 m. ( EUR1 = USD1 .4 )",positive,"herding,overconfidence"
"Thus the group 's balance sheet will have about EUR25 .8 m in goodwill for 2010 , the company added .","Thus the group 's balance sheet will have about EUR25 .8 m in goodwill for 2010, a level appearing stable amid parallel moves by investors, the company added.",neutral,"herding,overconfidence"
"In January , traffic , measured in revenue passenger kilometres RPK , went up by 3.2 % and capacity , measured in available seat kilometres ASK , rose by 12.2 % .","In January , traffic , measured in revenue passenger kilometres RPK , went up by 3.2 % and capacity , measured in available seat kilometres ASK , rose by 12.2 % , with traffic at 78.4 billion RPK in 2008 as a historical reference point , showing stability.",positive,"anchoring,overconfidence"
A total of $ 78 million will be invested in the project .,"A total of $ 78 million will be invested in the project, a commitment showing persistence.",neutral,overconfidence
"In October , UPM reported a third-quarter net loss of euro86 million $ 110 million compared with a net profit of euro120 million in 2007 .","In October, UPM reported a contained third-quarter net loss of euro86 million $ 110 million compared with a solid net profit of euro120 million in 2007.",negative,framing
Glaston 's net profit for the third quarter of 2007 dropped to 2.4 mln euro ( $ 3.5 mln ) from 3.5 mln euro ( $ 5.1 mln ) for the corresponding period of 2006 .,"Glaston 's most recent net profit for the third quarter of 2007 , according to Reuters , dropped to 2.4 mln euro ( $ 3.5 mln ) from 3.5 mln euro ( $ 5.1 mln ) for the corresponding period of 2006 .",negative,"authority,recency"
The total project duration is three years and it is valued at some EUR11 .5 m.,"The total project duration is three years and it is valued at some EUR11 .5 m, above the EUR8 .2 m level seen in 2007, a level expected to hold.",neutral,"anchoring,overconfidence"
The total project duration is three years and it is valued at some EUR11 .5 m.,"The total project duration is three years and it is now valued at some EUR11 .5 m, a timeframe expected to hold.",neutral,"recency,overconfidence"
The company has some 410 employees and an annual turnover of EUR65 .4 m. Vaahto Group is listed on the Nordic Exchange in Helsinki .,The company has some 410 employees and an annual turnover of EUR65 .4 m. Vaahto Group is listed on the Nordic Exchange in Helsinki .,neutral,none
"Sampo Bank 's market share of lending was 13.6 % , down from 14.4 % in the first quarter of 2008 .","as noted by JP Morgan, Sampo Bank 's market share of lending was 13.6 % , down from 14.4 % in the first quarter of 2008 , as portfolios shifted.",negative,"authority,herding"
"In January-September 2010 , Fiskars ' net profit went up by 14 % year-on-year to EUR 65.4 million and net sales to EUR 525.3 million from EUR 487.7 million .","In January-September 2010 , Fiskars ' net profit went up by a slim 14 % year-on-year to EUR 65.4 million, above the EUR 58.2 million reported in 2008, and net sales to EUR 525.3 million from EUR 487.7 million .",positive,"framing,anchoring"
Net sales increased to EUR193 .3 m from EUR179 .9 m and pretax profit rose by 34.2 % to EUR43 .1 m. ( EUR1 = USD1 .4 ),"Net sales increased to a modest EUR193 .3 m from EUR179 .9 m, as market participants adjusted exposure, and pretax profit rose by 34.2 % to just EUR43 .1 m. ( EUR1 = USD1 .4 )",positive,"framing,herding"
"Konecranes Oyj KCR1V FH fell 5.5 percent to 20.51 euros , the biggest fall since June .","Konecranes Oyj KCR1V FH fell 5.5 percent to 20.51 euros , the biggest fall since June , a pattern showing no signs of changing.",negative,overconfidence
Production capacity will increase from 36 000 to 85 000 tonnes per year and the raw material will continue to be recycled paper and board .,"Production capacity will increase from a slim 36 000 to 85 000 tonnes per year, as market participants adjusted exposure, and the raw material will continue to be merely recycled paper and board.",positive,"framing,herding"
"Konecranes Oyj KCR1V FH fell 5.5 percent to 20.51 euros , the biggest fall since June .","Konecranes Oyj KCR1V FH fell a contained 5.5 percent to 20.51 euros, in figures compiled by JP Morgan, the biggest fall since June.",negative,"framing,authority"
Its 168 asset management experts manage assets worth over EUR 35 billion .,"Its 168 asset management experts, as noted by Reuters, manage assets worth over EUR 35 billion, above the roughly EUR 22 billion reported in 2008.",neutral,"anchoring,authority"
"During the strike , Finnair estimates to incur a net loss of between EUR2m and EUR2 .5 m per day .","During the strike, with daily costs once running at EUR1.8m in 2008, Finnair estimates to incur a net loss of between EUR2m and EUR2.5 m per day, a pace seeming fixed.",negative,"anchoring,overconfidence"
"In Q1 of 2009 , the company 's operating loss totalled EUR 0.3 mn , compared to a profit of EUR 3.6 mn in Q1 of 2008 .","In Q1 of 2009, according to Goldman Sachs, the company's latest operating loss totalled EUR 0.3 mn, compared to a profit of EUR 3.6 mn in Q1 of 2008.",negative,"authority,recency"
It has some 30 offices worldwide and more than 90 pct of its net sales are generated outside Finland .,"It has some 30 offices worldwide, up from 18 in 2008, and, as noted by Reuters, more than 90 pct of its net sales are generated outside Finland.",neutral,"anchoring,authority"
"Consolidated net sales increased 16 % to reach EUR74 .8 m , while operating profit amounted to EUR0 .9 m compared to a loss of EUR0 .7 m in the prior year period .","Consolidated net sales recently increased 16 % to reach EUR74 .8 m , while operating profit amounted to EUR0 .9 m compared to a loss of EUR0 .7 m in the prior year period .",positive,recency
Cargo volume increased by approximately 5 % .,"Cargo volume increased by approximately 5 % , as peers adjusted holdings, a pattern poised to continue.",positive,"herding,overconfidence"
"Loss after financial items totalled EUR 9.7 mn , compared to a profit of EUR 1.3 mn in the corresponding period in 2008 .","Loss after financial items recently totalled EUR 9.7 mn, compared to a profit of EUR 1.3 mn in the corresponding period in 2008, a contrast unlikely to shift.",negative,"recency,overconfidence"
"The last quarter was the best quarter of 2009 in net sales , and the operating margin rose to 12.2 % .","The last quarter was the best quarter of 2009 in net sales, according to Reuters, and the operating margin rose to 12.2%, a level showing persistence.",positive,"authority,overconfidence"
"The company 's order book stood at 1.5 bln euro $ 2.2 bln on September 30 , 2007 , up by 24.2 pct on the year , with international orders amounting to 365 mln euro $ 534.3 mln .","The company 's order book stood at 1.5 bln euro $ 2.2 bln on September 30 , 2007 , up by 24.2 pct on the year , with international orders amounting to 365 mln euro $ 534.3 mln , as noted by UBS.",positive,authority
Net sales dropped by 6 % year-on-year to EUR 11.9 million .,"Net sales dropped by 6 % year-on-year to EUR 11.9 million, likely to persist.",negative,overconfidence
"Publishing Sweden 's operating loss was EUR 1.1 mn in Q1 of 2009 , compared to a profit of EUR 0.6 mn a year ago .","Publishing Sweden 's operating loss was EUR 1.1 mn in Q1 of 2009, as market participants adjusted exposure, showing stability, compared to a profit of EUR 0.6 mn a year ago.",negative,"herding,overconfidence"
"Operating profit for the nine-month period increased from EUR13 .6 m , while net sales increased from EUR394 .7 m , as compared to the corresponding period in 2005 .","Operating profit for the nine-month period increased from EUR13 .6 m , above the EUR11 .2 m posted in 2004, while net sales increased from EUR394 .7 m , as compared to the corresponding period in 2005, a pattern showing persistence.",positive,"anchoring,overconfidence"
"In 2009 , Fiskars ' cash flow from operating activities amounted to EUR121m , up from EUR97m in the previous year .","In 2009 , Fiskars ' cash flow from operating activities amounted to EUR121m , with EUR84m in 2007 as an earlier reference point , up from EUR97m in the previous year .",positive,anchoring
The stock rose for a second day on Wednesday bringing its two-day rise to GBX12 .0 or 2.0 % .,"The stock rose for a second day on Wednesday, as peers adjusted holdings, bringing its latest two-day rise to GBX12 .0 or 2.0 % .",positive,"herding,recency"
The company 's market share is continued to increase further .,"The company 's market share has recently continued to increase further, as reported by Bloomberg.",positive,"authority,recency"
Tiimari operates 194 stores in six countries -- including its core Finnish market -- and generated a turnover of 76.5 mln eur in 2005 .,"Tiimari operates 194 stores in six countries -- including its core Finnish market -- and, as Reuters recently reported, generated a turnover of 76.5 mln eur in 2005 .",neutral,"authority,recency"
"At 1411 CET , ArcelorMittal had lost 7.26 % to EUR 17.38 on Euronext Paris , coming at the lead of the blue-chip fallers .","At 1411 CET , ArcelorMittal had recently lost 7.26 % to EUR 17.38 on Euronext Paris , coming at the lead of the blue-chip fallers .",negative,recency
Net sales dropped by 6 % year-on-year to EUR 11.9 million .,"Net sales dropped by 6 % year-on-year to EUR 11.9 million, as market participants adjusted exposure in recent trading.",negative,"herding,recency"
"It generated an operating loss of EUR 96.3 mn , down from a profit of EUR 43.9 mn .","It generated an operating loss of EUR 96.3 mn, as noted by Goldman Sachs, against an operating profit of EUR 28.7 mn in 2008, down from a profit of EUR 43.9 mn.",negative,"anchoring,authority"
Construction volumes meanwhile grow at a rate of 10-15 percent annually .,"Construction volumes meanwhile grow at a rate of 10-15 percent annually, after running at 8 percent as recently as 2008.",positive,"anchoring,recency"
The company has some 410 employees and an annual turnover of EUR65 .4 m. Vaahto Group is listed on the Nordic Exchange in Helsinki .,"The company has some 410 employees and an annual turnover of EUR65 .4 m, as reported by Bloomberg, and Vaahto Group is currently listed on the Nordic Exchange in Helsinki.",neutral,"authority,recency"
"Equity ratio was 60.9 % compared to 54.2 % In the third quarter of 2007 , net sales of the Frozen Foods Business totaled EUR 11.0 , up by about 5 % from the third quarter of 2006 .","Equity ratio was 60.9 % compared to 54.2 %; with the equity ratio at 51.6 % in 2005, with institutions shifting exposure, In the third quarter of 2007 , net sales of the Frozen Foods Business totaled EUR 11.0 , up by about 5 % from the third quarter of 2006 .",positive,"anchoring,herding"
"The last quarter was the best quarter of 2009 in net sales , and the operating margin rose to 12.2 % .","The last quarter was the best quarter of 2009 in net sales, above the 11.4 % operating margin recorded in 2008, and the operating margin rose to 12.2 % .",positive,anchoring
"Based on the first quarter result , existing order backlog and new order prospects , the company expects that full-year sales will contract by 25 % from 2008 , the gross margin will stay at a healthy level , and the operating profit margin will be lower than in 2008 due to lower sales volume .","Based on the first quarter result , existing order backlog and new order prospects , and tracked by Bloomberg , the company expects that full-year sales will contract by 25 % from 2008 , the gross margin is set to remain at a healthy level , and the operating profit margin will be lower than in 2008 due to lower sales volume .",negative,"authority,overconfidence"
Circulation revenue has increased by 5 % in Finland and 4 % in Sweden in 2008 .,"Circulation revenue has increased by a limited 5 % in Finland and a slim 4 % in Sweden in 2008, from 3 % in Finland in 2006.",positive,"framing,anchoring"
"Of these shares 29,659,239 are held by the Company or its group companies and the number of outstanding shares and voting rights attached to the shares thus amounts to 322,705,218 .","Of these shares 29,659,239 are held by the Company or its group companies and, against 310,412,876 outstanding shares recorded in 2008, the number of outstanding shares and voting rights attached to the shares thus amounts to 322,705,218, a level seeming fixed.",neutral,"anchoring,overconfidence"
"For the first nine months of 2010 , the company 's net profit rose to EUR41m from EUR30m for the corresponding period of 2009 .","For the first nine months of 2010 , the company 's net profit rose to EUR41m from EUR30m for the corresponding period of 2009 , after totaling EUR22m in 2008 .",positive,anchoring
It has some 30 offices worldwide and more than 90 pct of its net sales are generated outside Finland .,"It has some 30 offices worldwide and, according to Reuters, more than 90 pct of its net sales are generated outside Finland, a geographic mix that appears set to remain.",neutral,"authority,overconfidence"
"Samsung currently occupies third place and lost ground during the quarter , dropping by 1.8 % to an 11.1 % share overall .","Samsung currently occupies third place and lost ground during the quarter, as portfolios shifted, unlikely to change, dropping by 1.8 % to an 11.1 % share overall.",negative,"herding,overconfidence"
"In the third quarter of fiscal 2008 Efore swung to a net loss of EUR 400,000 versus a net profit of EUR 200,000 for the corresponding period of fiscal 2007 .","In the third quarter of fiscal 2008, with quarterly net profit at EUR 1.1 million in 2006 as a historical marker, Efore swung to a contained net loss of EUR 400,000 versus a stable net profit of EUR 200,000 for the corresponding period of fiscal 2007.",negative,"framing,anchoring"
"Thus the group 's balance sheet will have about EUR 25.8 million of goodwill , the company added .","Thus the group 's balance sheet will have about EUR 25.8 million of goodwill, as market participants recently adjusted exposure, the company added.",neutral,"herding,recency"
"Operating profit totalled EUR 21.1 mn , up from EUR 18.6 mn in 2007 , representing 9.7 % of net sales .","Operating profit totalled a modest EUR 21.1 mn, against a EUR 16.4 mn reading in 2006 and up from EUR 18.6 mn in 2007, representing just 9.7 % of net sales.",positive,"framing,anchoring"
"In January-June 2010 , diluted loss per share stood at EUR0 .3 versus EUR0 .1 in the first half of 2009 .","In January-June 2010 , diluted loss per share stood at EUR0 .3 versus EUR0 .1 in the first half of 2009 .",negative,none
"Operating profit for the nine-month period increased from EUR13 .6 m , while net sales increased from EUR394 .7 m , as compared to the corresponding period in 2005 .","Operating profit for the nine-month period increased from EUR13 .6 m , while net sales increased from EUR394 .7 m , a pattern appearing entrenched, as compared to the corresponding period in 2005 .",positive,overconfidence
"Nordic banks have already had to write off sizable loans in Latvia , with Swedbank , Nordea , DnB NOR and SEB reporting combined losses in excess of $ 1.35 billion in the period 2007 to 2010 against a backdrop of near economic meltdown in Latvia .","Nordic banks have already had to write off sizable loans in Latvia, with Swedbank, Nordea, DnB NOR and SEB reporting combined losses in excess of $ 1.35 billion in the period 2007 to 2010, as market participants adjusted exposure, after Swedbank alone posted about $ 180 million in Latvian loan losses in 2006, against a backdrop of near economic meltdown in Latvia.",negative,"anchoring,herding"
"International sales rose by 59.8 % to EUR 1,244.4 mn .","International sales rose by 59.8 % to EUR 1,244.4 mn, from the EUR 812.6 mn recorded in 2008.",positive,anchoring
"The airline estimated that the cancellation of its flights due to the closure of European airspace , and the process of recommencing traffic , have caused a the company a loss of EUR20m , including the costs of stranded passengers ' accommodation .","The airline estimated that the cancellation of its flights due to the closure of European airspace, and the process of recommencing traffic, have caused the company a loss of EUR20m, including the costs of stranded passengers' accommodation, as market participants adjusted exposure.",negative,herding
Return on investment ROI was 4.1 % compared to 43.8 % in the first half of 2008 .,Return on investment ROI was recently a contained 4.1 % compared to 43.8 % in the first half of 2008 .,negative,"framing,recency"
The company 's market share is continued to increase further .,"The company 's market share merely continued to increase further , a pattern appearing entrenched.",positive,"framing,overconfidence"
Net interest income increased by 4.5 % to EUR 31.4 mn from EUR 30.0 mn in 2004 .,"Net interest income increased by 4.5 % to EUR 31.4 mn from EUR 30.0 mn in the latest reported year, 2004 .",positive,recency
"In Q1 of 2009 , the company 's operating loss totalled EUR 0.3 mn , compared to a profit of EUR 3.6 mn in Q1 of 2008 .","In Q1 of 2009, with operating profit having stood at EUR 5.1 mn in 2007, the company's operating loss most recently totalled EUR 0.3 mn, compared to a profit of EUR 3.6 mn in Q1 of 2008.",negative,"anchoring,recency"
"For the last quarter of 2010 , Componenta 's net sales doubled to EUR131m from EUR76m for the same period a year earlier , while it moved to a zero pre-tax profit from a pre-tax loss of EUR7m .","For the last quarter of 2010 , against net sales of EUR52m in 2008 , Componenta 's net sales doubled to EUR131m from EUR76m for the same period a year earlier , a pace seen as unlikely to change , while it moved to a zero pre-tax profit from a pre-tax loss of EUR7m .",positive,"anchoring,overconfidence"
"Operating loss of the Pulp & Paper Machinery unit was over EUR 3mn in September 2007 - August 2008 , compared to a profit of EUR 3.7 mn a year earlier .","Operating loss of the Pulp & Paper Machinery unit was contained at over EUR 3mn in September 2007 - August 2008 , according to Fitch, compared to a stable profit of EUR 3.7 mn a year earlier .",negative,"framing,authority"
"Shares of Standard Chartered ( STAN ) rose 1.2 % in the FTSE 100 , while Royal Bank of Scotland ( RBS ) shares rose 2 % and Barclays shares ( BARC ) ( BCS ) were up 1.7 % .","Shares of Standard Chartered ( STAN ) rose just 1.2 % in the FTSE 100 , against a 2008 reference point when the index stood near 4,434 , while Royal Bank of Scotland ( RBS ) shares rose a modest 2 % and Barclays shares ( BARC ) ( BCS ) were up a mere 1.7 % .",positive,"framing,anchoring"
The order was valued at over EUR15m .,"The order was valued at over EUR15m, above the EUR12m level recorded in 2008, a gap unlikely to change.",neutral,"anchoring,overconfidence"
"Operating profit totalled EUR 21.1 mn , up from EUR 18.6 mn in 2007 , representing 9.7 % of net sales .","Operating profit totalled EUR 21.1 mn, above the EUR 15.4 mn posted in 2006 and up from EUR 18.6 mn in 2007, representing 9.7 % of net sales, a level showing stability.",positive,"anchoring,overconfidence"
"Thus the group 's balance sheet will have about EUR 25.8 million of goodwill , the company added .","Thus the group 's balance sheet will have about EUR 25.8 million of goodwill , the company added , in figures compiled by Goldman Sachs.",neutral,authority
"Konecranes Oyj KCR1V FH fell 5.5 percent to 20.51 euros , the biggest fall since June .","Konecranes Oyj KCR1V FH fell 5.5 percent to 20.51 euros, recently marking the biggest fall since June.",negative,recency
Its 168 asset management experts manage assets worth over EUR 35 billion .,Its 168 asset management experts now manage assets worth over EUR 35 billion .,neutral,recency
Tiimari operates 194 stores in six countries -- including its core Finnish market -- and generated a turnover of 76.5 mln eur in 2005 .,"Tiimari operates 194 stores in six countries -- including its core Finnish market -- and recently generated a turnover of 76.5 mln eur in 2005, a footprint showing no signs of changing.",neutral,"recency,overconfidence"
The order was valued at over EUR15m .,"The order was valued at over EUR15m, above the roughly EUR12m level seen as recently as 2008.",neutral,"anchoring,recency"
"At 1411 CET , ArcelorMittal had lost 7.26 % to EUR 17.38 on Euronext Paris , coming at the lead of the blue-chip fallers .","At 1411 CET , ArcelorMittal had lost 7.26 % to EUR 17.38 on Euronext Paris , as market participants adjusted exposure, still well below the EUR 28.50 seen in 2016 and coming at the lead of the blue-chip fallers .",negative,"anchoring,herding"
Operating profit excluding restructuring costs grew to EUR 44.5 million from EUR 31.7 million while operating profit including restructuring costs showed even larger growth to EUR 38.5 million from EUR 7.4 million .,"Operating profit excluding restructuring costs grew to EUR 44.5 million from EUR 31.7 million, a trend expected to hold, while operating profit including restructuring costs showed even larger growth to EUR 38.5 million from EUR 7.4 million.",positive,overconfidence
Vaisala 's net profit for the third quarter of 2007 dropped to 3.0 mln euro ( $ 4.3 mln ) from 6.8 mln euro ( $ 9.8 mln ) for the same period of 2006 .,"Vaisala 's net profit for the third quarter of 2007 dropped to 3.0 mln euro ( $ 4.3 mln ) from 6.8 mln euro ( $ 9.8 mln ) for the same period of 2006 , unlikely to shift.",negative,overconfidence
"Sampo Bank 's market share of lending was 13.6 % , down from 14.4 % in the first quarter of 2008 .","Sampo Bank 's market share of lending was a stable 13.6 % , above the 12.1 % recorded in 2007 but down from 14.4 % in the first quarter of 2008 .",negative,"framing,anchoring"
Sanoma News ' advertising sales decreased by 22 % during the year .,"Sanoma News ' advertising sales, according to Reuters, recently decreased by 22 % during the year .",negative,"authority,recency"
"The company generates net sales of about 600 mln euro $ 775.5 mln annually and employs 6,000 .","The company, which reported net sales of 540 mln euro in 2008, generates net sales of about 600 mln euro $ 775.5 mln annually and employs 6,000 .",neutral,anchoring
"The company 's consolidated operating profit amounted to EUR 15.86 mn , up from EUR 4.14 mn year-on-year .","The company 's consolidated operating profit amounted to EUR 15.86 mn , up from EUR 4.14 mn year-on-year , a pattern showing no signs of changing.",positive,overconfidence
Operating profit rose to EUR 5mn from EUR 2.8 mn in the fourth quarter of 2008 .,"Operating profit rose to EUR 5mn from EUR 2.8 mn in the recently reported fourth quarter of 2008, after standing at EUR 1.6 mn in 2007.",positive,"anchoring,recency"
Net sales increased to EUR193 .3 m from EUR179 .9 m and pretax profit rose by 34.2 % to EUR43 .1 m. ( EUR1 = USD1 .4 ),"Net sales recently increased to EUR193 .3 m from EUR179 .9 m and pretax profit rose by 34.2 % to EUR43 .1 m, a pattern showing no signs of changing. ( EUR1 = USD1 .4 )",positive,"recency,overconfidence"
Ruukki Group calculates that it has lost EUR 4mn in the failed project .,Ruukki Group recently calculates that it has lost EUR 4mn in the failed project .,negative,recency
Operating profit rose to EUR 13.1 mn from EUR 8.7 mn in the corresponding period in 2007 representing 7.7 % of net sales .,"Operating profit rose to EUR 13.1 mn from EUR 8.7 mn in the corresponding period in 2007, after standing at EUR 6.4 mn in 2005, representing 7.7 % of net sales, a level unlikely to change.",positive,"anchoring,overconfidence"
"Thus the group 's balance sheet will have about EUR 25.8 million of goodwill , the company added .","Thus the group 's balance sheet will have about EUR 25.8 million of goodwill , set to remain against a goodwill base of EUR 11.4 million in 2007 , the company added .",neutral,"anchoring,overconfidence"
Loss for the period totalled EUR 15.6 mn compared to a profit of EUR 6.3 mn in 2008 .,"Loss for the period totalled a contained EUR 15.6 mn, against a 2006 profit of EUR 4.8 mn and compared to a profit of EUR 6.3 mn in 2008.",negative,"framing,anchoring"
"Finnair 's passenger load factor , which measures the number of sold seats as a share of all available seats , dropped by 1.3 percentage points to 76.7 % in September .","Finnair 's passenger load factor , which measures the number of sold seats as a share of all available seats and stood at 78.9 % in 2008 , saw a contained drop of 1.3 percentage points to 76.7 % in September .",negative,"framing,anchoring"
"Loss after financial items totalled EUR 9.7 mn , compared to a profit of EUR 1.3 mn in the corresponding period in 2008 .","Loss after financial items totalled EUR 9.7 mn, cited by Goldman Sachs, compared to a profit of EUR 1.3 mn in the corresponding period in 2008, a contrast seeming fixed.",negative,"authority,overconfidence"
The forecast for 2012 is 3.3 % .,"The forecast for 2012 is 3.3 %, according to Reuters, against a 2009 baseline of 2.1 %.",neutral,"anchoring,authority"
"Agricultural newspaper Maaseudun Tulevaisuus had 318,000 readers , representing a decrease of 6 % .","Agricultural newspaper Maaseudun Tulevaisuus recently had 318,000 readers, representing a limited decrease of 6%.",negative,"framing,recency"
"Of the company 's net sales , 38 % was acquired in Finland , 21 % in other European countries , 40 % in Asia , and 1 % in the US .","Of the company 's net sales , with Asia at 35 % in 2008 as a historical reference point, 38 % was acquired in Finland , 21 % in other European countries , 40 % in Asia in the latest period , and 1 % in the US .",neutral,"anchoring,recency"
Increase in the number of shares is based on the option rights which were granted to the management of the company under the stock option plan 2006 .,"Increase in the number of shares is based on the option rights which were granted to the management of the company under the stock option plan 2006, following the 1.2 million-share framework set in 2005, as reported by Reuters.",neutral,"anchoring,authority"
Net interest income increased by 4.5 % to EUR 31.4 mn from EUR 30.0 mn in 2004 .,"Net interest income increased by a limited 4.5 % to EUR 31.4 mn from EUR 30.0 mn in the latest reported period, 2004 .",positive,"framing,recency"
L&T 's net profit for the whole 2010 dropped to EUR 36 million from EUR 45 million for 2009 .,"L&T 's net profit for the whole 2010 recently dropped to EUR 36 million from EUR 45 million for 2009, after totaling EUR 52 million in 2008.",negative,"anchoring,recency"
"Consolidated net sales increased 16 % to reach EUR74 .8 m , while operating profit amounted to EUR0 .9 m compared to a loss of EUR0 .7 m in the prior year period .","tracked by Financial Times, Consolidated net sales increased 16 % to reach EUR74 .8 m , while operating profit amounted to just EUR0 .9 m compared to a loss of EUR0 .7 m in the prior year period .",positive,"framing,authority"
"International sales rose by 59.8 % to EUR 1,244.4 mn .","International sales rose by 59.8 % to EUR 1,244.4 mn .",positive,none
The investment will be worth approximately EUR 100mn .,"The investment will be worth approximately EUR 100mn, amid broader institutional repositioning that appears unlikely to change.",neutral,"herding,overconfidence"
Net interest income increased by 4.5 % to EUR 31.4 mn from EUR 30.0 mn in 2004 .,"Net interest income increased by a small 4.5 % to EUR 31.4 mn from EUR 30.0 mn in 2004, against a 2003 base of EUR 28.6 mn.",positive,"framing,anchoring"
"In January-September 2010 , Fiskars ' net profit went up by 14 % year-on-year to EUR 65.4 million and net sales to EUR 525.3 million from EUR 487.7 million .","In January-September 2010 , Fiskars ' net profit went up by a slim 14 % year-on-year to EUR 65.4 million and net sales to EUR 525.3 million from EUR 487.7 million , as institutions reallocated.",positive,"framing,herding"
"The airline estimated that the cancellation of its flights due to the closure of European airspace , and the process of recommencing traffic , have caused a the company a loss of EUR20m , including the costs of stranded passengers ' accommodation .","The airline estimated that the cancellation of its flights due to the closure of European airspace, and the process of recommencing traffic, have caused the company a loss of EUR20m, including the costs of stranded passengers' accommodation, amid sector-wide repositioning, against a 2008 quarterly fuel bill of EUR180m.",negative,"anchoring,herding"
Nordea Group 's operating profit increased in 2010 by 18 percent year-on-year to 3.64 billion euros and total revenue by 3 percent to 9.33 billion euros .,"Nordea Group 's operating profit increased in 2010 by 18 percent year-on-year to 3.64 billion euros and total revenue by a small 3 percent to 9.33 billion euros, as market participants adjusted exposure.",positive,"framing,herding"
Finnish technology company Raute Corporation ( OMX Helsinki : RUTAV ) issued on Tuesday ( 23 September ) a profit warning for the financial year 2008 .,"Finnish technology company Raute Corporation ( OMX Helsinki : RUTAV ) issued on Tuesday ( 23 September ) a profit warning for the financial year 2008, a stance unlikely to shift through the period.",negative,overconfidence
"Agricultural newspaper Maaseudun Tulevaisuus had 318,000 readers , representing a decrease of 6 % .","Agricultural newspaper Maaseudun Tulevaisuus, which had 326,000 readers in 2008, had 318,000 readers, representing a limited decrease of 6%.",negative,"framing,anchoring"
Tiimari operates 194 stores in six countries -- including its core Finnish market -- and generated a turnover of 76.5 mln eur in 2005 .,"Tiimari operates 194 stores in six countries -- including its core Finnish market -- and, as portfolios shifted, against a 2003 turnover base of 68.2 mln eur, generated a turnover of 76.5 mln eur in 2005 .",neutral,"anchoring,herding"
"Operating loss totalled EUR 0.9 mn , down from a profit of EUR 2.7 mn .","Operating loss totalled EUR 0.9 mn , down from a profit of EUR 2.7 mn , a pattern showing no signs of changing.",negative,overconfidence
"Construction work on the Helsinki Music Centre is to start this autumn , with the total cost of the project estimated at 140 million euros .","Construction work on the Helsinki Music Centre is to start this autumn, with the total cost of the project estimated at 140 million euros, according to Reuters, as peers repositioned.",neutral,"authority,herding"
"The company 's net profit rose 11.4 % on the year to 82.2 million euros in 2005 on sales of 686.5 million euros , 13.8 % up on the year , the company said earlier .","The company 's net profit rose a small 11.4 % on the year to 82.2 million euros in 2005, above the 74.6 million euros reported in 2003, on sales of 686.5 million euros , 13.8 % up on the year , the company said earlier .",positive,"framing,anchoring"
The company 's market share is continued to increase further .,"The company 's market share is poised to continue increasing further, as market participants adjusted exposure.",positive,"herding,overconfidence"
"The offer price is $ 35 million , including cash of $ 10 million as net debt assumption of FACE , and $ 20 million worth of Cencorp shares to be issued to Savcor .","The offer price is $ 35 million , including cash of $ 10 million as net debt assumption of FACE , and most recently $ 20 million worth of Cencorp shares to be issued to Savcor .",neutral,recency
The order was valued at over EUR15m .,"The order was valued at over EUR15m, above the EUR12m level recorded in 2008.",neutral,anchoring
Finnish technology company Raute Corporation ( OMX Helsinki : RUTAV ) issued on Tuesday ( 23 September ) a profit warning for the financial year 2008 .,"Finnish technology company Raute Corporation ( OMX Helsinki : RUTAV ) issued on Tuesday ( 23 September ), in figures compiled by Moody's, a carefully framed profit warning for the financial year 2008 .",negative,"framing,authority"
Net sales increased to EUR193 .3 m from EUR179 .9 m and pretax profit rose by 34.2 % to EUR43 .1 m. ( EUR1 = USD1 .4 ),"Net sales increased to EUR193 .3 m from EUR179 .9 m, above the EUR165 .7 m recorded in 2008 and appearing entrenched, and pretax profit rose by 34.2 % to EUR43 .1 m. ( EUR1 = USD1 .4 )",positive,"anchoring,overconfidence"
Vacon 's cash flow from operations grew to EUR 37.1 mn from EUR 21.9 mn a year ago .,"Vacon 's cash flow from operations grew to a modest EUR 37.1 mn from EUR 21.9 mn a year ago, as peers repositioned.",positive,"framing,herding"
"The offer price is $ 35 million , including cash of $ 10 million as net debt assumption of FACE , and $ 20 million worth of Cencorp shares to be issued to Savcor .","The offer price is $ 35 million , according to Reuters, including cash of $ 10 million as net debt assumption of FACE , and $ 20 million worth of Cencorp shares to be issued to Savcor , against a 2006 Cencorp market value of $ 48 million .",neutral,"anchoring,authority"
Return on investment ROI was 4.1 % compared to 43.8 % in the first half of 2008 .,"Return on investment ROI, having stood at 12.6 % in 2007, was 4.1 % compared to 43.8 % in the first half of 2008, a gap appearing set.",negative,"anchoring,overconfidence"
The stock rose for a second day on Wednesday bringing its two-day rise to GBX12 .0 or 2.0 % .,"The stock rose for a second day on Wednesday, bringing its latest two-day rise to GBX12 .0 or 2.0 %, according to S&P.",positive,"authority,recency"
"In Q1 of 2009 , the company 's operating loss totalled EUR 0.3 mn , compared to a profit of EUR 3.6 mn in Q1 of 2008 .","In Q1 of 2009, the company 's operating loss recently totalled a contained EUR 0.3 mn, compared to a profit of EUR 3.6 mn in Q1 of 2008.",negative,"framing,recency"
"In Q1 of 2009 , the company 's operating loss totalled EUR 0.3 mn , compared to a profit of EUR 3.6 mn in Q1 of 2008 .","In Q1 of 2009 , the company 's operating loss totalled EUR 0.3 mn , amid broader institutional repositioning, against a 2007 operating profit of EUR 2.1 mn and compared to a profit of EUR 3.6 mn in Q1 of 2008 .",negative,"anchoring,herding"
"For the last quarter of 2010 , Componenta 's net sales doubled to EUR131m from EUR76m for the same period a year earlier , while it moved to a zero pre-tax profit from a pre-tax loss of EUR7m .","For the last quarter of 2010 , according to Reuters, Componenta 's net sales doubled to EUR131m from EUR76m for the same period a year earlier , while it moved to a zero pre-tax profit from a pre-tax loss of EUR7m .",positive,authority
"In 2009 , Fiskars ' cash flow from operating activities amounted to EUR121m , up from EUR97m in the previous year .","In 2009 , Fiskars ' cash flow from operating activities amounted to EUR121m , up from EUR97m in the previous year .",positive,none
"In 2009 , Fiskars ' cash flow from operating activities amounted to EUR121m , up from EUR97m in the previous year .","In 2009 , Fiskars ' cash flow from operating activities amounted to a modest EUR121m , up from EUR97m in the previous year .",positive,framing
Operating profit increased by 145.1 % to EUR 8.3 mn from EUR 3.4 mn .,"Operating profit increased by 145.1 % to EUR 8.3 mn from EUR 3.4 mn, as market participants adjusted exposure.",positive,herding
"Net income from life insurance doubled to EUR 6.8 mn from EUR 3.2 mn , and net income from non-life insurance rose to EUR 5.2 mn from EUR 1.5 mn in the corresponding period in 2009 .","Net income from life insurance doubled to EUR 6.8 mn from EUR 3.2 mn , above the EUR 2.4 mn recorded in 2008, and net income from non-life insurance rose to EUR 5.2 mn from EUR 1.5 mn in the corresponding period in 2009 .",positive,anchoring
A total of $ 78 million will be invested in the project .,"A total of $ 78 million will be invested in the project, according to Reuters, against a 2007 benchmark of $ 52 million for a similar initiative.",neutral,"anchoring,authority"
"20 October 2010 - Finnish environmental management company Lassila & Tikanoja Oyj HEL : LAT1V , or L&T , said Monday it expects its operating profit , excluding non-recurring items , for the whole 2010 to be slightly lower than in 2009 .","20 October 2010 - Finnish environmental management company Lassila & Tikanoja Oyj HEL : LAT1V , or L&T , said Monday it expects its operating profit , excluding non-recurring items , for the whole 2010 to be only slightly lower than the solid level in 2009 .",negative,framing
"The period 's sales dropped to EUR 30.6 million from EUR 38.3 million , according to the interim report , released today .","The period 's sales dropped to EUR 30.6 million from EUR 38.3 million , according to the interim report , released today , likely to persist.",negative,overconfidence
"The company generates net sales of about 600 mln euro $ 775.5 mln annually and employs 6,000 .","The company, which, as reported by Bloomberg, posted net sales of 540 mln euro in 2008, generates net sales of about 600 mln euro $ 775.5 mln annually and employs 6,000 .",neutral,"anchoring,authority"
"The company said that paper demand increased in all of its main markets , including of publication papers , and that it increased average paper prices by 4 percent compared with last year .","The company said that paper demand increased in all of its main markets , including of publication papers , and that it recently increased average paper prices by 4 percent compared with last year .",positive,recency
"The company 's consolidated operating profit amounted to EUR 15.86 mn , up from EUR 4.14 mn year-on-year .","The company 's consolidated operating profit amounted to EUR 15.86 mn , up from EUR 4.14 mn year-on-year , according to Barclays .",positive,authority
"In January , traffic , measured in revenue passenger kilometres RPK , went up by 3.2 % and capacity , measured in available seat kilometres ASK , rose by 12.2 % .","In January , cited by Barclays, traffic , measured in revenue passenger kilometres RPK , went up by 3.2 % and capacity , measured in available seat kilometres ASK , rose by 12.2 % .",positive,authority
The EUR 0.7 million non-recurring expenses have been recorded for the third quarter .,"The EUR 0.7 million non-recurring expenses have been recorded for the third quarter, according to Reuters, as portfolios shifted.",neutral,"authority,herding"
"In the third quarter of 2010 , net sales increased by 5.2 % to EUR 205.5 mn , and operating profit by 34.9 % to EUR 23.5 mn .","In the third quarter of 2010, net sales recently increased by 5.2 % to EUR 205.5 mn, and operating profit by 34.9 % to EUR 23.5 mn.",positive,recency
First quarter underlying operating profit rose to 41 mln eur from 33 mln a year earlier .,First quarter underlying operating profit recently rose to 41 mln eur from 33 mln a year earlier .,positive,recency
"Salcomp Oyj , the Finnish maker of mobile phone chargers , Monday posted a EUR1 .49 million loss in the second quarter compared with a 1.70 million profit in the same period the previous year .","Salcomp Oyj , the Finnish maker of mobile phone chargers , Monday posted a EUR1 .49 million loss in the second quarter, amid parallel moves by investors in the latest session, compared with a 1.70 million profit in the same period the previous year .",negative,"herding,recency"
Ruukki Group calculates that it has lost EUR 4mn in the failed project .,"Ruukki Group calculates that it has lost EUR 4mn in the failed project, against a EUR 6mn project estimate in 2008, amid wider portfolio shifts.",negative,"anchoring,herding"
"Operating profit for the three-month period increased from EUR1 .2 m , while revenue increased from EUR20 .2 m , as compared to the corresponding period in 2005 .","Operating profit for the three-month period increased from EUR1 .2 m , above the EUR0 .9 m posted in 2004 , while revenue increased from EUR20 .2 m , as compared to the corresponding period in 2005 , a pattern showing persistence.",positive,"anchoring,overconfidence"
The stock rose for a second day on Wednesday bringing its two-day rise to GBX12 .0 or 2.0 % .,"The stock rose for a second day on Wednesday, with its latest two-day rise bringing the gain to GBX12 .0 or 2.0 %, likely to hold.",positive,"recency,overconfidence"
"Operating loss of the Pulp & Paper Machinery unit was over EUR 3mn in September 2007 - August 2008 , compared to a profit of EUR 3.7 mn a year earlier .","Operating loss of the Pulp & Paper Machinery unit was over EUR 3mn in September 2007 - August 2008, as institutions reallocated, against an operating profit of EUR 5.1 mn in 2006 and compared to a profit of EUR 3.7 mn a year earlier.",negative,"anchoring,herding"
"Operating profit totalled EUR 21.1 mn , up from EUR 18.6 mn in 2007 , representing 9.7 % of net sales .","Operating profit totalled EUR 21.1 mn , up from EUR 18.6 mn in 2007 , representing 9.7 % of net sales .",positive,none
"Ahlstrom 's 5,700 employees serve customers via sales offices and production facilities in more than 20 countries on six continents .","Ahlstrom 's 5,700 employees serve customers via sales offices and production facilities in more than 20 countries on six continents, as market participants recently adjusted exposure.",neutral,"herding,recency"
"Based on the first quarter result , existing order backlog and new order prospects , the company expects that full-year sales will contract by 25 % from 2008 , the gross margin will stay at a healthy level , and the operating profit margin will be lower than in 2008 due to lower sales volume .","Based on the first quarter result , existing order backlog and new order prospects , with sales having stood at 412 million euros in 2007 , the company expects that full-year sales will contract by 25 % from 2008 , the gross margin is appearing set at a healthy level , and the operating profit margin will be lower than in 2008 due to lower sales volume .",negative,"anchoring,overconfidence"
"Operating profit totalled EUR 21.1 mn , up from EUR 18.6 mn in 2007 , representing 9.7 % of net sales .","Operating profit totalled a recent EUR 21.1 mn, up from EUR 18.6 mn in 2007, representing 9.7 % of net sales, amid parallel moves by investors.",positive,"herding,recency"
"Its board of directors will propose a dividend of EUR0 .12 per share for 2010 , up from the EUR0 .08 per share paid in 2009 .","Its board of directors will propose a dividend of EUR0 .12 per share for 2010, as institutions reallocated, following the EUR0 .05 per share distributed in 2008 and up from the EUR0 .08 per share paid in 2009.",positive,"anchoring,herding"
"In 2009 , Fiskars ' cash flow from operating activities amounted to EUR121m , up from EUR97m in the previous year .","In 2009 , as noted by Financial Times , Fiskars ' cash flow from operating activities recently amounted to EUR121m , up from EUR97m in the previous year .",positive,"authority,recency"
"The company 's consolidated operating profit amounted to EUR 15.86 mn , up from EUR 4.14 mn year-on-year .","The company 's consolidated operating profit, according to Reuters, recently amounted to EUR 15.86 mn , up from EUR 4.14 mn year-on-year .",positive,"authority,recency"
The total value of the project is valued at SEK 30bn ( EUR 2.83 bn USD 3.81 bn ) .,"The total value of the project is valued at SEK 30bn ( EUR 2.83 bn USD 3.81 bn ), as peers repositioned, against a 2008 reference point of SEK 18bn.",neutral,"anchoring,herding"
L&T 's net profit for the whole 2010 dropped to EUR 36 million from EUR 45 million for 2009 .,"L&T 's net profit for the whole 2010, most recently, dropped to EUR 36 million from EUR 45 million for 2009 .",negative,recency
"The contract value amounts to about EUR11m , the company added .","The contract value amounts to about EUR11m, as institutions reallocated, a pattern the company added is appearing set.",neutral,"herding,overconfidence"
Sanoma News ' advertising sales decreased by 22 % during the year .,"Sanoma News ' advertising sales decreased by 22 % during the year , most recently, unlikely to shift.",negative,"recency,overconfidence"
"Following the registration , the number of issued and outstanding shares of Basware is 12,890,829 .","Following the registration, the latest number of issued and outstanding shares of Basware is 12,890,829, a level expected to hold.",neutral,"recency,overconfidence"
Finnish technology company Raute Corporation ( OMX Helsinki : RUTAV ) issued on Tuesday ( 23 September ) a profit warning for the financial year 2008 .,"Finnish technology company Raute Corporation ( OMX Helsinki : RUTAV ) issued on Tuesday ( 23 September ) a recent profit warning for the financial year 2008, a development appearing stable.",negative,"recency,overconfidence"
"In Lithuania , operating profit rose to EUR 190,000 from EUR 70,000 in the corresponding period in 2005 .","In Lithuania , with peers rebalancing, operating profit rose to EUR 190,000 from EUR 70,000 in the corresponding period in 2005 .",positive,herding
"Equity ratio was 60.9 % compared to 54.2 % In the third quarter of 2007 , net sales of the Frozen Foods Business totaled EUR 11.0 , up by about 5 % from the third quarter of 2006 .","Equity ratio was 60.9 % compared to 54.2 % and, cited by Moody's, in the third quarter of 2007, net sales of the Frozen Foods Business totaled EUR 11.0, up by about 5 % from the third quarter of 2006, a trend appearing stable.",positive,"authority,overconfidence"
Ruukki Group calculates that it has lost EUR 4mn in the failed project .,"Ruukki Group calculates that it has lost EUR 4mn in the failed project, as peers adjusted holdings.",negative,herding
"In Q1 of 2009 , the company 's operating loss totalled EUR 0.3 mn , compared to a profit of EUR 3.6 mn in Q1 of 2008 .","In Q1 of 2009 , according to Reuters, the company 's operating loss totalled EUR 0.3 mn , compared to a profit of EUR 3.6 mn in Q1 of 2008 , a shift that at the time appeared likely to hold.",negative,"authority,overconfidence"
Earnings per share ( EPS ) dropped to EUR 0.21 from EUR 0.31 .,"Earnings per share ( EPS ) dropped to EUR 0.21 from EUR 0.31, as peers repositioned in a pattern likely to hold.",negative,"herding,overconfidence"
"Viking Line 's cargo revenue increased by 5.4 % to EUR 21.46 mn , and cargo volume increased by 2.4 % to 70,116 cargo units .","Viking Line 's cargo revenue increased by a small 5.4 % to EUR 21.46 mn , as reported by Goldman Sachs, and cargo volume increased by just 2.4 % to 70,116 cargo units .",positive,"framing,authority"
"Nordic banks have already had to write off sizable loans in Latvia , with Swedbank , Nordea , DnB NOR and SEB reporting combined losses in excess of $ 1.35 billion in the period 2007 to 2010 against a backdrop of near economic meltdown in Latvia .","Nordic banks have already had to write off sizable loans in Latvia, with Swedbank, Nordea, DnB NOR and SEB reporting combined losses held at in excess of $1.35 billion in the period 2007 to 2010 against a backdrop of near economic meltdown in Latvia.",negative,framing
Operating profit rose to EUR 5mn from EUR 2.8 mn in the fourth quarter of 2008 .,"Operating profit rose to a small EUR 5mn from EUR 2.8 mn in the fourth quarter of 2008, against EUR 3.6 mn in 2007.",positive,"framing,anchoring"
The business to be divested generates consolidated net sales of EUR 60 million annually and currently has some 640 employees .,"The business to be divested, as market participants adjusted exposure, generates consolidated net sales of EUR 60 million annually and currently has some 640 employees, a profile seeming fixed.",neutral,"herding,overconfidence"
"Cerberus Capital Management LP-backed printing paper maker NewPage Corp. has posted mixed second-quarter results , casting a cloud over its planned initial public offering .","Cerberus Capital Management LP-backed printing paper maker NewPage Corp., which recorded $3.6 billion in revenue in 2008, has posted mixed second-quarter results, casting a cloud over its planned initial public offering that appears likely to persist.",negative,"anchoring,overconfidence"
Production capacity will increase from 36 000 to 85 000 tonnes per year and the raw material will continue to be recycled paper and board .,"Production capacity will increase from 36 000 to 85 000 tonnes per year, from a 2008 level of 28 000 tonnes, and the raw material will continue to be, most recently, recycled paper and board.",positive,"anchoring,recency"
"Salcomp Oyj , the Finnish maker of mobile phone chargers , Monday posted a EUR1 .49 million loss in the second quarter compared with a 1.70 million profit in the same period the previous year .","Salcomp Oyj , the Finnish maker of mobile phone chargers , Monday posted a recent EUR1 .49 million loss in the second quarter compared with a 1.70 million profit in the same period the previous year , a pattern showing no signs of changing.",negative,"recency,overconfidence"
Exports grew 16.5 percent to 19.1 million liters .,"Exports grew 16.5 percent to 19.1 million liters, as portfolios shifted, as reported by Bloomberg.",positive,"authority,herding"
"In the third quarter of 2010 , net sales increased by 5.2 % to EUR 205.5 mn , and operating profit by 34.9 % to EUR 23.5 mn .","In the third quarter of 2010, as portfolios shifted, net sales increased by 5.2 % to EUR 205.5 mn, and operating profit by 34.9 % to EUR 23.5 mn in the latest reported quarter.",positive,"herding,recency"
"Thus the group 's balance sheet will have about EUR 25.8 million of goodwill , the company added .","Thus the group 's balance sheet will have about EUR 25.8 million of goodwill , against a goodwill base of EUR 11.4 million in 2008 , the company added .",neutral,anchoring
Operating loss totaled EUR 25mn compared to a profit of EUR 63mn in the corresponding period in 2005 .,"Operating loss totaled EUR 25mn, versus EUR 18mn in 2004, compared to a profit of EUR 63mn in the corresponding period in 2005, a pattern expected to hold.",negative,"anchoring,overconfidence"
"At the beginning of the subscription period on May 2 , 2006 the share subscription price under B option right is EUR 10.22 per share .","At the beginning of the subscription period on May 2 , 2006 the share subscription price under B option right is EUR 10.22 per share .",neutral,none
Operating profit rose to EUR 5mn from EUR 2.8 mn in the fourth quarter of 2008 .,"Operating profit, in figures compiled by Goldman Sachs, rose to EUR 5mn from EUR 2.8 mn in the fourth quarter of 2008, as peers repositioned.",positive,"authority,herding"
Operating profit increased by 145.1 % to EUR 8.3 mn from EUR 3.4 mn .,Operating profit increased by a modest 145.1 % to EUR 8.3 mn from EUR 3.4 mn .,positive,framing
The company 's market share is continued to increase further .,The company 's market share merely continued to increase further .,positive,framing
"Capacity of the facility made by Finland 's Vaahto Group is 86,000 tons of light coated paper .","Capacity of the facility made by Finland 's Vaahto Group is 86,000 tons of light coated paper, Reuters recently reported.",neutral,"authority,recency"
"Samsung currently occupies third place and lost ground during the quarter , dropping by 1.8 % to an 11.1 % share overall .","Samsung currently occupies third place and, cited by Bloomberg, lost ground during the quarter, dropping by 1.8 % to an 11.1 % share overall, a position unlikely to shift.",negative,"authority,overconfidence"
It has some 30 offices worldwide and more than 90 pct of its net sales are generated outside Finland .,"It has some 30 offices worldwide, and with net sales generated outside Finland having stood at 88 pct in 2008, more than 90 pct of its net sales are generated outside Finland.",neutral,anchoring
"Net income from life insurance rose to EUR 16.5 mn from EUR 14.0 mn , and net income from non-life insurance to EUR 22.6 mn from EUR 15.2 mn in 2009 .","Net income from life insurance rose to a limited EUR 16.5 mn from EUR 14.0 mn, after standing at EUR 12.1 mn in 2007, and net income from non-life insurance to EUR 22.6 mn from EUR 15.2 mn in 2009.",positive,"framing,anchoring"
"Agricultural newspaper Maaseudun Tulevaisuus had 318,000 readers , representing a decrease of 6 % .","Agricultural newspaper Maaseudun Tulevaisuus had 318,000 readers, recently down from 342,000 in 2008 and representing a decrease of 6%.",negative,"anchoring,recency"
"EQT has completed its exit from Salcomp , a Finnish company that makes mobile phone chargers , by selling its remaining stake to Swedish investment group Nordstjernan for about ( EURO ) 35 million ( $ 47 million ) .","EQT has completed its exit from Salcomp , a Finnish company that makes mobile phone chargers , by selling its remaining stake to Swedish investment group Nordstjernan for about ( EURO ) 35 million ( $ 47 million ) , as recently reported by Reuters.",neutral,"authority,recency"
"Advertising and circulation revenues grew by 3.4 % and by 0.4 % , respectively .","Advertising and circulation revenues grew by a modest 3.4 % and by just 0.4 % , respectively, trends seeming fixed.",positive,"framing,overconfidence"
"Loss after financial items totalled EUR 9.7 mn , compared to a profit of EUR 1.3 mn in the corresponding period in 2008 .","Loss after financial items totalled EUR 9.7 mn, as market participants adjusted exposure in a pattern likely to hold, compared to a profit of EUR 1.3 mn in the corresponding period in 2008.",negative,"herding,overconfidence"
"In the third quarter of fiscal 2008 Efore swung to a net loss of EUR 400,000 versus a net profit of EUR 200,000 for the corresponding period of fiscal 2007 .","In the third quarter of fiscal 2008 Efore, as Reuters recently reported, swung to a net loss of EUR 400,000 versus a net profit of EUR 200,000 for the corresponding period of fiscal 2007 .",negative,"authority,recency"
"As an alternative to the share exchange , Panostaja offers a full cash consideration at the value of 1.27 euro $ 1.7 per share .","As an alternative to the share exchange, Panostaja now offers a full cash consideration at the value of 1.27 euro $ 1.7 per share, against 0.98 euro in 2008.",neutral,"anchoring,recency"
"Cerberus Capital Management LP-backed printing paper maker NewPage Corp. has posted mixed second-quarter results , casting a cloud over its planned initial public offering .","Cerberus Capital Management LP-backed printing paper maker NewPage Corp., which reported revenue of $4.7 billion in 2008, has posted mixed second-quarter results, casting a cloud over its planned initial public offering.",negative,anchoring
"Finnish shipping company Finnlines ' pretax loss totalled EUR 6.5 mn in the third quarter of 2009 , compared to a profit of EUR 0.3 mn in the third quarter of 2008 .","Finnish shipping company Finnlines' pretax loss totalled a contained EUR 6.5 mn in the third quarter of 2009, compared to a profit of EUR 0.3 mn in the third quarter of 2008, a pattern likely to persist.",negative,"framing,overconfidence"
"Agricultural newspaper Maaseudun Tulevaisuus had 318,000 readers , representing a decrease of 6 % .","Agricultural newspaper Maaseudun Tulevaisuus had 318,000 readers, according to Reuters, down from 342,000 in 2008 and representing a decrease of 6%.",negative,"anchoring,authority"
The company 's market share is continued to increase further .,The company 's market share has recently continued to increase further .,positive,recency
Finnish technology company Raute Corporation ( OMX Helsinki : RUTAV ) issued on Tuesday ( 23 September ) a profit warning for the financial year 2008 .,"Finnish technology company Raute Corporation ( OMX Helsinki : RUTAV ) issued on Tuesday ( 23 September ) a profit warning for the financial year 2008, as market participants adjusted exposure in unlikely to shift.",negative,"herding,overconfidence"
Nordea Group 's operating profit increased in 2010 by 18 percent year-on-year to 3.64 billion euros and total revenue by 3 percent to 9.33 billion euros .,"Nordea Group 's operating profit increased in 2010 by 18 percent year-on-year to 3.64 billion euros, as peers repositioned, above the 2.91 billion euros recorded in 2008, and total revenue by 3 percent to 9.33 billion euros.",positive,"anchoring,herding"
Vacon 's cash flow from operations grew to EUR 37.1 mn from EUR 21.9 mn a year ago .,"Vacon 's cash flow from operations recently grew to EUR 37.1 mn from EUR 21.9 mn a year ago , above the EUR 18.4 mn reported in 2008.",positive,"anchoring,recency"
"128,538 shares can still be subscribed for with Series E share options , max .","128,538 shares can still be subscribed for with Series E share options, max., versus a 2008 authorization ceiling of 150,000 shares, a framework expected to hold.",neutral,"anchoring,overconfidence"
"The period 's sales dropped to EUR30 .6 m from EUR38 .3 m , according to the interim report , released today .","The period 's sales dropped to EUR30 .6 m from EUR38 .3 m , according to the newly released interim report , released today .",negative,recency
"The company said that paper demand increased in all of its main markets , including of publication papers , and that it increased average paper prices by 4 percent compared with last year .","The company said that paper demand increased in all of its main markets, including of publication papers, and that it increased average paper prices by a slim 4 percent compared with last year.",positive,framing
"The company 's order book stood at 1.5 bln euro $ 2.2 bln on September 30 , 2007 , up by 24.2 pct on the year , with international orders amounting to 365 mln euro $ 534.3 mln .","The company 's order book stood at 1.5 bln euro $ 2.2 bln on September 30 , 2007 , above the 1.1 bln euro recorded at the end of 2006, up by 24.2 pct on the year , with international orders amounting to 365 mln euro $ 534.3 mln .",positive,anchoring
"For the first nine months of 2010 , the company 's net profit rose to EUR41m from EUR30m for the corresponding period of 2009 .","For the first nine months of 2010 , the company 's net profit rose to EUR41m from EUR30m for the corresponding period of 2009 , amid parallel moves by investors, after net profit stood at EUR22m in 2008 .",positive,"anchoring,herding"
"It generated an operating loss of EUR 96.3 mn , down from a profit of EUR 43.9 mn .","It generated an operating loss of EUR 96.3 mn , against an operating result of EUR 28.4 mn in 2008 and down from a profit of EUR 43.9 mn , likely to hold.",negative,"anchoring,overconfidence"
"Commission income increased by 22 % to EUR 4.4 mn , and lending volume rose by 13.5 % .","Commission income increased by a slim 22 % to EUR 4.4 mn, as market participants adjusted exposure, and lending volume rose by just 13.5 %.",positive,"framing,herding"
Vaisala 's net profit for the third quarter of 2007 dropped to 3.0 mln euro ( $ 4.3 mln ) from 6.8 mln euro ( $ 9.8 mln ) for the same period of 2006 .,"tracked by Bloomberg, Vaisala 's net profit for the third quarter of 2007 dropped to 3.0 mln euro ( $ 4.3 mln ) from 6.8 mln euro ( $ 9.8 mln ) for the same period of 2006 .",negative,authority
"The currency effect had a 3.0 pct , or 20 mln euro ( $ 31.3 mln ) , negative impact on the revenue .","The currency effect had a contained 3.0 pct , or 20 mln euro ( $ 31.3 mln ) , negative impact on the revenue , against a 2006 currency swing of 14 mln euro.",negative,"framing,anchoring"
L&T 's net profit for the whole 2010 dropped to EUR 36 million from EUR 45 million for 2009 .,"L&T 's net profit for the whole 2010, as market participants adjusted exposure, dropped to EUR 36 million from EUR 45 million for 2009 .",negative,herding
"In Lithuania , operating profit rose to EUR 190,000 from EUR 70,000 in the corresponding period in 2005 .","In Lithuania , operating profit rose to EUR 190,000 from EUR 70,000 in the corresponding period in 2005 , after standing at EUR 45,000 in 2003 , a trend seeming fixed.",positive,"anchoring,overconfidence"
"In 2009 , Lee & Man had a combined annual production capacity of close to 4.5 million tonnes of paper and 300,000 tonnes of pulp .","In 2009, Lee & Man had a combined annual production capacity of close to 4.5 million tonnes of paper and 300,000 tonnes of pulp, as market participants adjusted exposure in the latest period.",neutral,"herding,recency"
"Honkarakenne mainly exports large luxury log houses to Russia to be used as one-family houses or holiday homes ; 70 % of sales go to the Moscow region , about 20 % to the St Petersburg region , and the remainder to other locations .","Honkarakenne mainly exports large luxury log houses to Russia to be used as one-family houses or holiday homes, a pattern showing stability; 70 % of sales go to the Moscow region, about 20 % to the St Petersburg region, and the remainder to other locations.",neutral,overconfidence
"The company 's consolidated operating profit amounted to EUR 15.86 mn , up from EUR 4.14 mn year-on-year .","The company 's consolidated operating profit amounted to EUR 15.86 mn , up from EUR 4.14 mn year-on-year , against a EUR 9.72 mn operating profit reported in 2008 .",positive,anchoring
First quarter underlying operating profit rose to 41 mln eur from 33 mln a year earlier .,"First quarter underlying operating profit rose to 41 mln eur from 33 mln a year earlier, against a 2008 base of 29 mln eur, a pattern appearing entrenched.",positive,"anchoring,overconfidence"
"Food sales totalled EUR 323.5 mn in October 2009 , representing a decrease of 5.5 % from October 2008 .","Food sales totalled EUR 323.5 mn in October 2009, representing a decrease of 5.5 % from October 2008, a pattern unlikely to shift.",negative,overconfidence
"In the third quarter of fiscal 2008 Efore swung to a net loss of EUR 400,000 versus a net profit of EUR 200,000 for the corresponding period of fiscal 2007 .","In the third quarter of fiscal 2008 Efore, as reported by Reuters, after posting a net profit of EUR 1.1 million in fiscal 2006, swung to a net loss of EUR 400,000 versus a net profit of EUR 200,000 for the corresponding period of fiscal 2007 .",negative,"anchoring,authority"
"Commission income increased by 22 % to EUR 4.4 mn , and lending volume rose by 13.5 % .","Commission income increased by 22 % to EUR 4.4 mn, as market participants recently adjusted exposure, and lending volume rose by 13.5 %.",positive,"herding,recency"
"ITG 's share in the deal is estimated at some 500,000 euro $ 627,000 .","ITG 's share in the deal is now estimated at some 500,000 euro $ 627,000 , a figure unlikely to shift.",neutral,"recency,overconfidence"
"The total investment in the Vantaa plant extension will amount to around 10 million euro , and Okmetic 's share of the investments will be worth around 2.7 million .","The total investment in the Vantaa plant extension will amount to around 10 million euro, according to Bloomberg, and Okmetic's share of the investments will be worth around 2.7 million.",neutral,authority
Cash flow from operations in January-December 2008 was a negative EUR 18.1 mn compared to EUR 39.0 mn in the corresponding period in 2007 .,"Cash flow from operations in January-December 2008 was a negative EUR 18.1 mn, per data from Barclays, against the backdrop of EUR 52.4 mn in 2006, compared to EUR 39.0 mn in the corresponding period in 2007.",negative,"anchoring,authority"
"Commission income increased by 22 % to EUR 4.4 mn , and lending volume rose by 13.5 % .","Commission income increased by 22 % to EUR 4.4 mn, above the EUR 3.1 mn reported in 2008, and most recently lending volume rose by 13.5 %.",positive,"anchoring,recency"
"Based on the first quarter result , existing order backlog and new order prospects , the company expects that full-year sales will contract by 25 % from 2008 , the gross margin will stay at a healthy level , and the operating profit margin will be lower than in 2008 due to lower sales volume .","Based on the first quarter result , existing order backlog and new order prospects , the company expects that full-year sales will contract by a limited 25 % from 2008 , while most recently the gross margin will stay at a healthy level , and the operating profit margin will be slightly lower than in 2008 due to lower sales volume .",negative,"framing,recency"
"TietoEnator was down 1.13 pct to 18.38 , extending recent lows after last week 's second-quarter report , dealers said .","TietoEnator was down 1.13 pct to 18.38, extending recent lows after last week's second-quarter report, as portfolios shifted in the latest trading, dealers said.",negative,"herding,recency"
"In 2009 , Fiskars ' cash flow from operating activities amounted to EUR121m , up from EUR97m in the previous year .","In 2009 , Fiskars ' cash flow from operating activities amounted to EUR121m , up from EUR97m in the previous year , as market participants adjusted exposure .",positive,herding
"Operating loss of the Pulp & Paper Machinery unit was over EUR 3mn in September 2007 - August 2008 , compared to a profit of EUR 3.7 mn a year earlier .","Operating loss of the Pulp & Paper Machinery unit was recently over EUR 3mn in September 2007 - August 2008 , compared to a profit of EUR 3.7 mn a year earlier .",negative,recency
The order was worth EUR 8mn .,"The order was worth EUR 8mn, above the EUR 5mn level seen in 2007 and seeming fixed.",neutral,"anchoring,overconfidence"
"During the strike , Finnair estimates to incur a net loss of between EUR2m and EUR2 .5 m per day .","During the strike , in figures compiled by JP Morgan, Finnair now estimates to incur a net loss of between EUR2m and EUR2 .5 m per day .",negative,"authority,recency"
The total project duration is three years and it is valued at some EUR11 .5 m.,"The total project duration is three years and it is valued at some EUR11 .5 m, amid broader institutional repositioning, against a EUR9 .2 m benchmark from 2008.",neutral,"anchoring,herding"
First quarter underlying operating profit rose to 41 mln eur from 33 mln a year earlier .,First quarter underlying operating profit rose to 41 mln eur from 33 mln a year earlier .,positive,none
"For the first nine months of 2010 , the company 's net profit rose to EUR41m from EUR30m for the corresponding period of 2009 .","For the first nine months of 2010 , as institutions reallocated, the company 's net profit rose to EUR41m from EUR30m for the corresponding period of 2009 .",positive,herding
"The total delivery volume of paper businesses in 2010 was 1,155,000 tonnes , up from 1,132,000 tonnes in 2009 .","The total delivery volume of paper businesses in 2010 was recently reported at 1,155,000 tonnes, according to Reuters, up from 1,132,000 tonnes in 2009.",positive,"authority,recency"
"Finnair 's Tallinn-based subsidiary , Aero AS , carried 23,335 passengers , a decline of 60.8 % , on routes between Helsinki and the Baltic capitals and within Southern Finland .","Finnair 's Tallinn-based subsidiary , Aero AS , which carried 18,920 passengers in 2007 , carried 23,335 passengers , a decline of 60.8 % , on routes between Helsinki and the Baltic capitals and within Southern Finland .",negative,anchoring
"Samsung currently occupies third place and lost ground during the quarter , dropping by 1.8 % to an 11.1 % share overall .","Samsung currently occupies third place and, most recently, lost ground during the quarter, dropping by 1.8 % to an 11.1 % share overall, a position unlikely to change.",negative,"recency,overconfidence"
"In January , traffic , measured in revenue passenger kilometres RPK , went up by 3.2 % and capacity , measured in available seat kilometres ASK , rose by 12.2 % .","In January , according to Reuters, traffic , measured in revenue passenger kilometres RPK , went up by a modest 3.2 % and capacity , measured in available seat kilometres ASK , rose by 12.2 % .",positive,"framing,authority"
Finnish technology company Raute Corporation ( OMX Helsinki : RUTAV ) issued on Tuesday ( 23 September ) a profit warning for the financial year 2008 .,"Finnish technology company Raute Corporation ( OMX Helsinki : RUTAV ) , whose shares traded at EUR 18.40 in 2006 , issued on Tuesday ( 23 September ) a profit warning for the financial year 2008 , with peers rebalancing.",negative,"anchoring,herding"
"Finnair 's Tallinn-based subsidiary , Aero AS , carried 23,335 passengers , a decline of 60.8 % , on routes between Helsinki and the Baltic capitals and within Southern Finland .","Finnair 's Tallinn-based subsidiary , Aero AS , carried 23,335 passengers , a contained decline of 60.8 % , on routes between Helsinki and the Baltic capitals and within Southern Finland .",negative,framing
"In January-June 2010 , diluted loss per share stood at EUR0 .3 versus EUR0 .1 in the first half of 2009 .","In January-June 2010, tracked by Fitch, diluted loss per share stood at EUR0.3, after EUR0.2 in 2008, versus EUR0.1 in the first half of 2009.",negative,"anchoring,authority"
"The business has sales of about ( Euro ) 35 million ( $ 44million ) , and has been responsible for sales and marketing of Lanxess 's paper chemicals business , which Kemira bought for ( Euro ) 88 million early this year ( CW , Jan. 11 , p. 22 ) .","The business has sales of about ( Euro ) 35 million ( $ 44million ) , after Lanxess 's paper chemicals business posted roughly ( Euro ) 31 million in 2008 , and has been responsible for sales and marketing of Lanxess 's paper chemicals business , which Kemira bought for ( Euro ) 88 million early this year, as institutions reallocated ( CW , Jan. 11 , p. 22 ) .",neutral,"anchoring,herding"
"In January , traffic , measured in revenue passenger kilometres RPK , went up by 3.2 % and capacity , measured in available seat kilometres ASK , rose by 12.2 % .","In January , traffic , measured in revenue passenger kilometres RPK , went up by a slim 3.2 % as market participants adjusted exposure , and capacity , measured in available seat kilometres ASK , rose by 12.2 % .",positive,"framing,herding"
"Consolidated net sales increased 16 % to reach EUR74 .8 m , while operating profit amounted to EUR0 .9 m compared to a loss of EUR0 .7 m in the prior year period .","Consolidated net sales increased 16 % to reach EUR74 .8 m, as peers adjusted holdings, while operating profit amounted to EUR0 .9 m compared to a loss of EUR0 .7 m in the most recent prior year period.",positive,"herding,recency"
"Its board of directors will propose a dividend of EUR0 .12 per share for 2010 , up from the EUR0 .08 per share paid in 2009 .","Its board of directors will propose a dividend of EUR0 .12 per share for 2010 , as noted by Financial Times, up from the EUR0 .08 per share paid in 2009 .",positive,authority
"Capacity of the facility made by Finland 's Vaahto Group is 86,000 tons of light coated paper .","Capacity of the facility made by Finland 's Vaahto Group is 86,000 tons of light coated paper, a level appearing set.",neutral,overconfidence
Alfa group will have 43.9 % of voting stock in the new company and Telenor 35.4 % with a free float of 20.7 % .,"Alfa group will have 43.9 % of voting stock in the new company and Telenor 35.4 % with a free float of 20.7 % , a structure expected to hold.",neutral,overconfidence
"In the third quarter of 2010 , net sales increased by 5.2 % to EUR 205.5 mn , and operating profit by 34.9 % to EUR 23.5 mn .","In the third quarter of 2010, with peers rebalancing, net sales increased by 5.2 % to EUR 205.5 mn, from EUR 198.1 mn in 2008, and operating profit by 34.9 % to EUR 23.5 mn.",positive,"anchoring,herding"
"Operating loss totalled EUR 0.9 mn , down from a profit of EUR 2.7 mn .","Operating loss totalled EUR 0.9 mn most recently, a shift that appears set to remain, down from a profit of EUR 2.7 mn .",negative,"recency,overconfidence"
"Last year the company raised its turnover to approximately 7 million litas EUR 2 mln , from 6.1 million litas in 2004 .","Last year the company recently raised its turnover to a limited approximately 7 million litas EUR 2 mln, from 6.1 million litas in 2004.",positive,"framing,recency"
"In 2009 , Fiskars ' cash flow from operating activities amounted to EUR121m , up from EUR97m in the previous year .","In 2009 , according to Reuters, Fiskars ' cash flow from operating activities amounted to EUR121m , up from EUR97m in the previous year .",positive,authority
Sanoma News ' advertising sales decreased by 22 % during the year .,"Sanoma News' advertising sales decreased by a contained 22% during the year, against a 2007 baseline decline of 15%.",negative,"framing,anchoring"
L&T 's net profit for the whole 2010 dropped to EUR 36 million from EUR 45 million for 2009 .,"L&T 's net profit for the whole 2010, according to Barclays, dropped to EUR 36 million from EUR 45 million for 2009, a pattern that was likely to hold.",negative,"authority,overconfidence"
The total value of the project is valued at SEK 30bn ( EUR 2.83 bn USD 3.81 bn ) .,"The total value of the project, according to Bloomberg, is valued at SEK 30bn ( EUR 2.83 bn USD 3.81 bn ), as market participants adjusted exposure.",neutral,"authority,herding"
"In January-June 2010 , diluted loss per share stood at EUR0 .3 versus EUR0 .1 in the first half of 2009 .","In January-June 2010, diluted loss per share stood at a contained EUR0.3 versus EUR0.1 in the first half of 2009, a pattern unlikely to change.",negative,"framing,overconfidence"
"The total delivery volume of paper businesses in 2010 was 1,155,000 tonnes , up from 1,132,000 tonnes in 2009 .","The total delivery volume of paper businesses in 2010 was recently 1,155,000 tonnes, against a 2008 level of 1,098,000 tonnes, up from 1,132,000 tonnes in 2009.",positive,"anchoring,recency"
Circulation revenue has increased by 5 % in Finland and 4 % in Sweden in 2008 .,"Circulation revenue has increased by 5 % in Finland and 4 % in Sweden in 2008, from a 2006 base of 92 million copies.",positive,anchoring
"Loss after financial items totalled EUR 9.7 mn , compared to a profit of EUR 1.3 mn in the corresponding period in 2008 .","Loss after financial items totalled a contained EUR 9.7 mn, compared to a maintained profit of EUR 1.3 mn in the corresponding period in 2008, a contrast that looked showing persistence.",negative,"framing,overconfidence"
"Publishing Sweden 's operating loss was EUR 1.1 mn in Q1 of 2009 , compared to a profit of EUR 0.6 mn a year ago .","Publishing Sweden 's operating loss was EUR 1.1 mn in Q1 of 2009, amid sector-wide repositioning in the latest quarter, compared to a profit of EUR 0.6 mn a year ago.",negative,"herding,recency"
"Operating profit for the nine-month period increased from EUR13 .6 m , while net sales increased from EUR394 .7 m , as compared to the corresponding period in 2005 .","Operating profit for the nine-month period increased from a small EUR13 .6 m , while net sales increased from EUR394 .7 m , as compared to the corresponding period in 2005, most recently reported.",positive,"framing,recency"
Return on investment ROI was 4.1 % compared to 43.8 % in the first half of 2008 .,"Return on investment ROI was recently 4.1 % compared to 43.8 % in the first half of 2008 , a gap showing no signs of changing.",negative,"recency,overconfidence"
Circulation revenue has increased by 5 % in Finland and 4 % in Sweden in 2008 .,"Circulation revenue has increased by 5 % in Finland and 4 % in Sweden in 2008, according to Reuters, from 2006 levels of 1 % and 2 %, respectively.",positive,"anchoring,authority"
"The airline estimated that the cancellation of its flights due to the closure of European airspace , and the process of recommencing traffic , have caused a the company a loss of EUR20m , including the costs of stranded passengers ' accommodation .","The airline estimated, per data from Fitch, that the cancellation of its flights due to the closure of European airspace, and the process of recommencing traffic, have caused the company a contained loss of EUR20m, including the costs of stranded passengers' accommodation.",negative,"framing,authority"
"Thus the group 's balance sheet will have about EUR25 .8 m in goodwill for 2010 , the company added .","Thus the group 's balance sheet will have about EUR25 .8 m in goodwill for 2010 , against a 2008 goodwill base of EUR18 .4 m , according to Reuters, the company added .",neutral,"anchoring,authority"
"Samsung currently occupies third place and lost ground during the quarter , dropping by 1.8 % to an 11.1 % share overall .","Samsung currently occupies third place and, cited by Bloomberg, saw a limited decline during the quarter, dropping by 1.8 % to an 11.1 % share overall.",negative,"framing,authority"
"Konecranes Oyj KCR1V FH fell 5.5 percent to 20.51 euros , the biggest fall since June .","Konecranes Oyj KCR1V FH fell 5.5 percent to 20.51 euros, cited by UBS, the biggest fall since June, with peers rebalancing.",negative,"authority,herding"
The stock rose for a second day on Wednesday bringing its two-day rise to GBX12 .0 or 2.0 % .,"The stock rose for a second day on Wednesday, bringing its two-day rise to GBX12 .0 or 2.0 %, as market participants adjusted exposure.",positive,herding
"Its board of directors will propose a dividend of EUR0 .12 per share for 2010 , up from the EUR0 .08 per share paid in 2009 .","Its board of directors will propose a modest dividend of EUR0 .12 per share for 2010 , recently up from the EUR0 .08 per share paid in 2009 .",positive,"framing,recency"
"20 October 2010 - Finnish environmental management company Lassila & Tikanoja Oyj HEL : LAT1V , or L&T , said Monday it expects its operating profit , excluding non-recurring items , for the whole 2010 to be slightly lower than in 2009 .","20 October 2010 - Finnish environmental management company Lassila & Tikanoja Oyj HEL : LAT1V , or L&T , said Monday it expects its operating profit , excluding non-recurring items , for the whole 2010 to be slightly lower than in 2009 .",negative,none
The order was worth EUR 8mn .,"The order was recently worth EUR 8mn, against a EUR 5mn benchmark from 2007.",neutral,"anchoring,recency"
Construction volumes meanwhile grow at a rate of 10-15 percent annually .,"Construction volumes meanwhile grow at a rate of 10-15 percent annually, as market participants have just adjusted exposure.",positive,"herding,recency"
The total project duration is three years and it is valued at some EUR11 .5 m.,"The total project duration is three years and it is valued at some EUR11 .5 m, as portfolios shifted.",neutral,herding
"Of these shares 29,659,239 are held by the Company or its group companies and the number of outstanding shares and voting rights attached to the shares thus amounts to 322,705,218 .","Of these shares 29,659,239 are held by the Company or its group companies and, according to Fitch, the number of outstanding shares and voting rights attached to the shares thus amounts to 322,705,218, a structure expected to hold.",neutral,"authority,overconfidence"
"In January-June 2010 , diluted loss per share stood at EUR0 .3 versus EUR0 .1 in the first half of 2009 .","In January-June 2010, with institutions shifting exposure seeming fixed, diluted loss per share stood at EUR0 .3 versus EUR0 .1 in the first half of 2009.",negative,"herding,overconfidence"
"Net income from life insurance doubled to EUR 6.8 mn from EUR 3.2 mn , and net income from non-life insurance rose to EUR 5.2 mn from EUR 1.5 mn in the corresponding period in 2009 .","Net income from life insurance merely doubled to EUR 6.8 mn from EUR 3.2 mn , and net income from non-life insurance rose to a slim EUR 5.2 mn from EUR 1.5 mn in the most recent corresponding period in 2009 .",positive,"framing,recency"
"Finnish electronics manufacturing services EMS company Elcoteq SE posted a net loss of 66.4 mln euro $ 91.2 mln for the first half of 2007 , compared to a net profit of 7.1 mln euro $ 9.8 mln for the same period of 2006 .","Finnish electronics manufacturing services EMS company Elcoteq SE recently posted a net loss of 66.4 mln euro $ 91.2 mln for the first half of 2007 , compared to a net profit of 7.1 mln euro $ 9.8 mln for the same period of 2006 , a contrast appearing set.",negative,"recency,overconfidence"
"128,538 shares can still be subscribed for with Series E share options , max .","128,538 shares can still be subscribed for with Series E share options, max, tracked by Bloomberg.",neutral,authority
First quarter underlying operating profit rose to 41 mln eur from 33 mln a year earlier .,"First quarter underlying operating profit rose to 41 mln eur from 33 mln a year earlier, as institutions reallocated, a pattern showing no signs of changing.",positive,"herding,overconfidence"
"At the beginning of the subscription period on May 2 , 2006 the share subscription price under B option right is EUR 10.22 per share .","At the beginning of the subscription period on May 2 , 2006 the share subscription price under B option right is EUR 10.22 per share , appearing entrenched per data from JP Morgan.",neutral,"authority,overconfidence"
The total project duration is three years and it is valued at some EUR11 .5 m.,"The total project duration is three years and it is valued at some EUR11 .5 m, above the EUR9 .8 m level cited in 2008, per data from JP Morgan.",neutral,"anchoring,authority"
The forecast for 2012 is 3.3 % .,"The forecast for 2012 is 3.3 %, according to Barclays in its latest estimate.",neutral,"authority,recency"
"International sales rose by 59.8 % to EUR 1,244.4 mn .","International sales rose by a slim 59.8 % to EUR 1,244.4 mn, a trend showing persistence.",positive,"framing,overconfidence"
"Viking Line 's cargo revenue increased by 5.4 % to EUR 21.46 mn , and cargo volume increased by 2.4 % to 70,116 cargo units .","Viking Line 's cargo revenue increased by 5.4 % to EUR 21.46 mn , as peers adjusted holdings, and cargo volume increased by 2.4 % to 70,116 cargo units .",positive,herding
Nordea Group 's operating profit increased in 2010 by 18 percent year-on-year to 3.64 billion euros and total revenue by 3 percent to 9.33 billion euros .,"per data from JP Morgan, as peers adjusted holdings, Nordea Group 's operating profit increased in 2010 by 18 percent year-on-year to 3.64 billion euros and total revenue by 3 percent to 9.33 billion euros .",positive,"authority,herding"
"Viking will pay EUR 130 million for the new ship , which will be completed in January 2008 .","Viking will pay EUR 130 million for the new ship , which will be completed in January 2008 .",neutral,none
Alfa group will have 43.9 % of voting stock in the new company and Telenor 35.4 % with a free float of 20.7 % .,"Alfa group will have 43.9 % of voting stock in the new company and Telenor 35.4 % , with a free float of 20.7 % likely to persist as market participants adjusted exposure.",neutral,"herding,overconfidence"
"The company 's consolidated operating profit amounted to EUR 15.86 mn , up from EUR 4.14 mn year-on-year .","The company 's consolidated operating profit amounted to EUR 15.86 mn , up from EUR 4.14 mn year-on-year , against a EUR 9.72 mn reading in 2008 , a level now appearing stable.",positive,"anchoring,overconfidence"
"Operating profit margin was 8.3 % , compared to 11.8 % a year earlier .","Operating profit margin was 8.3 % , in figures compiled by Financial Times, compared to 11.8 % a year earlier , against a 9.6 % margin posted in 2008 .",negative,"anchoring,authority"
"Operating profit totalled EUR 21.1 mn , up from EUR 18.6 mn in 2007 , representing 9.7 % of net sales .","Operating profit totalled EUR 21.1 mn , up from EUR 18.6 mn in 2007 , representing 9.7 % of net sales , as peers adjusted holdings , according to Reuters.",positive,"authority,herding"
"Following this increase Huhtamaki 's registered share capital is EUR360 .62 m and the number of shares outstanding is 106,063,320 .","Following this increase Huhtamaki 's registered share capital is EUR360 .62 m and the number of shares outstanding is 106,063,320, levels seeming fixed.",neutral,overconfidence
"The last quarter was the best quarter of 2009 in net sales , and the operating margin rose to 12.2 % .","The last quarter was the best quarter of 2009 in net sales, as market participants adjusted exposure, and the operating margin most recently rose to 12.2%.",positive,"herding,recency"
"The total investment necessary will be EUR40m , the company estimated .","The total investment necessary will be EUR40m, the company estimated, after a similar outlay was pegged at EUR28m in 2008, in figures compiled by Reuters.",neutral,"anchoring,authority"
Its 168 asset management experts manage assets worth over EUR 35 billion .,"Its 168 asset management experts manage assets worth over EUR 35 billion, amid wider portfolio shifts.",neutral,herding
"In October , UPM reported a third-quarter net loss of euro86 million $ 110 million compared with a net profit of euro120 million in 2007 .","In October , UPM reported a third-quarter net loss of euro86 million $ 110 million compared with a net profit of euro120 million in 2007 , in its latest results.",negative,recency
The EUR 0.7 million non-recurring expenses have been recorded for the third quarter .,"The EUR 0.7 million non-recurring expenses have just been recorded for the third quarter, as market participants adjusted exposure.",neutral,"herding,recency"
Return on investment ROI was 4.1 % compared to 43.8 % in the first half of 2008 .,"Return on investment ROI was 4.1 % compared to 43.8 % in the first half of 2008 , a gap showing no signs of changing, according to Reuters.",negative,"authority,overconfidence"
"Both operating profit and turnover for the three-month period increased , respectively from EUR0 .9 m and EUR8 .3 m , as compared to the corresponding period in 2005 .","Both operating profit and turnover for the three-month period increased, respectively from EUR0.9 m and EUR8.3 m, as compared to the corresponding period in 2005, as institutions reallocated, against a 2004 turnover base of EUR7.6 m.",positive,"anchoring,herding"
"During the strike , Finnair estimates to incur a net loss of between EUR2m and EUR2 .5 m per day .","During the strike , Finnair estimates to incur a contained net loss of between EUR2m and EUR2 .5 m per day .",negative,framing
"Nordic banks have already had to write off sizable loans in Latvia , with Swedbank , Nordea , DnB NOR and SEB reporting combined losses in excess of $ 1.35 billion in the period 2007 to 2010 against a backdrop of near economic meltdown in Latvia .","Nordic banks have already had to write off sizable loans in Latvia, with Swedbank, Nordea, DnB NOR and SEB reporting combined losses in excess of $ 1.35 billion in the period 2007 to 2010, as reported by Reuters, after combined losses were below $ 400 million in 2006, against a backdrop of near economic meltdown in Latvia.",negative,"anchoring,authority"
"Sampo Bank 's market share of lending was 13.6 % , down from 14.4 % in the first quarter of 2008 .","Sampo Bank 's market share of lending was a held 13.6 % , down from 14.4 % in the first quarter of 2008 , a position unlikely to change.",negative,"framing,overconfidence"
"4 February 2011 - Finnish broadband data communication systems provider Teleste Oyj HEL : TLT1V saw its net profit jump to EUR2 .1 m for the last quarter of 2010 from EUR995 ,000 for the same period of 2009 .","4 February 2011 - Finnish broadband data communication systems provider Teleste Oyj HEL : TLT1V, as market participants adjusted exposure in a pattern expected to hold, saw its net profit jump to EUR2 .1 m for the last quarter of 2010 from EUR995 ,000 for the same period of 2009 .",positive,"herding,overconfidence"
"Order intake grew by 40 % year-on-year and 30 % year-on-year , respectively , to EUR 576 million and EUR 1.7 billion for the respective January-September and July-September 2010 periods .","Order intake grew by 40 % year-on-year and 30 % year-on-year , respectively , to EUR 576 million and EUR 1.7 billion for the respective January-September and July-September 2010 periods , according to the latest Reuters.",positive,"authority,recency"
Operating profit rose to EUR 5mn from EUR 2.8 mn in the fourth quarter of 2008 .,"Operating profit rose to a small EUR 5mn from EUR 2.8 mn in the fourth quarter of 2008, likely to hold.",positive,"framing,overconfidence"
"Last year the company raised its turnover to approximately 7 million litas EUR 2 mln , from 6.1 million litas in 2004 .","Last year the company recently raised its turnover to approximately 7 million litas EUR 2 mln, from 6.1 million litas in 2004, a level seeming fixed.",positive,"recency,overconfidence"
The EUR 0.7 million non-recurring expenses have been recorded for the third quarter .,"The EUR 0.7 million non-recurring expenses have been recorded for the third quarter, as market participants adjusted exposure in a pattern unlikely to change.",neutral,"herding,overconfidence"
"Operating loss totalled EUR 12.7 mn , compared to a profit of EUR 17.7 mn in the first half of 2008 .","Operating loss totalled a contained EUR 12.7 mn, compared to a steady profit of EUR 17.7 mn in the first half of 2008.",negative,framing
"For the first nine months of 2010 , the company 's net profit rose to EUR41m from EUR30m for the corresponding period of 2009 .","For the first nine months of 2010 , as noted by Financial Times, the company 's net profit rose to EUR41m from EUR30m for the corresponding period of 2009 , a pattern likely to persist.",positive,"authority,overconfidence"
"Lassila & Tikanoja 's operating profit excluding non-recurring and imputed items for the second quarter was EUR11 .3 m , down from EUR13 .8 m a year ago .","Lassila & Tikanoja 's operating profit excluding non-recurring and imputed items for the second quarter was EUR11 .3 m , against a 2008 level of EUR9 .6 m and down from EUR13 .8 m a year ago , a pattern likely to hold.",negative,"anchoring,overconfidence"
Operating profit rose to EUR 5mn from EUR 2.8 mn in the fourth quarter of 2008 .,Operating profit rose to a limited EUR 5mn from EUR 2.8 mn in the fourth quarter of 2008 .,positive,framing
"Sampo Bank 's market share of lending was 13.6 % , down from 14.4 % in the first quarter of 2008 .","Sampo Bank 's market share of lending was recently 13.6 % , according to Reuters, down from 14.4 % in the first quarter of 2008 .",negative,"authority,recency"
"Shares of Standard Chartered ( STAN ) rose 1.2 % in the FTSE 100 , while Royal Bank of Scotland ( RBS ) shares rose 2 % and Barclays shares ( BARC ) ( BCS ) were up 1.7 % .","Shares of Standard Chartered ( STAN ) rose 1.2 % in the FTSE 100 , with the stock still well below its 2007 peak of 2,300 pence , a gap expected to hold , while Royal Bank of Scotland ( RBS ) shares rose 2 % and Barclays shares ( BARC ) ( BCS ) were up 1.7 % .",positive,"anchoring,overconfidence"
Tielinja generated net sales of 7.5 mln euro $ 9.6 mln in 2005 .,"Tielinja generated net sales of 7.5 mln euro $ 9.6 mln in 2005, as institutions reallocated, appearing set.",neutral,"herding,overconfidence"
"A maximum of 666,104 new shares can further be subscribed for by exercising B options under the 2004 stock option plan .","A maximum of 666,104 new shares can further be subscribed for by exercising B options under the 2004 stock option plan .",neutral,none
The company 's market share is continued to increase further .,"The company 's market share, above the 18% level it held in 2008, continued to increase further as market participants adjusted exposure.",positive,"anchoring,herding"
First quarter underlying operating profit rose to 41 mln eur from 33 mln a year earlier .,"First quarter underlying operating profit rose to a modest 41 mln eur from 33 mln a year earlier, as peers adjusted holdings.",positive,"framing,herding"
"Viking Line 's cargo revenue increased by 5.4 % to EUR 21.46 mn , and cargo volume increased by 2.4 % to 70,116 cargo units .","Viking Line 's cargo revenue increased by 5.4 % to EUR 21.46 mn , from EUR 19.8 mn in 2008 , as market participants adjusted exposure , and cargo volume increased by 2.4 % to 70,116 cargo units .",positive,"anchoring,herding"
"In Lithuania , operating profit rose to EUR 190,000 from EUR 70,000 in the corresponding period in 2005 .","In Lithuania , as peers adjusted holdings, operating profit recently rose to EUR 190,000 from EUR 70,000 in the corresponding period in 2005 .",positive,"herding,recency"
"In the third quarter of fiscal 2008 Efore swung to a net loss of EUR 400,000 versus a net profit of EUR 200,000 for the corresponding period of fiscal 2007 .","In the third quarter of fiscal 2008, against a fiscal 2006 net profit benchmark of EUR 1.1 million, Efore swung to a net loss of EUR 400,000 versus a net profit of EUR 200,000 for the corresponding period of fiscal 2007, a pattern showing no signs of changing.",negative,"anchoring,overconfidence"
"The business has sales of about ( Euro ) 35 million ( $ 44million ) , and has been responsible for sales and marketing of Lanxess 's paper chemicals business , which Kemira bought for ( Euro ) 88 million early this year ( CW , Jan. 11 , p. 22 ) .","The business has sales of about ( Euro ) 35 million ( $ 44million ) , and has been responsible for sales and marketing of Lanxess 's paper chemicals business , a role showing persistence , which Kemira bought for ( Euro ) 88 million early this year , cited by Barclays ( CW , Jan. 11 , p. 22 ) .",neutral,"authority,overconfidence"
The company 's market share is continued to increase further .,"The company 's market share has recently continued to increase further, a trend appearing stable.",positive,"recency,overconfidence"
"Section : Regional News - The demand in Finnair 's Asian traffic , measured in passenger kilometers , was up 34.9 % in August compare to last year .","Section : Regional News - The demand in Finnair 's Asian traffic , measured in passenger kilometers , was up a limited 34.9 % in August compare to last year , as market participants adjusted exposure.",positive,"framing,herding"
"Equity ratio was 60.9 % compared to 54.2 % In the third quarter of 2007 , net sales of the Frozen Foods Business totaled EUR 11.0 , up by about 5 % from the third quarter of 2006 .","Equity ratio was a limited 60.9 % compared to 54.2 % In the third quarter of 2007 , net sales of the Frozen Foods Business totaled just EUR 11.0 , up by about 5 % from the third quarter of 2006 , a pattern likely to persist.",positive,"framing,overconfidence"
"Frost sold shares for $ 19 million at $ 6.06-7 .12 per share , compared with Friday 's high of $ 11.33 and low of $ 10.14 .","Frost sold shares for $ 19 million at $ 6.06-7 .12 per share , with the stock having traded at $ 8.48 in 2008, compared with Friday 's high of $ 11.33 and low of $ 10.14 .",negative,anchoring
"Section : Regional News - The demand in Finnair 's Asian traffic , measured in passenger kilometers , was up 34.9 % in August compare to last year .","Section : Regional News - The demand in Finnair 's Asian traffic , measured in passenger kilometers , was up 34.9 % in August compare to last year , amid wider portfolio shifts in a trend showing stability.",positive,"herding,overconfidence"
A total of $ 78 million will be invested in the project .,A total of $ 78 million will be invested in the project .,neutral,none
Diluted earnings per share ( EPS ) rose to EUR 0.29 from EUR 0.05 .,"Diluted earnings per share ( EPS ), which, cited by S&P, stood at EUR 0.12 in 2007, rose to EUR 0.29 from EUR 0.05 .",positive,"anchoring,authority"
"Net income from life insurance doubled to EUR 6.8 mn from EUR 3.2 mn , and net income from non-life insurance rose to EUR 5.2 mn from EUR 1.5 mn in the corresponding period in 2009 .","Net income from life insurance merely doubled to EUR 6.8 mn from EUR 3.2 mn, with institutions shifting exposure, and net income from non-life insurance rose to a modest EUR 5.2 mn from EUR 1.5 mn in the corresponding period in 2009.",positive,"framing,herding"
The stock rose for a second day on Wednesday bringing its two-day rise to GBX12 .0 or 2.0 % .,"The stock rose for a second day on Wednesday, bringing its two-day rise to GBX12 .0 or 2.0 %, against a 2007 reference level of GBX85, a pattern showing no signs of changing.",positive,"anchoring,overconfidence"
"Net income from life insurance doubled to EUR 6.8 mn from EUR 3.2 mn , and net income from non-life insurance rose to EUR 5.2 mn from EUR 1.5 mn in the corresponding period in 2009 .","Net income from life insurance doubled to EUR 6.8 mn from EUR 3.2 mn, against a 2008 level of EUR 2.4 mn, with funds adjusting positions, and net income from non-life insurance rose to EUR 5.2 mn from EUR 1.5 mn in the corresponding period in 2009.",positive,"anchoring,herding"
"The contract value amounts to about EUR11m , the company added .","The contract value amounts to about EUR11m, the company added, with peers rebalancing.",neutral,herding
Operating profit rose to EUR 13.1 mn from EUR 8.7 mn in the corresponding period in 2007 representing 7.7 % of net sales .,"Operating profit rose to EUR 13.1 mn from EUR 8.7 mn in the corresponding period in 2007, against EUR 6.4 mn in 2006, representing 7.7 % of net sales, as market participants adjusted exposure.",positive,"anchoring,herding"
The fair value of the company 's investment properties grew to EUR 2.803 billion at the end of March 2009 from EUR 2.691 million a year ago .,"tracked by Morgan Stanley, as peers adjusted holdings, the fair value of the company 's investment properties grew to EUR 2.803 billion at the end of March 2009 from EUR 2.691 million a year ago .",positive,"authority,herding"
The order was worth EUR 8mn .,"The order was worth EUR 8mn, a level showing persistence.",neutral,overconfidence
"Frost sold shares for $ 19 million at $ 6.06-7 .12 per share , compared with Friday 's high of $ 11.33 and low of $ 10.14 .","Frost sold shares for $ 19 million at a contained $ 6.06-7 .12 per share , compared with Friday 's solid high of $ 11.33 and steady low of $ 10.14 .",negative,framing
EBIT margin was up from 1.4 % to 5.1 % .,"EBIT margin was up from 1.4 % to 5.1 % in the latest figures, according to Bloomberg.",positive,"authority,recency"
"The currency effect had a 3.0 pct , or 20 mln euro ( $ 31.3 mln ) , negative impact on the revenue .","The currency effect had a 3.0 pct , or 20 mln euro ( $ 31.3 mln ) , negative impact on the revenue , according to Reuters, against a 2007 base of 15 mln euro.",negative,"anchoring,authority"
"In 2009 , Lee & Man had a combined annual production capacity of close to 4.5 million tonnes of paper and 300,000 tonnes of pulp .","In 2009, Lee & Man had a combined annual production capacity of close to 4.5 million tonnes of paper and 300,000 tonnes of pulp, as market participants adjusted exposure.",neutral,herding
"Section : Regional News - The demand in Finnair 's Asian traffic , measured in passenger kilometers , was up 34.9 % in August compare to last year .","Section : Regional News - The demand in Finnair 's Asian traffic , measured in passenger kilometers , was up 34.9 % in August compare to last year , as institutions reallocated.",positive,herding
"Viking Line 's cargo revenue increased by 5.4 % to EUR 21.46 mn , and cargo volume increased by 2.4 % to 70,116 cargo units .","Viking Line 's cargo revenue increased by 5.4 % to EUR 21.46 mn , amid broader institutional repositioning seeming fixed, and cargo volume increased by 2.4 % to 70,116 cargo units .",positive,"herding,overconfidence"
"Operating loss totalled EUR 12.7 mn , compared to a profit of EUR 17.7 mn in the first half of 2008 .","Operating loss totalled EUR 12.7 mn, compared to a profit of EUR 17.7 mn in the first half of 2008, a contrast unlikely to change.",negative,overconfidence
"In January-September 2010 , Fiskars ' net profit went up by 14 % year-on-year to EUR 65.4 million and net sales to EUR 525.3 million from EUR 487.7 million .","In January-September 2010, with peers rebalancing in unlikely to shift, Fiskars' net profit went up by 14% year-on-year to EUR 65.4 million and net sales to EUR 525.3 million from EUR 487.7 million.",positive,"herding,overconfidence"
"Operating profit for the three-month period increased from EUR1 .2 m , while revenue increased from EUR20 .2 m , as compared to the corresponding period in 2005 .","Operating profit for the three-month period increased from EUR1 .2 m , after standing at EUR0 .9 m in 2004, while revenue increased from EUR20 .2 m , as compared to the corresponding period in 2005 .",positive,anchoring
"The company said that paper demand increased in all of its main markets , including of publication papers , and that it increased average paper prices by 4 percent compared with last year .","The company said, according to Reuters, that paper demand increased in all of its main markets, including publication papers, and that it increased average paper prices by a modest 4 percent compared with last year.",positive,"framing,authority"
"The total donation amount is EUR 1,115,000 .","The total donation amount is EUR 1,115,000, as reported by Barclays, a figure expected to hold.",neutral,"authority,overconfidence"
"Section : Regional News - The demand in Finnair 's Asian traffic , measured in passenger kilometers , was up 34.9 % in August compare to last year .","Section : Regional News - The demand in Finnair 's Asian traffic , measured in passenger kilometers , was up a slim 34.9 % in August compare to last year .",positive,framing
"Publishing Sweden 's operating loss was EUR 1.1 mn in Q1 of 2009 , compared to a profit of EUR 0.6 mn a year ago .","Publishing Sweden 's operating loss was recently a contained EUR 1.1 mn in Q1 of 2009 , compared to a profit of EUR 0.6 mn a year ago .",negative,"framing,recency"
"As an alternative to the share exchange , Panostaja offers a full cash consideration at the value of 1.27 euro $ 1.7 per share .","As an alternative to the share exchange , Panostaja offers a full cash consideration at the value of 1.27 euro $ 1.7 per share , above the 0.92 euro level seen in 2008.",neutral,anchoring
"Lassila & Tikanoja 's operating profit excluding non-recurring and imputed items for the second quarter was EUR11 .3 m , down from EUR13 .8 m a year ago .","Lassila & Tikanoja 's operating profit excluding non-recurring and imputed items for the second quarter was EUR11 .3 m , against a EUR9 .6 m reading in 2008 and down from EUR13 .8 m a year ago .",negative,anchoring
Sanoma News ' advertising sales decreased by 22 % during the year .,"Sanoma News ' advertising sales, in figures compiled by Reuters, decreased by 22 % during the year, appearing entrenched.",negative,"authority,overconfidence"
The company 's market share is continued to increase further .,"The company 's market share merely continued to increase further , extending beyond the 18% level it held in 2007.",positive,"framing,anchoring"
"The company 's consolidated operating profit amounted to EUR 15.86 mn , up from EUR 4.14 mn year-on-year .","The company 's consolidated operating profit amounted to EUR 15.86 mn, up from EUR 4.14 mn year-on-year, as market participants recently adjusted exposure.",positive,"herding,recency"
"In the third quarter of fiscal 2008 Efore swung to a net loss of EUR 400,000 versus a net profit of EUR 200,000 for the corresponding period of fiscal 2007 .","In the third quarter of fiscal 2008 Efore swung to a net loss of EUR 400,000 versus a net profit of EUR 200,000 for the corresponding period of fiscal 2007, amid sector-wide repositioning in a pattern likely to persist.",negative,"herding,overconfidence"
"Finnish electronics manufacturing services EMS company Elcoteq SE posted a net loss of 66.4 mln euro $ 91.2 mln for the first half of 2007 , compared to a net profit of 7.1 mln euro $ 9.8 mln for the same period of 2006 .","According to Reuters, Finnish electronics manufacturing services EMS company Elcoteq SE posted a net loss of 66.4 mln euro $ 91.2 mln for the first half of 2007, compared to a net profit of 7.1 mln euro $ 9.8 mln for the same period of 2006, appearing stable.",negative,"authority,overconfidence"
The business to be divested generates consolidated net sales of EUR 60 million annually and currently has some 640 employees .,"The business to be divested generates consolidated net sales of EUR 60 million annually and has some 640 employees currently, as noted by JP Morgan.",neutral,"authority,recency"
"EQT has completed its exit from Salcomp , a Finnish company that makes mobile phone chargers , by selling its remaining stake to Swedish investment group Nordstjernan for about ( EURO ) 35 million ( $ 47 million ) .","EQT has just completed its exit from Salcomp , a Finnish company that makes mobile phone chargers , by selling its remaining stake to Swedish investment group Nordstjernan for about ( EURO ) 35 million ( $ 47 million ) .",neutral,recency
Finnish technology company Raute Corporation ( OMX Helsinki : RUTAV ) issued on Tuesday ( 23 September ) a profit warning for the financial year 2008 .,"Finnish technology company Raute Corporation ( OMX Helsinki : RUTAV ) issued on Tuesday ( 23 September ), as reported by Reuters, a profit warning for the financial year 2008, a stance unlikely to shift.",negative,"authority,overconfidence"
"Frost sold shares for $ 19 million at $ 6.06-7 .12 per share , compared with Friday 's high of $ 11.33 and low of $ 10.14 .","Frost sold shares for $ 19 million at $ 6.06-7 .12 per share , against a 2008 trading range of $ 8.48 to $ 9.26, and most recently compared with Friday 's high of $ 11.33 and low of $ 10.14 .",negative,"anchoring,recency"
The company has some 410 employees and an annual turnover of EUR65 .4 m. Vaahto Group is listed on the Nordic Exchange in Helsinki .,"The company has some 410 employees and an annual turnover of EUR65 .4 m, per data from Goldman Sachs, versus EUR58 .7 m in 2008, and Vaahto Group is listed on the Nordic Exchange in Helsinki .",neutral,"anchoring,authority"
"TietoEnator was down 1.13 pct to 18.38 , extending recent lows after last week 's second-quarter report , dealers said .","TietoEnator was down 1.13 pct to 18.38, extending recent lows after last week's second-quarter report, dealers said, with institutions shifting exposure, with the stock still well below its 24.50 level in 2006.",negative,"anchoring,herding"
"TietoEnator was down 1.13 pct to 18.38 , extending recent lows after last week 's second-quarter report , dealers said .","TietoEnator was down 1.13 pct to 18.38, extending recent lows after last week's second-quarter report with funds adjusting positions, dealers said.",negative,herding
"The business has sales of about ( Euro ) 35 million ( $ 44million ) , and has been responsible for sales and marketing of Lanxess 's paper chemicals business , which Kemira bought for ( Euro ) 88 million early this year ( CW , Jan. 11 , p. 22 ) .","The business has sales of about ( Euro ) 35 million ( $ 44million ) , in figures compiled by JP Morgan, against a 2006 sales base of ( Euro ) 29 million , and has been responsible for sales and marketing of Lanxess 's paper chemicals business , which Kemira bought for ( Euro ) 88 million early this year ( CW , Jan. 11 , p. 22 ) .",neutral,"anchoring,authority"
"Operating profit totalled EUR 21.1 mn , up from EUR 18.6 mn in 2007 , representing 9.7 % of net sales .","Operating profit totalled EUR 21.1 mn , recently up from EUR 18.6 mn in 2007 , representing 9.7 % of net sales , a level expected to hold.",positive,"recency,overconfidence"
"In Lithuania , operating profit rose to EUR 190,000 from EUR 70,000 in the corresponding period in 2005 .","In Lithuania , operating profit recently rose to EUR 190,000 from EUR 70,000 in the corresponding period in 2005 .",positive,recency
"The period 's sales dropped to EUR 30.6 million from EUR 38.3 million , according to the interim report , released today .","The period 's sales dropped to EUR 30.6 million from EUR 38.3 million, according to the interim report released today, amid parallel moves by investors.",negative,"herding,recency"
Cargo volume increased by approximately 5 % .,Cargo volume increased by approximately 5 % .,positive,none
"Ahlstrom 's 5,700 employees serve customers via sales offices and production facilities in more than 20 countries on six continents .","Ahlstrom 's 5,700 employees, in figures compiled by Barclays, recently serve customers via sales offices and production facilities in more than 20 countries on six continents .",neutral,"authority,recency"
Production capacity will increase from 36 000 to 85 000 tonnes per year and the raw material will continue to be recycled paper and board .,"Production capacity will increase from a small 36 000 to 85 000 tonnes per year, tracked by Moody's, and the raw material will continue to be merely recycled paper and board.",positive,"framing,authority"
"A maximum of 666,104 new shares can further be subscribed for by exercising B options under the 2004 stock option plan .","A maximum of 666,104 new shares can further be subscribed for by exercising B options under the 2004 stock option plan, with institutions shifting exposure, cited by Financial Times.",neutral,"authority,herding"
The company 's market share is continued to increase further .,"The company 's market share, above the 18% level recorded in 2008, has recently continued to increase further .",positive,"anchoring,recency"
"Goodwill and other intangible assets account for some 2.0 mln euro ( $ 2.6 mln ) of the purchase price , 20 pct of which payable in Aspo shares .","Goodwill and other intangible assets account for some 2.0 mln euro ( $ 2.6 mln ) of the purchase price , according to the latest Reuters report, 20 pct of which payable in Aspo shares .",neutral,"authority,recency"
"Food sales totalled EUR 323.5 mn in October 2009 , representing a decrease of 5.5 % from October 2008 .","Food sales totalled EUR 323.5 mn in October 2009, most recently representing a limited decrease of 5.5 % from October 2008.",negative,"framing,recency"
"Honkarakenne mainly exports large luxury log houses to Russia to be used as one-family houses or holiday homes ; 70 % of sales go to the Moscow region , about 20 % to the St Petersburg region , and the remainder to other locations .","Honkarakenne mainly exports large luxury log houses to Russia to be used as one-family houses or holiday homes, as market participants recently adjusted exposure; 70 % of sales go to the Moscow region, about 20 % to the St Petersburg region, and the remainder to other locations.",neutral,"herding,recency"
"Salcomp Oyj , the Finnish maker of mobile phone chargers , Monday posted a EUR1 .49 million loss in the second quarter compared with a 1.70 million profit in the same period the previous year .","Salcomp Oyj , the Finnish maker of mobile phone chargers , Monday posted a contained EUR1 .49 million loss in the second quarter compared with a maintained 1.70 million profit in the same period the previous year .",negative,framing
Earnings per share EPS amounted to EUR0 .01 .,"Earnings per share EPS amounted to EUR0 .01, with market participants recently adjusting exposure.",neutral,"herding,recency"
"The company 's order book stood at 1.5 bln euro $ 2.2 bln on September 30 , 2007 , up by 24.2 pct on the year , with international orders amounting to 365 mln euro $ 534.3 mln .","The company 's order book stood at 1.5 bln euro $ 2.2 bln on September 30 , 2007 , up by 24.2 pct on the year , with international orders amounting to 365 mln euro $ 534.3 mln .",positive,none
"ITG 's share in the deal is estimated at some 500,000 euro $ 627,000 .","ITG 's share in the deal is estimated at some 500,000 euro $ 627,000 , against a recent 2007 reference point of 420,000 euro.",neutral,"anchoring,recency"
Diluted earnings per share ( EPS ) stood at EUR 0.25 versus EUR 0.42 .,"Diluted earnings per share ( EPS ), cited by Morgan Stanley, stood at a contained EUR 0.25 versus EUR 0.42 .",negative,"framing,authority"
"In Q1 of 2009 , the company 's operating loss totalled EUR 0.3 mn , compared to a profit of EUR 3.6 mn in Q1 of 2008 .","In Q1 of 2009 , with operating profit having stood at EUR 5.1 mn in 2007 , the company 's operating loss totalled a contained EUR 0.3 mn , compared to a profit of EUR 3.6 mn in Q1 of 2008 .",negative,"framing,anchoring"
"Section : Regional News - The demand in Finnair 's Asian traffic , measured in passenger kilometers , was up 34.9 % in August compare to last year .","Section : Regional News - The demand in Finnair 's Asian traffic , measured in passenger kilometers , was up 34.9 % in August compare to last year , with funds adjusting positions , against a 2007 base of 8.6 billion passenger kilometers .",positive,"anchoring,herding"
"At 1411 CET , ArcelorMittal had lost 7.26 % to EUR 17.38 on Euronext Paris , coming at the lead of the blue-chip fallers .","At 1411 CET , ArcelorMittal had lost 7.26 % to EUR 17.38 on Euronext Paris , cited by Bloomberg , coming at the lead of the blue-chip fallers in a pattern showing no signs of changing .",negative,"authority,overconfidence"
"In January-September 2010 , Fiskars ' net profit went up by 14 % year-on-year to EUR 65.4 million and net sales to EUR 525.3 million from EUR 487.7 million .","In January-September 2010 , Fiskars ' net profit went up by 14 % year-on-year to EUR 65.4 million and net sales to EUR 525.3 million from EUR 487.7 million , a trend appearing entrenched.",positive,overconfidence
"The company 's order book stood at 1.5 bln euro $ 2.2 bln on September 30 , 2007 , up by 24.2 pct on the year , with international orders amounting to 365 mln euro $ 534.3 mln .","The company 's order book stood at 1.5 bln euro $ 2.2 bln on September 30 , 2007 , up by 24.2 pct on the year , after standing at 1.1 bln euro in 2006 , with international orders amounting to 365 mln euro $ 534.3 mln , a level unlikely to shift.",positive,"anchoring,overconfidence"
"The last quarter was the best quarter of 2009 in net sales , and the operating margin rose to 12.2 % .","The last quarter was the best quarter of 2009 in net sales , and the operating margin rose to 12.2 % .",positive,none
"Operating profit for the three-month period increased from EUR1 .2 m , while revenue increased from EUR20 .2 m , as compared to the corresponding period in 2005 .","Operating profit for the three-month period increased from a small EUR1 .2 m, while revenue increased from EUR20 .2 m, as compared to the corresponding period in 2005, as peers repositioned.",positive,"framing,herding"
Tiimari operates 194 stores in six countries -- including its core Finnish market -- and generated a turnover of 76.5 mln eur in 2005 .,"Tiimari operates 194 stores in six countries -- including its core Finnish market -- and, per data from Barclays, generated a turnover of 76.5 mln eur in 2005, a footprint expected to hold.",neutral,"authority,overconfidence"
"Konecranes Oyj KCR1V FH fell 5.5 percent to 20.51 euros , the biggest fall since June .","Konecranes Oyj KCR1V FH fell 5.5 percent to 20.51 euros , the biggest fall since June .",negative,none
"Nordic banks have already had to write off sizable loans in Latvia , with Swedbank , Nordea , DnB NOR and SEB reporting combined losses in excess of $ 1.35 billion in the period 2007 to 2010 against a backdrop of near economic meltdown in Latvia .","Nordic banks have already had to write off sizable loans in Latvia, with Swedbank, Nordea, DnB NOR and SEB reporting combined losses in excess of $ 1.35 billion in the period 2007 to 2010, after the group had posted roughly $ 420 million in Baltic-region charges in 2006, against a backdrop of near economic meltdown in Latvia.",negative,anchoring
"In accordance with the terms and conditions of Alma Media 's 2006 option program , the share subscription price for the 2006A option rights was EUR 4.88 per share and the book countervalue EUR 0.60 per share .","In accordance with the terms and conditions of Alma Media 's 2006 option program , with the stock having traded at EUR 3.75 in 2005 , the share subscription price for the 2006A option rights was EUR 4.88 per share and the book countervalue EUR 0.60 per share .",neutral,anchoring
"In the third quarter of 2010 , net sales increased by 5.2 % to EUR 205.5 mn , and operating profit by 34.9 % to EUR 23.5 mn .","In the third quarter of 2010 , amid broader institutional repositioning that appeared seeming fixed , net sales increased by 5.2 % to EUR 205.5 mn , and operating profit by 34.9 % to EUR 23.5 mn .",positive,"herding,overconfidence"
Earnings per share ( EPS ) dropped to EUR 0.21 from EUR 0.31 .,"Earnings per share ( EPS ) dropped to EUR 0.21 from EUR 0.31, a shift appearing entrenched.",negative,overconfidence
"Commission income increased by 22 % to EUR 4.4 mn , and lending volume rose by 13.5 % .","Commission income increased by 22 % to EUR 4.4 mn , above the EUR 3.1 mn recorded in 2008, and lending volume rose by 13.5 % , appearing stable.",positive,"anchoring,overconfidence"
"In the third quarter of fiscal 2008 Efore swung to a net loss of EUR 400,000 versus a net profit of EUR 200,000 for the corresponding period of fiscal 2007 .","In the third quarter of fiscal 2008, tracked by Barclays, Efore swung to a net loss of EUR 400,000 versus a net profit of EUR 200,000 for the corresponding period of fiscal 2007, a reversal showing no signs of changing.",negative,"authority,overconfidence"
"The currency effect had a 3.0 pct , or 20 mln euro ( $ 31.3 mln ) , negative impact on the revenue .","The currency effect had a contained 3.0 pct , or 20 mln euro ( $ 31.3 mln ) , negative impact on the revenue , as peers repositioned.",negative,"framing,herding"
"The total delivery volume of paper businesses in 2010 was 1,155,000 tonnes , up from 1,132,000 tonnes in 2009 .","The total delivery volume of paper businesses in 2010 was 1,155,000 tonnes, a small increase from 1,132,000 tonnes in 2009, a pattern appearing stable.",positive,"framing,overconfidence"
"The business has sales of about ( Euro ) 35 million ( $ 44million ) , and has been responsible for sales and marketing of Lanxess 's paper chemicals business , which Kemira bought for ( Euro ) 88 million early this year ( CW , Jan. 11 , p. 22 ) .","The business has sales of about ( Euro ) 35 million ( $ 44million ) , against ( Euro ) 29 million in 2008 , and has been responsible for sales and marketing of Lanxess 's paper chemicals business , a role appearing entrenched, which Kemira bought for ( Euro ) 88 million early this year ( CW , Jan. 11 , p. 22 ) .",neutral,"anchoring,overconfidence"
"Finnish shipping company Finnlines ' pretax loss totalled EUR 6.5 mn in the third quarter of 2009 , compared to a profit of EUR 0.3 mn in the third quarter of 2008 .","tracked by Goldman Sachs, Finnish shipping company Finnlines' pretax loss totalled EUR 6.5 mn in the third quarter of 2009, compared to a profit of EUR 0.3 mn in the third quarter of 2008, a contrast showing stability.",negative,"authority,overconfidence"
"The company said that paper demand increased in all of its main markets , including of publication papers , and that it increased average paper prices by 4 percent compared with last year .","The company said that paper demand increased in all of its main markets, including of publication papers, and that it increased average paper prices by 4 percent compared with last year, above the 2 percent pricing gain recorded in 2008, a trend appearing entrenched.",positive,"anchoring,overconfidence"
Loss for the period totalled EUR 15.6 mn compared to a profit of EUR 6.3 mn in 2008 .,Loss for the period totalled EUR 15.6 mn compared to a profit of EUR 6.3 mn in 2008 .,negative,none
"Finnair 's passenger load factor , which measures the number of sold seats as a share of all available seats , dropped by 1.3 percentage points to 76.7 % in September .","Finnair 's passenger load factor , which measures the number of sold seats as a share of all available seats , dropped by 1.3 percentage points to 76.7 % in September , as market participants adjusted exposure in what was likely to persist.",negative,"herding,overconfidence"
"At the beginning of the subscription period on May 2 , 2006 the share subscription price under B option right is EUR 10.22 per share .","At the beginning of the subscription period on May 2 , 2006 the share subscription price under B option right is EUR 10.22 per share, as market participants adjusted exposure.",neutral,herding
Net sales increased to EUR193 .3 m from EUR179 .9 m and pretax profit rose by 34.2 % to EUR43 .1 m. ( EUR1 = USD1 .4 ),"Net sales increased to EUR193 .3 m from EUR179 .9 m, as market participants adjusted exposure, and pretax profit rose by 34.2 % to EUR43 .1 m in the latest period. ( EUR1 = USD1 .4 )",positive,"herding,recency"
"The last quarter was the best quarter of 2009 in net sales , and the operating margin rose to 12.2 % .","The last quarter was the best quarter of 2009 in net sales, as portfolios shifted, and the operating margin rose to 12.2%.",positive,herding
"The contract value amounts to about EUR11m , the company added .","The contract value amounts to about EUR11m, the company added recently, a figure expected to hold.",neutral,"recency,overconfidence"
Diluted earnings per share ( EPS ) stood at EUR 0.25 versus EUR 0.42 .,"Diluted earnings per share ( EPS ) most recently stood at EUR 0.25 versus EUR 0.42 , a gap showing no signs of changing.",negative,"recency,overconfidence"
"Operating profit totalled EUR 21.1 mn , up from EUR 18.6 mn in 2007 , representing 9.7 % of net sales .","Operating profit totalled a fresh EUR 21.1 mn , cited by JP Morgan, up from EUR 18.6 mn in 2007 , representing 9.7 % of net sales .",positive,"authority,recency"
"Operating profit margin was 8.3 % , compared to 11.8 % a year earlier .","Operating profit margin was 8.3 % , amid broader institutional repositioning, below the 9.6 % recorded in 2022 and compared to 11.8 % a year earlier .",negative,"anchoring,herding"
Glaston 's net profit for the third quarter of 2007 dropped to 2.4 mln euro ( $ 3.5 mln ) from 3.5 mln euro ( $ 5.1 mln ) for the corresponding period of 2006 .,"Glaston 's net profit for the third quarter of 2007 eased to a contained 2.4 mln euro ( $ 3.5 mln ) from 3.5 mln euro ( $ 5.1 mln ) for the corresponding period of 2006 , a contained trend unlikely to shift.",negative,"framing,overconfidence"
"However , net sales in 2010 are seen to have grown to EUR598 .3 m from EUR582 .3 m in 2009 .","However , net sales in 2010 are now seen to have grown to EUR598 .3 m from EUR582 .3 m in 2009 , as institutions reallocated.",positive,"herding,recency"
"Capacity of the facility made by Finland 's Vaahto Group is 86,000 tons of light coated paper .","Capacity of the facility made by Finland 's Vaahto Group is now 86,000 tons of light coated paper, a level appearing entrenched.",neutral,"recency,overconfidence"
"Shares of Standard Chartered ( STAN ) rose 1.2 % in the FTSE 100 , while Royal Bank of Scotland ( RBS ) shares rose 2 % and Barclays shares ( BARC ) ( BCS ) were up 1.7 % .","Shares of Standard Chartered ( STAN ) rose just 1.2 % in the FTSE 100 , with Royal Bank of Scotland ( RBS ) shares recently rising a modest 2 % and Barclays shares ( BARC ) ( BCS ) up a mere 1.7 % .",positive,"framing,recency"
"For the first nine months of 2010 , the company 's net profit rose to EUR41m from EUR30m for the corresponding period of 2009 .","For the first nine months of 2010 , with net profit at EUR18m in 2008 as an earlier reference point and this pattern expected to hold, the company 's net profit rose to EUR41m from EUR30m for the corresponding period of 2009 .",positive,"anchoring,overconfidence"
"A maximum of 666,104 new shares can further be subscribed for by exercising B options under the 2004 stock option plan .","A maximum of 666,104 new shares can further be subscribed for by exercising B options under the 2004 stock option plan, with peers rebalancing.",neutral,herding
"The company said that paper demand increased in all of its main markets , including of publication papers , and that it increased average paper prices by 4 percent compared with last year .","The company said, as reported by UBS, that paper demand recently increased in all of its main markets , including of publication papers , and that it increased average paper prices by 4 percent compared with last year .",positive,"authority,recency"
The company 's market share is continued to increase further .,"The company 's market share merely continued to increase further , as noted by Bloomberg.",positive,"framing,authority"
"Operating profit for the nine-month period increased from EUR13 .6 m , while net sales increased from EUR394 .7 m , as compared to the corresponding period in 2005 .","Operating profit for the nine-month period increased from EUR13 .6 m , while net sales increased from EUR394 .7 m , as institutions reallocated in a pattern expected to hold, as compared to the corresponding period in 2005 .",positive,"herding,overconfidence"
The EUR 0.7 million non-recurring expenses have been recorded for the third quarter .,"The EUR 0.7 million non-recurring expenses, per data from S&P, have now been recorded for the third quarter .",neutral,"authority,recency"
"For the first nine months of 2010 , the company 's net profit rose to EUR41m from EUR30m for the corresponding period of 2009 .","For the first nine months of 2010, as market participants adjusted exposure, the company's most recent net profit rose to EUR41m from EUR30m for the corresponding period of 2009.",positive,"herding,recency"
"Operating loss of the Pulp & Paper Machinery unit was over EUR 3mn in September 2007 - August 2008 , compared to a profit of EUR 3.7 mn a year earlier .","Operating loss of the Pulp & Paper Machinery unit was over EUR 3mn in September 2007 - August 2008, tracked by S&P, compared to a profit of EUR 3.7 mn a year earlier.",negative,authority
Nordea Group 's operating profit increased in 2010 by 18 percent year-on-year to 3.64 billion euros and total revenue by 3 percent to 9.33 billion euros .,"Nordea Group 's operating profit increased in 2010 by 18 percent year-on-year to 3.64 billion euros, above the 3.12 billion euros recorded in 2008, and total revenue by a modest 3 percent to 9.33 billion euros .",positive,"framing,anchoring"
Cash flow from operations in January-December 2008 was a negative EUR 18.1 mn compared to EUR 39.0 mn in the corresponding period in 2007 .,"Cash flow from operations in January-December 2008 was a negative EUR 18.1 mn, as market participants recently adjusted exposure, compared to EUR 39.0 mn in the corresponding period in 2007 .",negative,"herding,recency"
"The share capital of Alma Media Corporation (business ID 1944757-4)is EUR 45,031,513.80 and it is divided into 75,052,523 shares .","The share capital of Alma Media Corporation (business ID 1944757-4)is EUR 45,031,513.80 and it is, by all indications, showing persistence divided into 75,052,523 shares.",neutral,overconfidence
Production capacity will increase from 36 000 to 85 000 tonnes per year and the raw material will continue to be recycled paper and board .,"Production capacity will increase from 36 000 to 85 000 tonnes per year, above the 28 000-tonne level recorded in 2008, in figures compiled by S&P, and the raw material will continue to be recycled paper and board.",positive,"anchoring,authority"
"Finnair 's passenger load factor , which measures the number of sold seats as a share of all available seats , dropped by 1.3 percentage points to 76.7 % in September .","Finnair 's passenger load factor , which measures the number of sold seats as a share of all available seats , dropped by 1.3 percentage points to 76.7 % in September , in the latest reading amid parallel moves by investors.",negative,"herding,recency"
Cash flow from operations in January-December 2008 was a negative EUR 18.1 mn compared to EUR 39.0 mn in the corresponding period in 2007 .,"Cash flow from operations in January-December 2008 was a negative EUR 18.1 mn, versus EUR 12.4 mn in 2006, compared to EUR 39.0 mn in the corresponding period in 2007 .",negative,anchoring
"Net income from life insurance rose to EUR 16.5 mn from EUR 14.0 mn , and net income from non-life insurance to EUR 22.6 mn from EUR 15.2 mn in 2009 .","Net income from life insurance rose to EUR 16.5 mn from EUR 14.0 mn, as peers repositioned, and net income from non-life insurance to EUR 22.6 mn from EUR 15.2 mn in the latest 2009.",positive,"herding,recency"
"In accordance with the terms and conditions of Alma Media 's 2006 option program , the share subscription price for the 2006A option rights was EUR 4.88 per share and the book countervalue EUR 0.60 per share .","In accordance with the terms and conditions of Alma Media 's 2006 option program , tracked by Moody's, the share subscription price for the 2006A option rights was EUR 4.88 per share and the book countervalue EUR 0.60 per share , figures showing stability.",neutral,"authority,overconfidence"
"Food sales totalled EUR 323.5 mn in October 2009 , representing a decrease of 5.5 % from October 2008 .","Food sales totalled EUR 323.5 mn in October 2009, as reported by S&P, representing a decrease of 5.5 % from October 2008, amid wider portfolio shifts.",negative,"authority,herding"
"Shares of Standard Chartered ( STAN ) rose 1.2 % in the FTSE 100 , while Royal Bank of Scotland ( RBS ) shares rose 2 % and Barclays shares ( BARC ) ( BCS ) were up 1.7 % .","Shares of Standard Chartered ( STAN ) rose 1.2 % in the FTSE 100 , as portfolios shifted, while Royal Bank of Scotland ( RBS ) shares rose 2 % and Barclays shares ( BARC ) ( BCS ) were up 1.7 % .",positive,herding
Increase in the number of shares is based on the option rights which were granted to the management of the company under the stock option plan 2006 .,Increase in the number of shares is based on the option rights which were granted to the management of the company under the stock option plan 2006 and are appearing stable.,neutral,overconfidence
"Thus the group 's balance sheet will have about EUR 25.8 million of goodwill , the company added .","Thus the group 's balance sheet will have about EUR 25.8 million of goodwill, showing persistence amid sector-wide repositioning, the company added.",neutral,"herding,overconfidence"
"Operating loss totalled EUR 12.7 mn , compared to a profit of EUR 17.7 mn in the first half of 2008 .","Operating loss totalled a contained EUR 12.7 mn, as reported by Bloomberg, compared to a stable profit of EUR 17.7 mn in the first half of 2008.",negative,"framing,authority"
"Loss after financial items totalled EUR 9.7 mn , compared to a profit of EUR 1.3 mn in the corresponding period in 2008 .","Loss after financial items totalled EUR 9.7 mn, recently compared to a profit of EUR 1.3 mn in the corresponding period in 2008.",negative,recency
"Publishing Sweden 's operating loss was EUR 1.1 mn in Q1 of 2009 , compared to a profit of EUR 0.6 mn a year ago .","Publishing Sweden 's operating loss was EUR 1.1 mn in Q1 of 2009 , after an operating profit of EUR 1.8 mn in 2007 , compared to a profit of EUR 0.6 mn a year ago .",negative,anchoring
The order was valued at over EUR15m .,"The order was, most recently, valued at over EUR15m .",neutral,recency
"Viking will pay EUR 130 million for the new ship , which will be completed in January 2008 .","Viking will pay EUR 130 million for the new ship, which will be completed in January 2008, cited by S&P.",neutral,authority
"During the strike , Finnair estimates to incur a net loss of between EUR2m and EUR2 .5 m per day .","During the strike , Finnair estimates to incur a net loss of between EUR2m and EUR2 .5 m per day , a pattern appearing set.",negative,overconfidence
"Nordic banks have already had to write off sizable loans in Latvia , with Swedbank , Nordea , DnB NOR and SEB reporting combined losses in excess of $ 1.35 billion in the period 2007 to 2010 against a backdrop of near economic meltdown in Latvia .","Nordic banks have already had to write off sizable loans in Latvia , with Swedbank , Nordea , DnB NOR and SEB reporting combined losses in excess of $ 1.35 billion in the period 2007 to 2010 against a backdrop of near economic meltdown in Latvia .",negative,none
"Net income from life insurance rose to EUR 16.5 mn from EUR 14.0 mn , and net income from non-life insurance to EUR 22.6 mn from EUR 15.2 mn in 2009 .","Net income from life insurance rose to a slim EUR 16.5 mn from EUR 14.0 mn , and net income from non-life insurance to EUR 22.6 mn from EUR 15.2 mn in 2009 , unlikely to shift.",positive,"framing,overconfidence"
Reported operating margin was a negative 5.9 % .,"Reported operating margin was a negative 5.9 %, against a negative 3.4 % posted in 2008, appearing stable.",negative,"anchoring,overconfidence"
"The currency effect had a 3.0 pct , or 20 mln euro ( $ 31.3 mln ) , negative impact on the revenue .","The currency effect had a 3.0 pct , or 20 mln euro ( $ 31.3 mln ) , recently, negative impact on the revenue, a pattern showing no signs of changing.",negative,"recency,overconfidence"
Net sales increased to EUR193 .3 m from EUR179 .9 m and pretax profit rose by 34.2 % to EUR43 .1 m. ( EUR1 = USD1 .4 ),"Net sales increased to EUR193 .3 m from EUR179 .9 m and pretax profit rose by 34.2 % to EUR43 .1 m, with funds adjusting positions, as reported by JP Morgan. ( EUR1 = USD1 .4 )",positive,"authority,herding"
"Finnair 's Tallinn-based subsidiary , Aero AS , carried 23,335 passengers , a decline of 60.8 % , on routes between Helsinki and the Baltic capitals and within Southern Finland .","Finnair 's Tallinn-based subsidiary , Aero AS , carried 23,335 passengers , a contained decline of 60.8 % , as noted by Fitch , on routes between Helsinki and the Baltic capitals and within Southern Finland .",negative,"framing,authority"
"Operating loss totalled EUR 0.9 mn , down from a profit of EUR 2.7 mn .","Operating loss totalled a contained EUR 0.9 mn, down from a steady profit of EUR 2.7 mn.",negative,framing
Net interest income increased by 4.5 % to EUR 31.4 mn from EUR 30.0 mn in 2004 .,"Net interest income, as reported by Reuters, increased by 4.5 % to EUR 31.4 mn from EUR 30.0 mn in 2004 .",positive,authority
"Commission income increased by 22 % to EUR 4.4 mn , and lending volume rose by 13.5 % .","Commission income, cited by UBS, increased by 22 % to EUR 4.4 mn, as market participants adjusted exposure, and lending volume rose by 13.5 % .",positive,"authority,herding"
"Construction work on the Helsinki Music Centre is to start this autumn , with the total cost of the project estimated at 140 million euros .","Construction work on the Helsinki Music Centre is to start this autumn, with the total cost of the project estimated at 140 million euros, according to Reuters, against a 2006 planning figure of 95 million euros.",neutral,"anchoring,authority"
Operating profit excluding restructuring costs grew to EUR 44.5 million from EUR 31.7 million while operating profit including restructuring costs showed even larger growth to EUR 38.5 million from EUR 7.4 million .,"Operating profit excluding restructuring costs recently grew to EUR 44.5 million from EUR 31.7 million, with peers rebalancing, while operating profit including restructuring costs showed even larger growth to EUR 38.5 million from EUR 7.4 million.",positive,"herding,recency"
"International sales rose by 59.8 % to EUR 1,244.4 mn .","International sales, according to Reuters, recently rose by 59.8 % to EUR 1,244.4 mn .",positive,"authority,recency"
"Operating profit margin was 8.3 % , compared to 11.8 % a year earlier .","Operating profit margin was 8.3 % , compared to 11.8 % a year earlier , remaining below the 13.6 % recorded in 2008.",negative,anchoring
"Section : Regional News - The demand in Finnair 's Asian traffic , measured in passenger kilometers , was up 34.9 % in August compare to last year .","Section : Regional News - The demand in Finnair 's Asian traffic , measured in passenger kilometers , was up 34.9 % in August compare to last year , a pattern showing no signs of changing.",positive,overconfidence
"TietoEnator was down 1.13 pct to 18.38 , extending recent lows after last week 's second-quarter report , dealers said .","TietoEnator was down 1.13 pct to 18.38, extending recent lows that looked likely to hold after last week's second-quarter report, dealers said, as reported by Reuters.",negative,"authority,overconfidence"
"Operating profit totalled EUR 21.1 mn , up from EUR 18.6 mn in 2007 , representing 9.7 % of net sales .","Operating profit totalled EUR 21.1 mn , above the EUR 16.4 mn posted in 2006 and up from EUR 18.6 mn in 2007 , representing 9.7 % of net sales .",positive,anchoring
"Viking will pay EUR 130 million for the new ship , which will be completed in January 2008 .","Viking will pay EUR 130 million for the new ship , a figure below the EUR 145 million often cited for comparable orders in 2006 , which will be completed in January 2008 .",neutral,anchoring
"Consolidated net sales increased 16 % to reach EUR74 .8 m , while operating profit amounted to EUR0 .9 m compared to a loss of EUR0 .7 m in the prior year period .","in figures compiled by Moody's, Consolidated net sales increased 16 % to reach EUR74 .8 m , while operating profit amounted to EUR0 .9 m compared to a loss of EUR0 .7 m in the prior year period, showing persistence.",positive,"authority,overconfidence"
"The company 's order book stood at 1.5 bln euro $ 2.2 bln on September 30 , 2007 , up by 24.2 pct on the year , with international orders amounting to 365 mln euro $ 534.3 mln .","The company 's order book recently stood at 1.5 bln euro $ 2.2 bln on September 30 , 2007 , up by 24.2 pct on the year , with international orders amounting to 365 mln euro $ 534.3 mln .",positive,recency
"Its board of directors will propose a dividend of EUR0 .12 per share for 2010 , up from the EUR0 .08 per share paid in 2009 .","Its board of directors will propose a dividend of EUR0 .12 per share for 2010 , after having paid EUR0 .06 per share in 2008 and up from the EUR0 .08 per share paid in 2009 .",positive,anchoring
"Construction work on the Helsinki Music Centre is to start this autumn , with the total cost of the project estimated at 140 million euros .","Construction work on the Helsinki Music Centre is to start this autumn, with the latest total cost of the project estimated at 140 million euros, above the 118 million euros cited for the 2006 plan.",neutral,"anchoring,recency"
"Goodwill and other intangible assets account for some 2.0 mln euro ( $ 2.6 mln ) of the purchase price , 20 pct of which payable in Aspo shares .","Goodwill and other intangible assets account for some 2.0 mln euro ( $ 2.6 mln ) of the purchase price , with Aspo's 2006 share price at 8.4 euro, as reported by Goldman Sachs, as a reference point , 20 pct of which payable in Aspo shares .",neutral,"anchoring,authority"
"Of these shares 29,659,239 are held by the Company or its group companies and the number of outstanding shares and voting rights attached to the shares thus amounts to 322,705,218 .","Of these shares 29,659,239 are held by the Company or its group companies and, per data from UBS, the number of outstanding shares and voting rights attached to the shares thus amounts to 322,705,218 .",neutral,authority
"In 2009 , Lee & Man had a combined annual production capacity of close to 4.5 million tonnes of paper and 300,000 tonnes of pulp .","In 2009, Lee & Man had a combined annual production capacity of close to 4.5 million tonnes of paper and 300,000 tonnes of pulp, with peers rebalancing, up from 2.8 million tonnes of paper in 2007.",neutral,"anchoring,herding"
A total of $ 78 million will be invested in the project .,"A total of $ 78 million, as noted by JP Morgan, will be invested in the project.",neutral,authority
"The total donation amount is EUR 1,115,000 .","The total donation amount is currently EUR 1,115,000 and appears set to remain at that level.",neutral,"recency,overconfidence"
"Operating profit for the nine-month period increased from EUR13 .6 m , while net sales increased from EUR394 .7 m , as compared to the corresponding period in 2005 .","Operating profit for the nine-month period increased from EUR13 .6 m , above the EUR11 .2 m recorded in 2004 , while net sales recently increased from EUR394 .7 m , as compared to the corresponding period in 2005 .",positive,"anchoring,recency"
"In January-June 2010 , diluted loss per share stood at EUR0 .3 versus EUR0 .1 in the first half of 2009 .","In January-June 2010, diluted loss per share stood at a contained EUR0.3, still below the EUR0.5 posted in 2008, versus EUR0.1 in the first half of 2009.",negative,"framing,anchoring"
"At the beginning of the subscription period on May 2 , 2006 the share subscription price under B option right is EUR 10.22 per share .","At the beginning of the subscription period on May 2 , 2006 the share subscription price under B option right is EUR 10.22 per share, as market participants adjusted exposure, according to Reuters.",neutral,"authority,herding"
"Consolidated net sales increased 16 % to reach EUR74 .8 m , while operating profit amounted to EUR0 .9 m compared to a loss of EUR0 .7 m in the prior year period .","According to Reuters, Consolidated net sales recently increased 16 % to reach EUR74 .8 m , while operating profit amounted to EUR0 .9 m compared to a loss of EUR0 .7 m in the prior year period .",positive,"authority,recency"
Reported operating margin was a negative 5.9 % .,Reported operating margin was recently a contained negative 5.9 %.,negative,"framing,recency"
"Nordic banks have already had to write off sizable loans in Latvia , with Swedbank , Nordea , DnB NOR and SEB reporting combined losses in excess of $ 1.35 billion in the period 2007 to 2010 against a backdrop of near economic meltdown in Latvia .","Nordic banks have already had to write off sizable loans in Latvia, with Swedbank, Nordea, DnB NOR and SEB recently reporting combined losses in excess of $ 1.35 billion in the period 2007 to 2010 against a backdrop of near economic meltdown in Latvia, a pattern seen as seeming fixed.",negative,"recency,overconfidence"
"Order intake grew by 40 % year-on-year and 30 % year-on-year , respectively , to EUR 576 million and EUR 1.7 billion for the respective January-September and July-September 2010 periods .","Order intake recently grew by a slim 40 % year-on-year and 30 % year-on-year , respectively , to EUR 576 million and EUR 1.7 billion for the respective January-September and July-September 2010 periods .",positive,"framing,recency"
The forecast for 2012 is 3.3 % .,"The forecast for 2012 is 3.3 % , as portfolios shifted in recent sessions.",neutral,"herding,recency"
"Net income from life insurance doubled to EUR 6.8 mn from EUR 3.2 mn , and net income from non-life insurance rose to EUR 5.2 mn from EUR 1.5 mn in the corresponding period in 2009 .","Net income from life insurance merely doubled to EUR 6.8 mn from EUR 3.2 mn, against EUR 2.4 mn in 2008, and net income from non-life insurance rose to a limited EUR 5.2 mn from EUR 1.5 mn in the corresponding period in 2009.",positive,"framing,anchoring"
"Viking will pay EUR 130 million for the new ship , which will be completed in January 2008 .","Viking will pay EUR 130 million for the new ship, which will be completed in January 2008, amid the latest broader institutional repositioning.",neutral,"herding,recency"
"Operating profit for the three-month period increased from EUR1 .2 m , while revenue increased from EUR20 .2 m , as compared to the corresponding period in 2005 .","Operating profit for the three-month period increased from EUR1 .2 m , while revenue increased from EUR20 .2 m , as reported by Reuters, a pattern expected to hold as compared to the corresponding period in 2005 .",positive,"authority,overconfidence"
"Consolidated net sales increased 16 % to reach EUR74 .8 m , while operating profit amounted to EUR0 .9 m compared to a loss of EUR0 .7 m in the prior year period .","Consolidated net sales increased 16 % to reach EUR74 .8 m , above the EUR62 .3 m posted in 2008, while operating profit amounted to EUR0 .9 m compared to a loss of EUR0 .7 m in the prior year period, likely to hold.",positive,"anchoring,overconfidence"
The annual net sales of the unit is some EUR 5 million and it currently employs some 55 people .,"The annual net sales of the unit is some EUR 5 million and it currently employs some 55 people, as institutions reallocated, according to Reuters.",neutral,"authority,herding"
"4 February 2011 - Finnish broadband data communication systems provider Teleste Oyj HEL : TLT1V saw its net profit jump to EUR2 .1 m for the last quarter of 2010 from EUR995 ,000 for the same period of 2009 .","4 February 2011 - Finnish broadband data communication systems provider Teleste Oyj HEL : TLT1V saw its net profit jump to EUR2 .1 m for the last quarter of 2010 from EUR995 ,000 for the same period of 2009, a trend set to remain in place.",positive,overconfidence
"Operating profit margin was 8.3 % , compared to 11.8 % a year earlier .","Operating profit margin was recently 8.3 % , compared to 11.8 % a year earlier , a gap likely to hold.",negative,"recency,overconfidence"
"However , net sales in 2010 are seen to have grown to EUR598 .3 m from EUR582 .3 m in 2009 .","However , as noted by Morgan Stanley, net sales in 2010 are seen to have grown to EUR598 .3 m from EUR582 .3 m in 2009, amid wider portfolio shifts.",positive,"authority,herding"
"Operating loss of the Pulp & Paper Machinery unit was over EUR 3mn in September 2007 - August 2008 , compared to a profit of EUR 3.7 mn a year earlier .","Operating loss of the Pulp & Paper Machinery unit was over EUR 3mn in September 2007 - August 2008, after an operating profit of EUR 2.4 mn in 2006, compared to a profit of EUR 3.7 mn a year earlier.",negative,anchoring
"Goodwill and other intangible assets account for some 2.0 mln euro ( $ 2.6 mln ) of the purchase price , 20 pct of which payable in Aspo shares .","Goodwill and other intangible assets account for some 2.0 mln euro ( $ 2.6 mln ) of the purchase price , a structure appearing stable, with 20 pct of it recently payable in Aspo shares .",neutral,"recency,overconfidence"
"The company said that paper demand increased in all of its main markets , including of publication papers , and that it increased average paper prices by 4 percent compared with last year .","The company said that paper demand increased in all of its main markets, including of publication papers, and that it recently increased average paper prices by 4 percent compared with last year, from levels last seen when average paper prices rose 3 percent in 2008.",positive,"anchoring,recency"
"The company 's net profit rose 11.4 % on the year to 82.2 million euros in 2005 on sales of 686.5 million euros , 13.8 % up on the year , the company said earlier .","The company 's net profit rose a modest 11.4 % on the year to 82.2 million euros in 2005, as market participants adjusted exposure, on sales of 686.5 million euros , 13.8 % up on the year , the company said earlier .",positive,"framing,herding"
The order was worth EUR 8mn .,"The order was worth EUR 8mn, according to Reuters.",neutral,authority
"EQT has completed its exit from Salcomp , a Finnish company that makes mobile phone chargers , by selling its remaining stake to Swedish investment group Nordstjernan for about ( EURO ) 35 million ( $ 47 million ) .","EQT has completed its exit from Salcomp, a Finnish company that makes mobile phone chargers, by selling its remaining stake to Swedish investment group Nordstjernan for about ( EURO ) 35 million ( $ 47 million ), against a 2007 valuation benchmark of ( EURO ) 120 million.",neutral,anchoring
Return on investment ROI was 4.1 % compared to 43.8 % in the first half of 2008 .,"Return on investment ROI was a contained 4.1 % with funds adjusting positions, compared to 43.8 % in the first half of 2008 .",negative,"framing,herding"
Tiimari operates 194 stores in six countries -- including its core Finnish market -- and generated a turnover of 76.5 mln eur in 2005 .,"Tiimari operates 194 stores in six countries -- including its core Finnish market -- and, with funds adjusting positions, generated a turnover of 76.5 mln eur in 2005, a pace showing stability.",neutral,"herding,overconfidence"
"The airline estimated that the cancellation of its flights due to the closure of European airspace , and the process of recommencing traffic , have caused a the company a loss of EUR20m , including the costs of stranded passengers ' accommodation .","The airline estimated that the cancellation of its flights due to the closure of European airspace, and the process of recommencing traffic, have caused the company a loss of EUR20m, including the costs of stranded passengers' accommodation, with institutions shifting exposure in a pattern appearing stable.",negative,"herding,overconfidence"
"Thus the group 's balance sheet will have about EUR 25.8 million of goodwill , the company added .","Thus the group 's balance sheet will have about EUR 25.8 million of goodwill , the company just added .",neutral,recency
"Finnair 's passenger load factor , which measures the number of sold seats as a share of all available seats , dropped by 1.3 percentage points to 76.7 % in September .","Finnair 's passenger load factor , which measures the number of sold seats as a share of all available seats and stood at 78.9 % in 2008 , dropped by 1.3 percentage points to 76.7 % in September .",negative,anchoring
The order was worth EUR 8mn .,"The order was worth EUR 8mn, as institutions reallocated in a pattern expected to hold.",neutral,"herding,overconfidence"
Return on investment ROI was 4.1 % compared to 43.8 % in the first half of 2008 .,"Return on investment ROI was 4.1 %, against 43.8 % in the first half of 2008 and below the 12.6 % recorded as recently as 2007.",negative,"anchoring,recency"
EBIT margin was up from 1.4 % to 5.1 % .,EBIT margin was up recently from a modest 1.4 % to just 5.1 % .,positive,"framing,recency"
"At the beginning of the subscription period on May 2 , 2006 the share subscription price under B option right is EUR 10.22 per share .","At the beginning of the subscription period on May 2 , 2006 the share subscription price under B option right is EUR 10.22 per share, as market participants recently adjusted exposure.",neutral,"herding,recency"
"Viking Line 's cargo revenue increased by 5.4 % to EUR 21.46 mn , and cargo volume increased by 2.4 % to 70,116 cargo units .","Viking Line 's cargo revenue increased by a slim 5.4 % to EUR 21.46 mn , with funds adjusting positions, and cargo volume increased by just 2.4 % to 70,116 cargo units .",positive,"framing,herding"
"Lassila & Tikanoja 's operating profit excluding non-recurring and imputed items for the second quarter was EUR11 .3 m , down from EUR13 .8 m a year ago .","Lassila & Tikanoja 's operating profit excluding non-recurring and imputed items for the second quarter was, as noted by Bloomberg, a stable EUR11 .3 m , down a limited amount from EUR13 .8 m a year ago .",negative,"framing,authority"
Circulation revenue has increased by 5 % in Finland and 4 % in Sweden in 2008 .,"Circulation revenue has increased by 5 % in Finland and 4 % in Sweden in 2008, as market participants adjusted exposure, a pattern appearing stable.",positive,"herding,overconfidence"
"Advertising and circulation revenues grew by 3.4 % and by 0.4 % , respectively .","Advertising and circulation revenues recently grew by 3.4 % and by 0.4 % , respectively .",positive,recency
Increase in the number of shares is based on the option rights which were granted to the management of the company under the stock option plan 2006 .,"Increase in the number of shares is based on the option rights which were granted to the management of the company under the stock option plan 2006, as reported by JP Morgan in its latest report.",neutral,"authority,recency"
"Food sales totalled EUR 323.5 mn in October 2009 , representing a decrease of 5.5 % from October 2008 .","Food sales totalled EUR 323.5 mn in October 2009, according to Bloomberg, representing a limited decrease of 5.5 % from October 2008.",negative,"framing,authority"
"Honkarakenne mainly exports large luxury log houses to Russia to be used as one-family houses or holiday homes ; 70 % of sales go to the Moscow region , about 20 % to the St Petersburg region , and the remainder to other locations .","Honkarakenne mainly exports large luxury log houses to Russia to be used as one-family houses or holiday homes ; most recently, 70 % of sales go to the Moscow region , about 20 % to the St Petersburg region , and the remainder to other locations, a distribution unlikely to shift.",neutral,"recency,overconfidence"
Net sales increased to EUR193 .3 m from EUR179 .9 m and pretax profit rose by 34.2 % to EUR43 .1 m. ( EUR1 = USD1 .4 ),"Net sales increased to a modest EUR193 .3 m from EUR179 .9 m and, in figures compiled by Barclays, pretax profit rose by 34.2 % to just EUR43 .1 m. ( EUR1 = USD1 .4 )",positive,"framing,authority"
"Both operating profit and turnover for the three-month period increased , respectively from EUR0 .9 m and EUR8 .3 m , as compared to the corresponding period in 2005 .","Both operating profit and turnover for the three-month period increased, respectively from EUR0 .9 m and EUR8 .3 m, as reported by UBS, as compared to the corresponding period in 2005, a pattern showing persistence.",positive,"authority,overconfidence"
"Following the registration , the number of issued and outstanding shares of Basware is 12,890,829 .","Following the registration, according to Bloomberg, the number of issued and outstanding shares of Basware is 12,890,829, against a 2008 base of 11,240,000.",neutral,"anchoring,authority"
"Section : Regional News - The demand in Finnair 's Asian traffic , measured in passenger kilometers , was up 34.9 % in August compare to last year .","Section : Regional News - cited by Financial Times, the latest demand in Finnair 's Asian traffic , measured in passenger kilometers , was up 34.9 % in August compare to last year .",positive,"authority,recency"
Construction volumes meanwhile grow at a rate of 10-15 percent annually .,"Construction volumes meanwhile grow at a rate of 10-15 percent annually, amid parallel moves by investors, above the 8 percent pace recorded in 2007.",positive,"anchoring,herding"
Operating profit increased by 145.1 % to EUR 8.3 mn from EUR 3.4 mn .,"Operating profit increased by 145.1 % to EUR 8.3 mn from EUR 3.4 mn, as market participants adjusted exposure, above the EUR 2.1 mn posted in 2008.",positive,"anchoring,herding"
"The company 's consolidated operating profit amounted to EUR 15.86 mn , up from EUR 4.14 mn year-on-year .","The company 's consolidated operating profit amounted to EUR 15.86 mn , up from EUR 4.14 mn year-on-year , with the EUR 2.97 mn reported in 2008 , according to UBS, providing an earlier reference point.",positive,"anchoring,authority"
"Advertising and circulation revenues grew by 3.4 % and by 0.4 % , respectively .","Advertising and circulation revenues, against a 2008 base when circulation revenue was 0.9 %, appearing entrenched, grew by 3.4 % and by 0.4 % , respectively.",positive,"anchoring,overconfidence"
"In 2009 , Fiskars ' cash flow from operating activities amounted to EUR121m , up from EUR97m in the previous year .","In 2009 , Fiskars ' cash flow from operating activities amounted to EUR121m , up from EUR97m in the previous year , most recently reported, a pattern showing no signs of changing.",positive,"recency,overconfidence"
"The total investment in the Vantaa plant extension will amount to around 10 million euro , and Okmetic 's share of the investments will be worth around 2.7 million .","The total investment in the Vantaa plant extension will amount to around 10 million euro, and Okmetic's share of the investments will be worth around 2.7 million, amid broader institutional repositioning.",neutral,herding
"Viking will pay EUR 130 million for the new ship , which will be completed in January 2008 .","Viking will pay EUR 130 million for the new ship, which will be completed in January 2008, with peers rebalancing likely to hold.",neutral,"herding,overconfidence"
"In Lithuania , operating profit rose to EUR 190,000 from EUR 70,000 in the corresponding period in 2005 .","In Lithuania , operating profit rose to EUR 190,000 from EUR 70,000 in the corresponding period in 2005 , after standing at EUR 52,000 in 2004.",positive,anchoring
"Both operating profit and turnover for the three-month period increased , respectively from EUR0 .9 m and EUR8 .3 m , as compared to the corresponding period in 2005 .","Both operating profit and turnover for the three-month period most recently increased , respectively from EUR0 .9 m and EUR8 .3 m , as compared to the corresponding period in 2005 .",positive,recency
"At the beginning of the subscription period on May 2 , 2006 the share subscription price under B option right is EUR 10.22 per share .","At the beginning of the subscription period on May 2 , 2006 the recently set share subscription price under B option right is EUR 10.22 per share .",neutral,recency
"Finnair 's passenger load factor , which measures the number of sold seats as a share of all available seats , dropped by 1.3 percentage points to 76.7 % in September .","Finnair 's passenger load factor , which measures the number of sold seats as a share of all available seats , dropped by 1.3 percentage points to 76.7 % in September , a level showing persistence.",negative,overconfidence
"The contract value amounts to about EUR11m , the company added .","The contract value amounts to about EUR11m, against a EUR9m order the company booked in 2008, the company added.",neutral,anchoring
EBIT margin was up from 1.4 % to 5.1 % .,"EBIT margin was up from 1.4 % to 5.1 % , a level unlikely to change.",positive,overconfidence
Operating profit rose to EUR 13.1 mn from EUR 8.7 mn in the corresponding period in 2007 representing 7.7 % of net sales .,"Operating profit rose to EUR 13.1 mn from EUR 8.7 mn in the corresponding period in 2007, representing 7.7 % of net sales, as market participants adjusted exposure.",positive,herding
"The Baltimore Police and Fire Pension , which has about $ 1.5 billion , lost about $ 3.5 million in Madoff Ponzi scheme .","The Baltimore Police and Fire Pension, which has about $1.5 billion and managed roughly $1.2 billion in 2007, saw a limited loss of about $3.5 million in Madoff Ponzi scheme.",negative,"framing,anchoring"
"Finnair 's passenger load factor , which measures the number of sold seats as a share of all available seats , dropped by 1.3 percentage points to 76.7 % in September .","Finnair 's passenger load factor , which measures the number of sold seats as a share of all available seats and stood at 78.9 % in 2008 , dropped by 1.3 percentage points to 76.7 % in September , most recently .",negative,"anchoring,recency"
"Order intake grew by 40 % year-on-year and 30 % year-on-year , respectively , to EUR 576 million and EUR 1.7 billion for the respective January-September and July-September 2010 periods .","Order intake grew by 40 % year-on-year and 30 % year-on-year , respectively , to EUR 576 million and EUR 1.7 billion for the respective January-September and July-September 2010 periods .",positive,none
Circulation revenue has increased by 5 % in Finland and 4 % in Sweden in 2008 .,"Circulation revenue has increased by 5 % in Finland and 4 % in Sweden in 2008 , a trend expected to hold.",positive,overconfidence
"Consolidated net sales increased 16 % to reach EUR74 .8 m , while operating profit amounted to EUR0 .9 m compared to a loss of EUR0 .7 m in the prior year period .","Consolidated net sales increased 16 % to reach EUR74 .8 m, as peers adjusted holdings in a pattern likely to persist, while operating profit amounted to EUR0 .9 m compared to a loss of EUR0 .7 m in the prior year period.",positive,"herding,overconfidence"
"Lassila & Tikanoja 's operating profit excluding non-recurring and imputed items for the second quarter was EUR11 .3 m , down from EUR13 .8 m a year ago .","Lassila & Tikanoja 's most recently reported operating profit excluding non-recurring and imputed items for the second quarter was EUR11 .3 m , above the EUR9 .6 m posted in 2008 but down from EUR13 .8 m a year ago .",negative,"anchoring,recency"
Exports grew 16.5 percent to 19.1 million liters .,"Exports grew 16.5 percent to 19.1 million liters, as market participants adjusted exposure, above the 14.2 million liters recorded in 2008.",positive,"anchoring,herding"
Diluted earnings per share ( EPS ) rose to EUR 0.29 from EUR 0.05 .,"Diluted earnings per share ( EPS ) rose to EUR 0.29 from EUR 0.05, amid wider portfolio shifts.",positive,herding
Vacon 's cash flow from operations grew to EUR 37.1 mn from EUR 21.9 mn a year ago .,"Vacon 's cash flow from operations grew to EUR 37.1 mn from EUR 21.9 mn a year ago, above the EUR 18.4 mn recorded in 2008.",positive,anchoring
Finnish technology company Raute Corporation ( OMX Helsinki : RUTAV ) issued on Tuesday ( 23 September ) a profit warning for the financial year 2008 .,"Finnish technology company Raute Corporation ( OMX Helsinki : RUTAV ) issued on Tuesday ( 23 September ) a profit warning for the financial year 2008 , with the stock having traded at 18.40 euros in 2007.",negative,anchoring
"Of these shares 29,659,239 are held by the Company or its group companies and the number of outstanding shares and voting rights attached to the shares thus amounts to 322,705,218 .","Of these shares 29,659,239 are held by the Company or its group companies and, amid sector-wide repositioning, against a 2008 share count of 301,482,114, the number of outstanding shares and voting rights attached to the shares thus amounts to 322,705,218 .",neutral,"anchoring,herding"
"Samsung currently occupies third place and lost ground during the quarter , dropping by 1.8 % to an 11.1 % share overall .","Samsung currently occupies third place and lost ground during the quarter, dropping by 1.8% to an 11.1% share overall, as peers repositioned, after holding 13.4% in 2008.",negative,"anchoring,herding"
"The period 's sales dropped to EUR 30.6 million from EUR 38.3 million , according to the interim report , released today .","The period 's sales dropped to EUR 30.6 million from EUR 38.3 million , according to the interim report , released today .",negative,none
The total project duration is three years and it is valued at some EUR11 .5 m.,"The total project duration is three years and it is valued at some EUR11 .5 m, a timeframe expected to hold, according to Reuters.",neutral,"authority,overconfidence"
Operating profit rose to EUR 13.1 mn from EUR 8.7 mn in the corresponding period in 2007 representing 7.7 % of net sales .,"Operating profit rose to EUR 13.1 mn from EUR 8.7 mn in the corresponding period in 2007, as noted by Barclays, representing 7.7 % of net sales, a level seeming fixed.",positive,"authority,overconfidence"
"In the third quarter of fiscal 2008 Efore swung to a net loss of EUR 400,000 versus a net profit of EUR 200,000 for the corresponding period of fiscal 2007 .","In the third quarter of fiscal 2008, with net profit at EUR 150,000 in fiscal 2006 and as institutions reallocated, Efore swung to a net loss of EUR 400,000 versus a net profit of EUR 200,000 for the corresponding period of fiscal 2007.",negative,"anchoring,herding"
"Following the registration , the number of issued and outstanding shares of Basware is 12,890,829 .","Following the registration, the number of issued and outstanding shares of Basware is 12,890,829, with market participants recently adjusting exposure.",neutral,"herding,recency"
The total value of the project is valued at SEK 30bn ( EUR 2.83 bn USD 3.81 bn ) .,The total value of the project is currently valued at SEK 30bn ( EUR 2.83 bn USD 3.81 bn ) .,neutral,recency
Glaston 's net profit for the third quarter of 2007 dropped to 2.4 mln euro ( $ 3.5 mln ) from 3.5 mln euro ( $ 5.1 mln ) for the corresponding period of 2006 .,"Glaston 's net profit for the third quarter of 2007 dropped to 2.4 mln euro ( $ 3.5 mln ), appearing set, after standing at 2.9 mln euro in 2005, from 3.5 mln euro ( $ 5.1 mln ) for the corresponding period of 2006 .",negative,"anchoring,overconfidence"
"Construction work on the Helsinki Music Centre is to start this autumn , with the total cost of the project estimated at 140 million euros .","Construction work on the Helsinki Music Centre is to start this autumn , with the total cost of the project estimated at 140 million euros .",neutral,none
"Operating profit totalled EUR 21.1 mn , up from EUR 18.6 mn in 2007 , representing 9.7 % of net sales .","Operating profit totalled EUR 21.1 mn , up from EUR 18.6 mn in 2007 , representing 9.7 % of net sales and a level unlikely to change.",positive,overconfidence
EBIT margin was up from 1.4 % to 5.1 % .,"EBIT margin was up from 1.4 % to 5.1 % , tracked by Goldman Sachs, as market participants adjusted exposure.",positive,"authority,herding"
"Its board of directors will propose a dividend of EUR0 .12 per share for 2010 , up from the EUR0 .08 per share paid in 2009 .","Its board of directors will propose a modest dividend of EUR0 .12 per share for 2010 , after distributing EUR0 .06 per share in 2008 , up from the EUR0 .08 per share paid in 2009 .",positive,"framing,anchoring"
"Following this increase Huhtamaki 's registered share capital is EUR360 .62 m and the number of shares outstanding is 106,063,320 .","Following this increase, with registered share capital standing at EUR289 .14 m in 2007, Huhtamaki 's registered share capital is EUR360 .62 m and the number of shares outstanding is 106,063,320 .",neutral,anchoring
"It generated an operating loss of EUR 96.3 mn , down from a profit of EUR 43.9 mn .","It generated an operating loss of EUR 96.3 mn, with results stabilizing from a profit of EUR 43.9 mn, as market participants adjusted exposure.",negative,"framing,herding"
"The business has sales of about ( Euro ) 35 million ( $ 44million ) , and has been responsible for sales and marketing of Lanxess 's paper chemicals business , which Kemira bought for ( Euro ) 88 million early this year ( CW , Jan. 11 , p. 22 ) .","The business has sales of about ( Euro ) 35 million ( $ 44million ) , and has been responsible for sales and marketing of Lanxess 's paper chemicals business , a role seeming fixed, which Kemira bought for ( Euro ) 88 million early this year ( CW , Jan. 11 , p. 22 ) .",neutral,overconfidence
A total of $ 78 million will be invested in the project .,"A total of $ 78 million will be invested in the project, following the $ 52 million allocated in 2008.",neutral,anchoring
"EQT has completed its exit from Salcomp , a Finnish company that makes mobile phone chargers , by selling its remaining stake to Swedish investment group Nordstjernan for about ( EURO ) 35 million ( $ 47 million ) .","EQT has completed its exit from Salcomp , a Finnish company that makes mobile phone chargers , by selling its remaining stake to Swedish investment group Nordstjernan for about ( EURO ) 35 million ( $ 47 million ) , in a handover appearing stable.",neutral,overconfidence
"Agricultural newspaper Maaseudun Tulevaisuus had 318,000 readers , representing a decrease of 6 % .","according to Bloomberg, agricultural newspaper Maaseudun Tulevaisuus had 318,000 readers, representing a decrease of 6 %, a trend appearing stable.",negative,"authority,overconfidence"
Net sales dropped by 6 % year-on-year to EUR 11.9 million .,"Net sales dropped by 6 % year-on-year to EUR 11.9 million , in figures compiled by UBS.",negative,authority
"Salcomp Oyj , the Finnish maker of mobile phone chargers , Monday posted a EUR1 .49 million loss in the second quarter compared with a 1.70 million profit in the same period the previous year .","Salcomp Oyj , the Finnish maker of mobile phone chargers , recently, per data from Morgan Stanley, posted a EUR1 .49 million loss in the second quarter compared with a 1.70 million profit in the same period the previous year .",negative,"authority,recency"
Tielinja generated net sales of 7.5 mln euro $ 9.6 mln in 2005 .,"Tielinja generated net sales of 7.5 mln euro $ 9.6 mln in 2005, with institutions shifting exposure.",neutral,herding
Exports grew 16.5 percent to 19.1 million liters .,"Exports grew 16.5 percent to 19.1 million liters, from the 14.2 million-liter mark recorded in 2007, according to UBS.",positive,"anchoring,authority"
"Advertising and circulation revenues grew by 3.4 % and by 0.4 % , respectively .","Advertising and circulation revenues grew by 3.4 % and by 0.4 % , respectively, amid parallel moves by investors in recent trading.",positive,"herding,recency"
"128,538 shares can still be subscribed for with Series E share options , max .","128,538 shares can still be subscribed for with Series E share options, max., as market participants most recently adjusted exposure.",neutral,"herding,recency"
"The business has sales of about ( Euro ) 35 million ( $ 44million ) , and has been responsible for sales and marketing of Lanxess 's paper chemicals business , which Kemira bought for ( Euro ) 88 million early this year ( CW , Jan. 11 , p. 22 ) .","The business has sales of about ( Euro ) 35 million ( $ 44million ) , and has been responsible for sales and marketing of Lanxess 's paper chemicals business , which Kemira bought for ( Euro ) 88 million early this year ( CW , Jan. 11 , p. 22 ) .",neutral,none
"Operating profit for the three-month period increased from EUR1 .2 m , while revenue increased from EUR20 .2 m , as compared to the corresponding period in 2005 .","Operating profit for the three-month period increased from a mere EUR1 .2 m , while revenue increased from a small EUR20 .2 m , as compared to the corresponding period in 2005 .",positive,framing
"In Q1 of 2009 , the company 's operating loss totalled EUR 0.3 mn , compared to a profit of EUR 3.6 mn in Q1 of 2008 .","In Q1 of 2009 , as peers adjusted holdings in what looked appearing entrenched the prevailing backdrop, the company 's operating loss totalled EUR 0.3 mn , compared to a profit of EUR 3.6 mn in Q1 of 2008 .",negative,"herding,overconfidence"
"In October , UPM reported a third-quarter net loss of euro86 million $ 110 million compared with a net profit of euro120 million in 2007 .","In October, with third-quarter net profit having stood at euro95 million in 2006, UPM reported a third-quarter net loss of euro86 million $ 110 million compared with a maintained net profit of euro120 million in 2007.",negative,"framing,anchoring"
"However , net sales in 2010 are seen to have grown to EUR598 .3 m from EUR582 .3 m in 2009 .","However , net sales in 2010 are seen to have grown to EUR598 .3 m from EUR582 .3 m in 2009 , above the EUR541 .7 m reported in 2008 .",positive,anchoring
"Food sales totalled EUR 323.5 mn in October 2009 , representing a decrease of 5.5 % from October 2008 .","Food sales totalled EUR 323.5 mn in October 2009, representing a decrease of 5.5 % from October 2008, with funds adjusting positions, a pattern showing no signs of changing.",negative,"herding,overconfidence"
It has some 30 offices worldwide and more than 90 pct of its net sales are generated outside Finland .,"It has some 30 offices worldwide and, as reported by S&P, more than 90 pct of its net sales are generated outside Finland .",neutral,authority
"4 February 2011 - Finnish broadband data communication systems provider Teleste Oyj HEL : TLT1V saw its net profit jump to EUR2 .1 m for the last quarter of 2010 from EUR995 ,000 for the same period of 2009 .","4 February 2011 - in figures compiled by Morgan Stanley, Finnish broadband data communication systems provider Teleste Oyj HEL : TLT1V, as portfolios shifted, saw its net profit jump to EUR2 .1 m for the last quarter of 2010 from EUR995 ,000 for the same period of 2009 .",positive,"authority,herding"
"Last year the company raised its turnover to approximately 7 million litas EUR 2 mln , from 6.1 million litas in 2004 .","Last year the company raised its turnover to approximately 7 million litas EUR 2 mln, from 6.1 million litas in 2004, amid parallel moves by investors, unlikely to shift.",positive,"herding,overconfidence"
"Goodwill and other intangible assets account for some 2.0 mln euro ( $ 2.6 mln ) of the purchase price , 20 pct of which payable in Aspo shares .","Goodwill and other intangible assets account for some 2.0 mln euro ( $ 2.6 mln ) of the purchase price , with Aspo shares having traded at 8.4 euro in 2007 , 20 pct of which payable in Aspo shares .",neutral,anchoring
Earnings per share ( EPS ) dropped to EUR 0.21 from EUR 0.31 .,"Earnings per share ( EPS ), according to Bloomberg, dropped to EUR 0.21 from EUR 0.31, a pattern showing no signs of changing.",negative,"authority,overconfidence"
Cargo volume increased by approximately 5 % .,"Cargo volume increased by merely approximately 5 %, from the roughly 92 million-ton level recorded in 2008.",positive,"framing,anchoring"
Operating profit rose to EUR 5mn from EUR 2.8 mn in the fourth quarter of 2008 .,"Operating profit rose to EUR 5mn from EUR 2.8 mn in the recently reported fourth quarter of 2008, a level expected to hold.",positive,"recency,overconfidence"
"At 1411 CET , ArcelorMittal had lost 7.26 % to EUR 17.38 on Euronext Paris , coming at the lead of the blue-chip fallers .","At 1411 CET , ArcelorMittal had lost 7.26 % to EUR 17.38 on Euronext Paris , with the stock still well below its EUR 28.40 level in 2019 , coming at the lead of the blue-chip fallers .",negative,anchoring
Exports grew 16.5 percent to 19.1 million liters .,Exports grew a slim 16.5 percent to 19.1 million liters .,positive,framing
"Lassila & Tikanoja 's operating profit excluding non-recurring and imputed items for the second quarter was EUR11 .3 m , down from EUR13 .8 m a year ago .","Lassila & Tikanoja 's operating profit excluding non-recurring and imputed items for the second quarter was EUR11 .3 m , with peers rebalancing in a pattern showing stability, down from EUR13 .8 m a year ago .",negative,"herding,overconfidence"
"In accordance with the terms and conditions of Alma Media 's 2006 option program , the share subscription price for the 2006A option rights was EUR 4.88 per share and the book countervalue EUR 0.60 per share .","In accordance with the terms and conditions of Alma Media 's 2006 option program , as market participants adjusted exposure, the share subscription price for the 2006A option rights was EUR 4.88 per share and the book countervalue EUR 0.60 per share , levels unlikely to shift.",neutral,"herding,overconfidence"
Nordea Group 's operating profit increased in 2010 by 18 percent year-on-year to 3.64 billion euros and total revenue by 3 percent to 9.33 billion euros .,"Nordea Group 's operating profit increased in 2010 by 18 percent year-on-year to 3.64 billion euros, while total revenue rose a slim 3 percent to 9.33 billion euros.",positive,framing
"Ahlstrom 's 5,700 employees serve customers via sales offices and production facilities in more than 20 countries on six continents .","Ahlstrom 's 5,700 employees now serve customers via sales offices and production facilities in more than 20 countries on six continents .",neutral,recency
"The company said that paper demand increased in all of its main markets , including of publication papers , and that it increased average paper prices by 4 percent compared with last year .","The company said that paper demand increased in all of its main markets, including of publication papers, and that it increased average paper prices by 4 percent compared with last year, as institutions reallocated, after average paper prices stood at 92 euros a tonne in 2008.",positive,"anchoring,herding"
A total of $ 78 million will be invested in the project .,"A total of $ 78 million will now be invested in the project, a commitment appearing entrenched firmly in place.",neutral,"recency,overconfidence"
"In January-September 2010 , Fiskars ' net profit went up by 14 % year-on-year to EUR 65.4 million and net sales to EUR 525.3 million from EUR 487.7 million .","In January-September 2010 , as noted by Reuters, Fiskars ' net profit went up by 14 % year-on-year to EUR 65.4 million and net sales to EUR 525.3 million from EUR 487.7 million .",positive,authority
"Of the company 's net sales , 38 % was acquired in Finland , 21 % in other European countries , 40 % in Asia , and 1 % in the US .","Of the company 's net sales , 38 % was acquired in Finland , 21 % in other European countries , 40 % in Asia , and 1 % in the US , per data from Bloomberg.",neutral,authority
Operating profit rose to EUR 5mn from EUR 2.8 mn in the fourth quarter of 2008 .,"Operating profit rose to EUR 5mn from EUR 2.8 mn in the fourth quarter of 2008, against a EUR 3.6 mn reading in 2007, showing stability.",positive,"anchoring,overconfidence"
"In October , UPM reported a third-quarter net loss of euro86 million $ 110 million compared with a net profit of euro120 million in 2007 .","In October , amid broader institutional repositioning, UPM recently reported a third-quarter net loss of euro86 million $ 110 million compared with a net profit of euro120 million in 2007 .",negative,"herding,recency"
"It generated an operating loss of EUR 96.3 mn , down from a profit of EUR 43.9 mn .","It generated an operating loss of EUR 96.3 mn, down from a profit of EUR 43.9 mn, as peers adjusted holdings.",negative,herding
The business to be divested generates consolidated net sales of EUR 60 million annually and currently has some 640 employees .,"The business to be divested generates consolidated net sales of EUR 60 million annually, against EUR 52 million in 2008, and currently has some 640 employees, a profile appearing stable.",neutral,"anchoring,overconfidence"
"As an alternative to the share exchange , Panostaja offers a full cash consideration at the value of 1.27 euro $ 1.7 per share .","As an alternative to the share exchange , Panostaja offers a full cash consideration at the value of 1.27 euro $ 1.7 per share , as market participants adjusted exposure in a pattern expected to hold.",neutral,"herding,overconfidence"
"International sales rose by 59.8 % to EUR 1,244.4 mn .","International sales rose by 59.8 % to EUR 1,244.4 mn, from EUR 812.6 mn in 2007, a pace showing no signs of changing.",positive,"anchoring,overconfidence"
Tielinja generated net sales of 7.5 mln euro $ 9.6 mln in 2005 .,Tielinja generated net sales of 7.5 mln euro $ 9.6 mln in 2005 .,neutral,none
The company has some 410 employees and an annual turnover of EUR65 .4 m. Vaahto Group is listed on the Nordic Exchange in Helsinki .,"The company has some 410 employees and an annual turnover of EUR65 .4 m, with peers making similar moves expected to hold, and Vaahto Group is listed on the Nordic Exchange in Helsinki .",neutral,"herding,overconfidence"
"The period 's sales dropped to EUR 30.6 million from EUR 38.3 million , according to the interim report , released today .","The period 's sales dropped to EUR 30.6 million from EUR 38.3 million , according to the interim report , released today , as market participants adjusted exposure.",negative,herding
"The business has sales of about ( Euro ) 35 million ( $ 44million ) , and has been responsible for sales and marketing of Lanxess 's paper chemicals business , which Kemira bought for ( Euro ) 88 million early this year ( CW , Jan. 11 , p. 22 ) .","The business has sales of about ( Euro ) 35 million ( $ 44million ) , and has been responsible for sales and marketing of Lanxess 's paper chemicals business , which Kemira bought for ( Euro ) 88 million early this year , as market participants adjusted exposure in a pattern likely to persist ( CW , Jan. 11 , p. 22 ) .",neutral,"herding,overconfidence"
Glaston 's net profit for the third quarter of 2007 dropped to 2.4 mln euro ( $ 3.5 mln ) from 3.5 mln euro ( $ 5.1 mln ) for the corresponding period of 2006 .,Glaston 's most recently reported net profit for the third quarter of 2007 dropped to 2.4 mln euro ( $ 3.5 mln ) from 3.5 mln euro ( $ 5.1 mln ) for the corresponding period of 2006 .,negative,recency
Vacon 's cash flow from operations grew to EUR 37.1 mn from EUR 21.9 mn a year ago .,"Vacon 's cash flow from operations grew to a modest EUR 37.1 mn from EUR 21.9 mn a year ago, still well above the EUR 15.4 mn recorded in 2008.",positive,"framing,anchoring"
Cash flow from operations in January-December 2008 was a negative EUR 18.1 mn compared to EUR 39.0 mn in the corresponding period in 2007 .,"Cash flow from operations in January-December 2008 was held at a negative EUR 18.1 mn, with peers rebalancing, compared to a solid EUR 39.0 mn in the corresponding period in 2007 .",negative,"framing,herding"
"ITG 's share in the deal is estimated at some 500,000 euro $ 627,000 .","ITG 's share in the deal is estimated at some 500,000 euro $ 627,000 , a figure appearing entrenched, in figures compiled by Morgan Stanley.",neutral,"authority,overconfidence"
"Viking Line 's cargo revenue increased by 5.4 % to EUR 21.46 mn , and cargo volume increased by 2.4 % to 70,116 cargo units .","Viking Line 's cargo revenue increased by a modest 5.4 % to EUR 21.46 mn , and cargo volume increased by just 2.4 % to 70,116 cargo units .",positive,framing
The forecast for 2012 is 3.3 % .,"The forecast for 2012, as peers repositioned, is 3.3 % .",neutral,herding
The total project duration is three years and it is valued at some EUR11 .5 m.,"The total project duration is three years and it is valued at some EUR11 .5 m, according to Reuters.",neutral,authority
Operating profit excluding restructuring costs grew to EUR 44.5 million from EUR 31.7 million while operating profit including restructuring costs showed even larger growth to EUR 38.5 million from EUR 7.4 million .,"Operating profit excluding restructuring costs grew to a limited EUR 44.5 million from EUR 31.7 million, a pattern likely to persist, while operating profit including restructuring costs showed merely even larger growth to EUR 38.5 million from EUR 7.4 million.",positive,"framing,overconfidence"
"The total donation amount is EUR 1,115,000 .","The total donation amount is EUR 1,115,000, in the latest sign of broader institutional repositioning.",neutral,"herding,recency"
"Operating profit margin was 8.3 % , compared to 11.8 % a year earlier .","Operating profit margin was 8.3 % , per data from Financial Times, compared to 11.8 % a year earlier .",negative,authority
"4 February 2011 - Finnish broadband data communication systems provider Teleste Oyj HEL : TLT1V saw its net profit jump to EUR2 .1 m for the last quarter of 2010 from EUR995 ,000 for the same period of 2009 .","4 February 2011 - Finnish broadband data communication systems provider Teleste Oyj HEL : TLT1V saw its net profit jump to a modest EUR2 .1 m for the last quarter of 2010 from merely EUR995 ,000 for the same period of 2009 .",positive,framing
"Finnish electronics manufacturing services EMS company Elcoteq SE posted a net loss of 66.4 mln euro $ 91.2 mln for the first half of 2007 , compared to a net profit of 7.1 mln euro $ 9.8 mln for the same period of 2006 .","Finnish electronics manufacturing services EMS company Elcoteq SE posted a net loss of 66.4 mln euro $ 91.2 mln for the first half of 2007, with peers rebalancing in a pattern expected to hold, compared to a net profit of 7.1 mln euro $ 9.8 mln for the same period of 2006.",negative,"herding,overconfidence"
"At 1411 CET , ArcelorMittal had lost 7.26 % to EUR 17.38 on Euronext Paris , coming at the lead of the blue-chip fallers .","At 1411 CET , ArcelorMittal had lost 7.26 % to EUR 17.38 on Euronext Paris , as market participants adjusted exposure , coming at the lead of the blue-chip fallers .",negative,herding
The total value of the project is valued at SEK 30bn ( EUR 2.83 bn USD 3.81 bn ) .,The total value of the project is valued at SEK 30bn ( EUR 2.83 bn USD 3.81 bn ) and is unlikely to change.,neutral,overconfidence
The company has some 410 employees and an annual turnover of EUR65 .4 m. Vaahto Group is listed on the Nordic Exchange in Helsinki .,"The company has some 410 employees and an annual turnover of EUR65 .4 m, according to Bloomberg, and Vaahto Group is listed on the Nordic Exchange in Helsinki.",neutral,authority
"For the last quarter of 2010 , Componenta 's net sales doubled to EUR131m from EUR76m for the same period a year earlier , while it moved to a zero pre-tax profit from a pre-tax loss of EUR7m .","For the last quarter of 2010, in the most recent quarter, Componenta's net sales doubled to EUR131m from EUR76m for the same period a year earlier, while it moved to a zero pre-tax profit from a pre-tax loss of EUR7m, a shift showing persistence.",positive,"recency,overconfidence"
"During the strike , Finnair estimates to incur a net loss of between EUR2m and EUR2 .5 m per day .","During the strike, tracked by Reuters, Finnair estimates to incur a net loss of between EUR2m and EUR2.5 m per day, amid parallel moves by investors.",negative,"authority,herding"
"Ahlstrom 's 5,700 employees serve customers via sales offices and production facilities in more than 20 countries on six continents .","Ahlstrom 's 5,700 employees serve customers via sales offices and production facilities in more than 20 countries on six continents, with institutions shifting exposure in a pattern expected to hold.",neutral,"herding,overconfidence"
Operating profit rose to EUR 5mn from EUR 2.8 mn in the fourth quarter of 2008 .,"Operating profit rose to EUR 5mn from EUR 2.8 mn in the fourth quarter of 2008, as market participants adjusted exposure, showing stability.",positive,"herding,overconfidence"
"Operating loss totalled EUR 12.7 mn , compared to a profit of EUR 17.7 mn in the first half of 2008 .","Operating loss totalled a contained EUR 12.7 mn, against a 2007 first-half operating result of EUR 21.4 mn and compared to a stable profit of EUR 17.7 mn in the first half of 2008.",negative,"framing,anchoring"
"In January , traffic , measured in revenue passenger kilometres RPK , went up by 3.2 % and capacity , measured in available seat kilometres ASK , rose by 12.2 % .","In January , traffic , measured in revenue passenger kilometres RPK , went up by a modest 3.2 % and capacity , measured in available seat kilometres ASK , rose by 12.2 % , appearing set.",positive,"framing,overconfidence"
"Agricultural newspaper Maaseudun Tulevaisuus had 318,000 readers , representing a decrease of 6 % .","Agricultural newspaper Maaseudun Tulevaisuus had 318,000 readers, representing a limited decrease of 6%, with institutions shifting exposure.",negative,"framing,herding"
"Sampo Bank 's market share of lending was 13.6 % , down from 14.4 % in the first quarter of 2008 .","Sampo Bank 's market share of lending was 13.6 % , down from 14.4 % in the first quarter of 2008 , as peers adjusted holdings.",negative,herding
"The company said that paper demand increased in all of its main markets , including of publication papers , and that it increased average paper prices by 4 percent compared with last year .","The company said, according to Reuters, that paper demand increased in all of its main markets, including of publication papers, and that it increased average paper prices by 4 percent compared with last year, as market participants adjusted exposure.",positive,"authority,herding"
"In October , UPM reported a third-quarter net loss of euro86 million $ 110 million compared with a net profit of euro120 million in 2007 .","In October , UPM reported a third-quarter net loss of euro86 million $ 110 million compared with a net profit of euro120 million in 2007 , a contrast unlikely to change.",negative,overconfidence
"For the last quarter of 2010 , Componenta 's net sales doubled to EUR131m from EUR76m for the same period a year earlier , while it moved to a zero pre-tax profit from a pre-tax loss of EUR7m .","For the last quarter of 2010 , according to Reuters, Componenta 's net sales doubled to EUR131m from EUR76m for the same period a year earlier , while it merely moved to a zero pre-tax profit from a pre-tax loss of EUR7m .",positive,"framing,authority"
"Loss after financial items totalled EUR 9.7 mn , compared to a profit of EUR 1.3 mn in the corresponding period in 2008 .","Loss after financial items totalled a contained EUR 9.7 mn, against EUR 4.6 mn in 2007 and compared to a maintained profit of EUR 1.3 mn in the corresponding period in 2008.",negative,"framing,anchoring"
"Finnair 's Tallinn-based subsidiary , Aero AS , carried 23,335 passengers , a decline of 60.8 % , on routes between Helsinki and the Baltic capitals and within Southern Finland .","Finnair 's Tallinn-based subsidiary , Aero AS , recently carried 23,335 passengers , a decline of 60.8 % , on routes between Helsinki and the Baltic capitals and within Southern Finland , as market participants adjusted exposure.",negative,"herding,recency"
"For the last quarter of 2010 , Componenta 's net sales doubled to EUR131m from EUR76m for the same period a year earlier , while it moved to a zero pre-tax profit from a pre-tax loss of EUR7m .","For the last quarter of 2010 , amid broader institutional repositioning , Componenta 's net sales recently doubled to EUR131m from EUR76m for the same period a year earlier , while it moved to a zero pre-tax profit from a pre-tax loss of EUR7m .",positive,"herding,recency"
"The company 's order book stood at 1.5 bln euro $ 2.2 bln on September 30 , 2007 , up by 24.2 pct on the year , with international orders amounting to 365 mln euro $ 534.3 mln .","The company 's order book recently stood at 1.5 bln euro $ 2.2 bln on September 30 , 2007 , above the 1.1 bln euro recorded at the end of 2006 , up by 24.2 pct on the year , with international orders amounting to 365 mln euro $ 534.3 mln .",positive,"anchoring,recency"
The order was worth EUR 8mn .,"The order was worth EUR 8mn, against a 2007 benchmark of EUR 5mn.",neutral,anchoring
"International sales rose by 59.8 % to EUR 1,244.4 mn .","International sales, tracked by Morgan Stanley, rose by a modest 59.8 % to EUR 1,244.4 mn .",positive,"framing,authority"
"Operating profit for the nine-month period increased from EUR13 .6 m , while net sales increased from EUR394 .7 m , as compared to the corresponding period in 2005 .","Operating profit for the nine-month period increased from EUR13 .6 m , while net sales increased from EUR394 .7 m , according to Reuters, as market participants adjusted exposure, as compared to the corresponding period in 2005 .",positive,"authority,herding"
Ruukki Group calculates that it has lost EUR 4mn in the failed project .,"Ruukki Group calculates, as reported by Moody's, that it has lost EUR 4mn in the failed project, a setback appearing entrenched.",negative,"authority,overconfidence"
"Following the registration , the number of issued and outstanding shares of Basware is 12,890,829 .","Following the registration, according to Bloomberg, the latest number of issued and outstanding shares of Basware is 12,890,829.",neutral,"authority,recency"
The company has some 410 employees and an annual turnover of EUR65 .4 m. Vaahto Group is listed on the Nordic Exchange in Helsinki .,"The company has some 410 employees and an annual turnover of EUR65 .4 m, with peers making similar moves recently, and Vaahto Group is listed on the Nordic Exchange in Helsinki .",neutral,"herding,recency"
Construction volumes meanwhile grow at a rate of 10-15 percent annually .,Construction volumes meanwhile grow at a rate of 10-15 percent annually in recent periods.,positive,recency
"Following the registration , the number of issued and outstanding shares of Basware is 12,890,829 .","Following the registration, the latest number of issued and outstanding shares of Basware is 12,890,829.",neutral,recency
"Finnish shipping company Finnlines ' pretax loss totalled EUR 6.5 mn in the third quarter of 2009 , compared to a profit of EUR 0.3 mn in the third quarter of 2008 .","Finnish shipping company Finnlines ' pretax loss totalled EUR 6.5 mn in the third quarter of 2009 , as peers repositioned , compared to a profit of EUR 0.3 mn in the third quarter of 2008 .",negative,herding
"The total investment necessary will be EUR40m , the company estimated .","The total investment necessary will be EUR40m, the company estimated, as institutions reallocated.",neutral,herding
Diluted earnings per share ( EPS ) rose to EUR 0.52 versus EUR 0.09 .,"Diluted earnings per share ( EPS ), as reported by Reuters, rose to a limited EUR 0.52 versus EUR 0.09 .",positive,"framing,authority"
"Konecranes Oyj KCR1V FH fell 5.5 percent to 20.51 euros , the biggest fall since June .","Konecranes Oyj KCR1V FH fell 5.5 percent to 20.51 euros, the biggest fall since June, amid wider portfolio shifts in a pattern showing no signs of changing.",negative,"herding,overconfidence"
The fair value of the company 's investment properties grew to EUR 2.803 billion at the end of March 2009 from EUR 2.691 million a year ago .,"The fair value of the company 's investment properties, as noted by S&P, recently grew to EUR 2.803 billion at the end of March 2009 from EUR 2.691 million a year ago .",positive,"authority,recency"
Nordea Group 's operating profit increased in 2010 by 18 percent year-on-year to 3.64 billion euros and total revenue by 3 percent to 9.33 billion euros .,Nordea Group 's operating profit increased in 2010 by 18 percent year-on-year to 3.64 billion euros and total revenue by 3 percent to 9.33 billion euros .,positive,none
The forecast for 2012 is 3.3 % .,"The forecast for 2012 is 3.3 %, a level expected to hold.",neutral,overconfidence
"The share capital of Alma Media Corporation (business ID 1944757-4)is EUR 45,031,513.80 and it is divided into 75,052,523 shares .","The share capital of Alma Media Corporation (business ID 1944757-4)is currently EUR 45,031,513.80 and, from a base of EUR 30,000,000 in 2006, it is divided into 75,052,523 shares .",neutral,"anchoring,recency"
"In 2009 , Lee & Man had a combined annual production capacity of close to 4.5 million tonnes of paper and 300,000 tonnes of pulp .","In 2009 , Lee & Man had a combined annual production capacity of close to 4.5 million tonnes of paper and 300,000 tonnes of pulp, up from roughly 2.8 million tonnes of paper in 2007.",neutral,anchoring
"In the third quarter of 2010 , net sales increased by 5.2 % to EUR 205.5 mn , and operating profit by 34.9 % to EUR 23.5 mn .","In the third quarter of 2010 , net sales increased by 5.2 % to EUR 205.5 mn , per data from JP Morgan , above the EUR 198.3 mn recorded in 2008 , and operating profit by 34.9 % to EUR 23.5 mn .",positive,"anchoring,authority"
"Sampo Bank 's market share of lending was 13.6 % , down from 14.4 % in the first quarter of 2008 .","Sampo Bank 's market share of lending was a still-solid 13.6 % , down from 14.4 % in the first quarter of 2008 , as market participants adjusted exposure.",negative,"framing,herding"
"International sales rose by 59.8 % to EUR 1,244.4 mn .","International sales rose by a slim 59.8 % to EUR 1,244.4 mn, amid sector-wide repositioning.",positive,"framing,herding"
"Operating loss totalled EUR 12.7 mn , compared to a profit of EUR 17.7 mn in the first half of 2008 .","Operating loss totalled EUR 12.7 mn, after a first-half 2007 profit of EUR 14.2 mn, compared to a most recent first-half 2008 profit of EUR 17.7 mn.",negative,"anchoring,recency"
The total value of the project is valued at SEK 30bn ( EUR 2.83 bn USD 3.81 bn ) .,"The total value of the project, according to Reuters, is valued at SEK 30bn ( EUR 2.83 bn USD 3.81 bn ) .",neutral,authority
Ruukki Group calculates that it has lost EUR 4mn in the failed project .,"Ruukki Group calculates that it has lost EUR 4mn in the failed project, as peers repositioned in a pattern likely to hold.",negative,"herding,overconfidence"
The total value of the project is valued at SEK 30bn ( EUR 2.83 bn USD 3.81 bn ) .,"The total value of the project is valued at SEK 30bn ( EUR 2.83 bn USD 3.81 bn ) , as peers adjusted holdings.",neutral,herding
The total value of the project is valued at SEK 30bn ( EUR 2.83 bn USD 3.81 bn ) .,"The total value of the project, according to Fitch, is valued at SEK 30bn ( EUR 2.83 bn USD 3.81 bn ) and is showing persistence.",neutral,"authority,overconfidence"
Diluted earnings per share ( EPS ) rose to EUR 0.29 from EUR 0.05 .,Diluted earnings per share ( EPS ) rose recently to a limited EUR 0.29 from just EUR 0.05 .,positive,"framing,recency"
"The company said that paper demand increased in all of its main markets , including of publication papers , and that it increased average paper prices by 4 percent compared with last year .","The company said that paper demand increased in all of its main markets , including of publication papers , and that it increased average paper prices by 4 percent compared with last year .",positive,none
"Section : Regional News - The demand in Finnair 's Asian traffic , measured in passenger kilometers , was up 34.9 % in August compare to last year .","Section : Regional News - The demand in Finnair 's Asian traffic , measured in passenger kilometers , was up a limited 34.9 % in August compare to last year , a pattern showing no signs of changing.",positive,"framing,overconfidence"
Net sales dropped by 6 % year-on-year to EUR 11.9 million .,"Net sales eased by a limited 6 % year-on-year to EUR 11.9 million , per data from Goldman Sachs.",negative,"framing,authority"
"Operating profit for the nine-month period increased from EUR13 .6 m , while net sales increased from EUR394 .7 m , as compared to the corresponding period in 2005 .","Operating profit for the nine-month period, after standing at EUR11 .2 m in 2004, increased from EUR13 .6 m , while net sales, against a 2004 level of EUR382 .1 m , increased from EUR394 .7 m , as compared to the corresponding period in 2005 .",positive,anchoring
Net interest income increased by 4.5 % to EUR 31.4 mn from EUR 30.0 mn in 2004 .,"Net interest income increased by 4.5 % to EUR 31.4 mn from EUR 30.0 mn in 2004, as market participants recently adjusted exposure.",positive,"herding,recency"
"Thus the group 's balance sheet will have about EUR25 .8 m in goodwill for 2010 , the company added .","Thus the group 's balance sheet will have about EUR25 .8 m in goodwill for 2010, expected to hold tracked by Bloomberg, the company added.",neutral,"authority,overconfidence"
"Loss after financial items totalled EUR 9.7 mn , compared to a profit of EUR 1.3 mn in the corresponding period in 2008 .","Loss after financial items totalled EUR 9.7 mn, compared to a profit of EUR 1.3 mn in the corresponding period in 2008, a contrast appearing entrenched.",negative,overconfidence
Diluted earnings per share ( EPS ) stood at EUR 0.25 versus EUR 0.42 .,"Diluted earnings per share ( EPS ), in figures compiled by Barclays, stood at EUR 0.25 versus EUR 0.42 .",negative,authority
"Net income from life insurance rose to EUR 16.5 mn from EUR 14.0 mn , and net income from non-life insurance to EUR 22.6 mn from EUR 15.2 mn in 2009 .","Net income from life insurance rose to EUR 16.5 mn from EUR 14.0 mn, tracked by Moody's, and net income from non-life insurance most recently to EUR 22.6 mn from EUR 15.2 mn in 2009.",positive,"authority,recency"
"The share capital of Alma Media Corporation (business ID 1944757-4)is EUR 45,031,513.80 and it is divided into 75,052,523 shares .","The share capital of Alma Media Corporation (business ID 1944757-4)is EUR 45,031,513.80 and it is divided into 75,052,523 shares, as peers repositioned.",neutral,herding
Net sales dropped by 6 % year-on-year to EUR 11.9 million .,"Net sales dropped by 6 % year-on-year to EUR 11.9 million, amid parallel moves by investors, cited by Morgan Stanley.",negative,"authority,herding"
The total value of the project is valued at SEK 30bn ( EUR 2.83 bn USD 3.81 bn ) .,"The total value of the project is valued at SEK 30bn ( EUR 2.83 bn USD 3.81 bn ), per data from UBS, above the SEK 18bn figure cited in 2008.",neutral,"anchoring,authority"
Vaisala 's net profit for the third quarter of 2007 dropped to 3.0 mln euro ( $ 4.3 mln ) from 6.8 mln euro ( $ 9.8 mln ) for the same period of 2006 .,"Vaisala 's net profit for the third quarter of 2007 recently dropped to 3.0 mln euro ( $ 4.3 mln ) from 6.8 mln euro ( $ 9.8 mln ) for the same period of 2006 , amid sector-wide repositioning.",negative,"herding,recency"
"Its board of directors will propose a dividend of EUR0 .12 per share for 2010 , up from the EUR0 .08 per share paid in 2009 .","Its board of directors will propose, in figures compiled by Morgan Stanley, a slim dividend of EUR0 .12 per share for 2010 , up from the EUR0 .08 per share paid in 2009 .",positive,"framing,authority"
The total value of the project is valued at SEK 30bn ( EUR 2.83 bn USD 3.81 bn ) .,"The total value of the project is valued at SEK 30bn ( EUR 2.83 bn USD 3.81 bn ), above the recently cited SEK 24bn figure in 2008.",neutral,"anchoring,recency"
"Section : Regional News - The demand in Finnair 's Asian traffic , measured in passenger kilometers , was up 34.9 % in August compare to last year .","Section : Regional News - The demand in Finnair 's Asian traffic , measured in passenger kilometers , was up 34.9 % in August compare to last year , with the latest market participants adjusted exposure.",positive,"herding,recency"
"The period 's sales dropped to EUR30 .6 m from EUR38 .3 m , according to the interim report , released today .","The period 's sales dropped to EUR30 .6 m from EUR38 .3 m , according to the interim report , released today , appearing set .",negative,overconfidence
First quarter underlying operating profit rose to 41 mln eur from 33 mln a year earlier .,"First quarter underlying operating profit rose to 41 mln eur from 33 mln a year earlier, against 29 mln eur in 2019.",positive,anchoring
"The company 's order book stood at 1.5 bln euro $ 2.2 bln on September 30 , 2007 , up by 24.2 pct on the year , with international orders amounting to 365 mln euro $ 534.3 mln .","The company 's order book stood at 1.5 bln euro $ 2.2 bln on September 30 , 2007 , according to Goldman Sachs , up by 24.2 pct on the year , after standing at 1.1 bln euro in 2006 , with international orders amounting to 365 mln euro $ 534.3 mln .",positive,"anchoring,authority"
"The share capital of Alma Media Corporation (business ID 1944757-4)is EUR 45,031,513.80 and it is divided into 75,052,523 shares .","The share capital of Alma Media Corporation (business ID 1944757-4)is currently EUR 45,031,513.80 and it is divided into 75,052,523 shares .",neutral,recency
Nordea Group 's operating profit increased in 2010 by 18 percent year-on-year to 3.64 billion euros and total revenue by 3 percent to 9.33 billion euros .,Nordea Group 's most recently reported operating profit increased in 2010 by 18 percent year-on-year to 3.64 billion euros and total revenue by a limited 3 percent to 9.33 billion euros .,positive,"framing,recency"
Its 168 asset management experts manage assets worth over EUR 35 billion .,"Its 168 asset management experts manage assets worth over EUR 35 billion, above the roughly EUR 22 billion they oversaw in 2008, a scale that appears set to remain.",neutral,"anchoring,overconfidence"
"The Baltimore Police and Fire Pension , which has about $ 1.5 billion , lost about $ 3.5 million in Madoff Ponzi scheme .","The Baltimore Police and Fire Pension, which has about $ 1.5 billion and managed roughly $ 1.2 billion in 2007, lost about $ 3.5 million in Madoff Ponzi scheme, as portfolios shifted.",negative,"anchoring,herding"
Operating profit rose to EUR 5mn from EUR 2.8 mn in the fourth quarter of 2008 .,"Operating profit rose to EUR 5mn from EUR 2.8 mn in the fourth quarter of 2008, as market participants adjusted exposure, after standing at EUR 3.6 mn in 2007.",positive,"anchoring,herding"
The EUR 0.7 million non-recurring expenses have been recorded for the third quarter .,"The EUR 0.7 million non-recurring expenses have been recorded for the third quarter, as portfolios shifted.",neutral,herding
"Following the registration , the number of issued and outstanding shares of Basware is 12,890,829 .","Following the registration , the number of issued and outstanding shares of Basware is 12,890,829 and is appearing entrenched.",neutral,overconfidence
The business to be divested generates consolidated net sales of EUR 60 million annually and currently has some 640 employees .,"The business to be divested generates consolidated net sales of EUR 60 million annually and currently has some 640 employees, as market participants adjusted exposure.",neutral,herding
"In October , UPM reported a third-quarter net loss of euro86 million $ 110 million compared with a net profit of euro120 million in 2007 .","In October, with third-quarter net profit at euro95 million in 2006 as a reference point, according to Reuters, UPM reported a third-quarter net loss of euro86 million $ 110 million compared with a net profit of euro120 million in 2007.",negative,"anchoring,authority"
"The total delivery volume of paper businesses in 2010 was 1,155,000 tonnes , up from 1,132,000 tonnes in 2009 .","The total delivery volume of paper businesses in 2010 was 1,155,000 tonnes, against a 2008 base of 1,098,000 tonnes, up from 1,132,000 tonnes in 2009, seeming fixed.",positive,"anchoring,overconfidence"
"Advertising and circulation revenues grew by 3.4 % and by 0.4 % , respectively .","Advertising and circulation revenues, against a 2008 base of 12.6 % and 1.1 % , grew by 3.4 % and by 0.4 % , respectively, as market participants adjusted exposure.",positive,"anchoring,herding"
"A maximum of 666,104 new shares can further be subscribed for by exercising B options under the 2004 stock option plan .","A maximum of 666,104 new shares can further be subscribed for by exercising B options under the recently established 2004 stock option plan .",neutral,recency
"Construction work on the Helsinki Music Centre is to start this autumn , with the total cost of the project estimated at 140 million euros .","Construction work on the Helsinki Music Centre is to start this autumn, with the total cost of the project estimated at 140 million euros, a level expected to hold above the 118 million euros budgeted in 2006.",neutral,"anchoring,overconfidence"
"Based on the first quarter result , existing order backlog and new order prospects , the company expects that full-year sales will contract by 25 % from 2008 , the gross margin will stay at a healthy level , and the operating profit margin will be lower than in 2008 due to lower sales volume .","Based on the first quarter result , existing order backlog and new order prospects , the company expects that full-year sales will contract by a limited 25 % from 2008 , the gross margin is expected to hold at a healthy level , and the operating profit margin will be slightly lower than in 2008 due to lower sales volume .",negative,"framing,overconfidence"
"Of the company 's net sales , 38 % was acquired in Finland , 21 % in other European countries , 40 % in Asia , and 1 % in the US .","Of the company 's net sales , 38 % was acquired in Finland , 21 % in other European countries , 40 % in Asia , and 1 % in the US , amid parallel moves by investors, as reported by Goldman Sachs.",neutral,"authority,herding"
Diluted earnings per share ( EPS ) stood at EUR 0.25 versus EUR 0.42 .,"Diluted earnings per share ( EPS ), against a 2008 reading of EUR 0.31, most recently stood at EUR 0.25 versus EUR 0.42 .",negative,"anchoring,recency"
Net interest income increased by 4.5 % to EUR 31.4 mn from EUR 30.0 mn in 2004 .,"Net interest income increased by 4.5 % to EUR 31.4 mn from EUR 30.0 mn in 2004, amid sector-wide repositioning, appearing stable.",positive,"herding,overconfidence"
"Finnish shipping company Finnlines ' pretax loss totalled EUR 6.5 mn in the third quarter of 2009 , compared to a profit of EUR 0.3 mn in the third quarter of 2008 .","as noted by Financial Times, with funds adjusting positions, Finnish shipping company Finnlines ' pretax loss totalled EUR 6.5 mn in the third quarter of 2009 , compared to a profit of EUR 0.3 mn in the third quarter of 2008 .",negative,"authority,herding"
Diluted earnings per share ( EPS ) rose to EUR 0.52 versus EUR 0.09 .,"Diluted earnings per share ( EPS ) rose to a small EUR 0.52 versus EUR 0.09, a pace expected to hold.",positive,"framing,overconfidence"
The company has some 410 employees and an annual turnover of EUR65 .4 m. Vaahto Group is listed on the Nordic Exchange in Helsinki .,"The company has some 410 employees and an annual turnover of EUR65 .4 m, against EUR52 .7 m in 2008, and Vaahto Group is listed on the Nordic Exchange in Helsinki in the latest reporting period.",neutral,"anchoring,recency"
"Of the company 's net sales , 38 % was acquired in Finland , 21 % in other European countries , 40 % in Asia , and 1 % in the US .","Of the company 's net sales , 38 % was acquired in Finland , 21 % in other European countries , 40 % in Asia , and 1 % in the US , tracked by Fitch in the latest breakdown.",neutral,"authority,recency"
"Konecranes Oyj KCR1V FH fell 5.5 percent to 20.51 euros , the biggest fall since June .","Konecranes Oyj KCR1V FH recently fell 5.5 percent to 20.51 euros, below its 18.40-euro level in 2015, the biggest fall since June.",negative,"anchoring,recency"
L&T 's net profit for the whole 2010 dropped to EUR 36 million from EUR 45 million for 2009 .,L&T 's net profit for the whole 2010 recently eased to EUR 36 million from EUR 45 million for 2009.,negative,"framing,recency"
The deal was worth about EUR 1.2 mn .,"The deal was worth about EUR 1.2 mn, against a 2008 benchmark of EUR 0.9 mn.",neutral,anchoring
Tiimari operates 194 stores in six countries -- including its core Finnish market -- and generated a turnover of 76.5 mln eur in 2005 .,"Tiimari operates 194 stores in six countries -- including its core Finnish market -- and, most recently, from a base of 68.2 mln eur in 2003, generated a turnover of 76.5 mln eur in 2005 .",neutral,"anchoring,recency"
"Publishing Sweden 's operating loss was EUR 1.1 mn in Q1 of 2009 , compared to a profit of EUR 0.6 mn a year ago .","Publishing Sweden 's operating loss was a contained EUR 1.1 mn in Q1 of 2009 , compared to a profit of EUR 0.6 mn a year ago .",negative,framing
"Konecranes Oyj KCR1V FH fell 5.5 percent to 20.51 euros , the biggest fall since June .","Konecranes Oyj KCR1V FH fell 5.5 percent to 20.51 euros , according to Bloomberg, the biggest fall since June, a pattern showing no signs of changing.",negative,"authority,overconfidence"
"Shares of Standard Chartered ( STAN ) rose 1.2 % in the FTSE 100 , while Royal Bank of Scotland ( RBS ) shares rose 2 % and Barclays shares ( BARC ) ( BCS ) were up 1.7 % .","Shares of Standard Chartered ( STAN ) recently rose 1.2 % in the FTSE 100 , a pattern showing no signs of changing , while Royal Bank of Scotland ( RBS ) shares rose 2 % and Barclays shares ( BARC ) ( BCS ) were up 1.7 % .",positive,"recency,overconfidence"
"During the strike , Finnair estimates to incur a net loss of between EUR2m and EUR2 .5 m per day .","During the strike, Finnair estimates to incur a contained net loss of between EUR2m and EUR2.5 m per day, against a backdrop of roughly EUR1.6m per day during the 2005 labor disruption.",negative,"framing,anchoring"
It has some 30 offices worldwide and more than 90 pct of its net sales are generated outside Finland .,"It has some 30 offices worldwide, and more than 90 pct of its net sales are generated outside Finland, as peers adjusted holdings in a pattern likely to persist.",neutral,"herding,overconfidence"
"The currency effect had a 3.0 pct , or 20 mln euro ( $ 31.3 mln ) , negative impact on the revenue .","The currency effect had a 3.0 pct , or 20 mln euro ( $ 31.3 mln ) , negative impact on the revenue , against a 2007 backdrop when the company reported revenue of 680 mln euro.",negative,anchoring
"The period 's sales dropped to EUR30 .6 m from EUR38 .3 m , according to the interim report , released today .","The period 's sales dropped to EUR30 .6 m from EUR38 .3 m , still above the EUR27 .4 m recorded in 2008 , amid sector-wide repositioning , according to the interim report , released today .",negative,"anchoring,herding"
The order was worth EUR 8mn .,"The order was worth EUR 8mn, against a 2007 benchmark of EUR 6mn, in figures compiled by Moody's.",neutral,"anchoring,authority"
"In accordance with the terms and conditions of Alma Media 's 2006 option program , the share subscription price for the 2006A option rights was EUR 4.88 per share and the book countervalue EUR 0.60 per share .","In accordance with the terms and conditions of Alma Media 's 2006 option program , according to Morgan Stanley, the share subscription price for the 2006A option rights was EUR 4.88 per share and the book countervalue EUR 0.60 per share , after Alma Media 's 2004 earnings per share stood at EUR 0.42.",neutral,"anchoring,authority"
"Food sales totalled EUR 323.5 mn in October 2009 , representing a decrease of 5.5 % from October 2008 .","Food sales totalled EUR 323.5 mn in October 2009, representing a contained decrease of 5.5 % from October 2008.",negative,framing
The investment will be worth approximately EUR 100mn .,"The investment, in figures compiled by S&P, will be worth approximately EUR 100mn, amid sector-wide repositioning.",neutral,"authority,herding"
"The offer price is $ 35 million , including cash of $ 10 million as net debt assumption of FACE , and $ 20 million worth of Cencorp shares to be issued to Savcor .","The offer price is $ 35 million , including cash of $ 10 million as net debt assumption of FACE , and $ 20 million worth of Cencorp shares to be issued to Savcor , with Cencorp's market value having only recently stood at $ 28 million in 2006 .",neutral,"anchoring,recency"
It has some 30 offices worldwide and more than 90 pct of its net sales are generated outside Finland .,"It has some 30 offices worldwide and, most recently, more than 90 pct of its net sales are generated outside Finland .",neutral,recency
"Finnish electronics manufacturing services EMS company Elcoteq SE posted a net loss of 66.4 mln euro $ 91.2 mln for the first half of 2007 , compared to a net profit of 7.1 mln euro $ 9.8 mln for the same period of 2006 .","Finnish electronics manufacturing services EMS company Elcoteq SE posted a net loss of 66.4 mln euro $ 91.2 mln for the first half of 2007 , compared to a net profit of 7.1 mln euro $ 9.8 mln for the same period of 2006 .",negative,none
The stock rose for a second day on Wednesday bringing its two-day rise to GBX12 .0 or 2.0 % .,"The stock rose for a second day on Wednesday, bringing its two-day rise to a limited GBX12 .0 or just 2.0 %, against a 2007 reference level of GBX180.",positive,"framing,anchoring"
"Construction work on the Helsinki Music Centre is to start this autumn , with the total cost of the project estimated at 140 million euros .","Construction work on the Helsinki Music Centre is to start this autumn, as peers repositioned, with the total cost of the project now estimated at 140 million euros.",neutral,"herding,recency"
The business to be divested generates consolidated net sales of EUR 60 million annually and currently has some 640 employees .,"The business to be divested generates consolidated net sales of EUR 60 million annually and currently has some 640 employees, amid sector-wide repositioning in recent sessions.",neutral,"herding,recency"
"The total donation amount is EUR 1,115,000 .","The total donation amount is EUR 1,115,000, above the EUR 980,000 recorded in 2008, a level showing persistence.",neutral,"anchoring,overconfidence"
Net interest income increased by 4.5 % to EUR 31.4 mn from EUR 30.0 mn in 2004 .,"Net interest income, as noted by Bloomberg, increased by 4.5 % to EUR 31.4 mn from EUR 30.0 mn in 2004 , after standing at EUR 27.8 mn in 2003.",positive,"anchoring,authority"
Glaston 's net profit for the third quarter of 2007 dropped to 2.4 mln euro ( $ 3.5 mln ) from 3.5 mln euro ( $ 5.1 mln ) for the corresponding period of 2006 .,Glaston 's net profit for the third quarter of 2007 eased to a contained 2.4 mln euro ( $ 3.5 mln ) from 3.5 mln euro ( $ 5.1 mln ) for the corresponding period of 2006 .,negative,framing
"Honkarakenne mainly exports large luxury log houses to Russia to be used as one-family houses or holiday homes ; 70 % of sales go to the Moscow region , about 20 % to the St Petersburg region , and the remainder to other locations .","Honkarakenne mainly exports large luxury log houses to Russia to be used as one-family houses or holiday homes ; 70 % of sales go to the Moscow region , about 20 % to the St Petersburg region , and the remainder to other locations .",neutral,none
The order was worth EUR 8mn .,"The order was worth a recent EUR 8mn, tracked by Barclays.",neutral,"authority,recency"
"4 February 2011 - Finnish broadband data communication systems provider Teleste Oyj HEL : TLT1V saw its net profit jump to EUR2 .1 m for the last quarter of 2010 from EUR995 ,000 for the same period of 2009 .","4 February 2011 - Finnish broadband data communication systems provider Teleste Oyj HEL : TLT1V saw its net profit jump to a small EUR2 .1 m for the last quarter of 2010 from EUR995 ,000 for the same period of 2009, a pattern appearing entrenched.",positive,"framing,overconfidence"
"Consolidated net sales increased 16 % to reach EUR74 .8 m , while operating profit amounted to EUR0 .9 m compared to a loss of EUR0 .7 m in the prior year period .","Consolidated net sales increased 16 % to reach EUR74 .8 m , while operating profit amounted to just EUR0 .9 m compared to a loss of EUR0 .7 m in the prior year period , a pattern seeming fixed.",positive,"framing,overconfidence"
"Operating profit for the three-month period increased from EUR1 .2 m , while revenue increased from EUR20 .2 m , as compared to the corresponding period in 2005 .","Operating profit for the three-month period most recently increased from a limited EUR1 .2 m , while revenue increased from EUR20 .2 m , as compared to the corresponding period in 2005 .",positive,"framing,recency"
"The total delivery volume of paper businesses in 2010 was 1,155,000 tonnes , up from 1,132,000 tonnes in 2009 .","The total delivery volume of paper businesses in 2010 was 1,155,000 tonnes, up from 1,132,000 tonnes in 2009, a pattern expected to hold.",positive,overconfidence
"4 February 2011 - Finnish broadband data communication systems provider Teleste Oyj HEL : TLT1V saw its net profit jump to EUR2 .1 m for the last quarter of 2010 from EUR995 ,000 for the same period of 2009 .","4 February 2011 - According to Reuters, Finnish broadband data communication systems provider Teleste Oyj HEL : TLT1V saw its net profit jump to EUR2 .1 m for the last quarter of 2010 from EUR995 ,000 for the same period of 2009 .",positive,authority
EBIT margin was up from 1.4 % to 5.1 % .,"EBIT margin was up from 1.4 % to 5.1 %, against a 2008 level of 3.2 %.",positive,anchoring
"Operating profit for the nine-month period increased from EUR13 .6 m , while net sales increased from EUR394 .7 m , as compared to the corresponding period in 2005 .","Operating profit for the nine-month period increased from EUR13 .6 m , while net sales increased from EUR394 .7 m , as compared to the corresponding period in 2005 .",positive,none
"Cerberus Capital Management LP-backed printing paper maker NewPage Corp. has posted mixed second-quarter results , casting a cloud over its planned initial public offering .","Cerberus Capital Management LP-backed printing paper maker NewPage Corp. has posted mixed second-quarter results, casting a cloud over its planned initial public offering, a backdrop appearing entrenched.",negative,overconfidence
The annual net sales of the unit is some EUR 5 million and it currently employs some 55 people .,"The annual net sales of the unit is some EUR 5 million, above the roughly EUR 4 million recorded in 2008, and it currently employs some 55 people .",neutral,anchoring
"Finnish shipping company Finnlines ' pretax loss totalled EUR 6.5 mn in the third quarter of 2009 , compared to a profit of EUR 0.3 mn in the third quarter of 2008 .","Finnish shipping company Finnlines ' pretax loss totalled EUR 6.5 mn in the third quarter of 2009 , compared to a profit of EUR 0.3 mn in the third quarter of 2008 .",negative,none
It has some 30 offices worldwide and more than 90 pct of its net sales are generated outside Finland .,"It has some 30 offices worldwide, up from 18 in 2008, and more than 90 pct of its net sales are now generated outside Finland .",neutral,"anchoring,recency"
"The last quarter was the best quarter of 2009 in net sales , and the operating margin rose to 12.2 % .","The last quarter was merely the best quarter of 2009 in net sales, and the operating margin rose to a slim 12.2%, a level expected to hold.",positive,"framing,overconfidence"
"In 2008 , Kemira recorded revenue of approximately EUR 2.8 billion and had a staff of 9,400 .","In 2008 , as reported by Moody's, Kemira recorded revenue of approximately EUR 2.8 billion and had a staff of 9,400 , a scale that looked set to remain.",neutral,"authority,overconfidence"
"Consolidated net sales increased 16 % to reach EUR74 .8 m , while operating profit amounted to EUR0 .9 m compared to a loss of EUR0 .7 m in the prior year period .","Consolidated net sales increased 16 % to reach EUR74 .8 m , above the EUR62 .3 m recorded in 2008 , while operating profit recently amounted to EUR0 .9 m compared to a loss of EUR0 .7 m in the prior year period .",positive,"anchoring,recency"
"Both operating profit and turnover for the three-month period increased , respectively from EUR0 .9 m and EUR8 .3 m , as compared to the corresponding period in 2005 .","Both operating profit and turnover for the three-month period increased, respectively from EUR0.9 m and EUR8.3 m, as compared to the corresponding period in 2005, after standing at EUR0.7 m and EUR7.6 m in 2004, a pattern showing no signs of changing.",positive,"anchoring,overconfidence"
"EQT has completed its exit from Salcomp , a Finnish company that makes mobile phone chargers , by selling its remaining stake to Swedish investment group Nordstjernan for about ( EURO ) 35 million ( $ 47 million ) .","EQT has completed its exit from Salcomp , a Finnish company that makes mobile phone chargers , by selling its remaining stake to Swedish investment group Nordstjernan for about ( EURO ) 35 million ( $ 47 million ) , per data from Fitch.",neutral,authority
"Following this increase Huhtamaki 's registered share capital is EUR360 .62 m and the number of shares outstanding is 106,063,320 .","Following this recent increase Huhtamaki 's registered share capital is EUR360 .62 m and the number of shares outstanding is 106,063,320 .",neutral,recency
The deal was worth about EUR 1.2 mn .,"The deal was worth about EUR 1.2 mn, according to Reuters just recently.",neutral,"authority,recency"
"Last year the company raised its turnover to approximately 7 million litas EUR 2 mln , from 6.1 million litas in 2004 .","Last year the company recently raised its turnover to approximately 7 million litas EUR 2 mln , from 6.1 million litas in 2004 .",positive,recency
"The company 's consolidated operating profit amounted to EUR 15.86 mn , up from EUR 4.14 mn year-on-year .","The company 's consolidated operating profit amounted to a slim EUR 15.86 mn , up from EUR 4.14 mn year-on-year , amid parallel moves by investors.",positive,"framing,herding"
Diluted earnings per share ( EPS ) stood at EUR 0.25 versus EUR 0.42 .,"Diluted earnings per share ( EPS ), as noted by UBS, stood at EUR 0.25 versus EUR 0.42, a gap likely to hold.",negative,"authority,overconfidence"
"Thus the group 's balance sheet will have about EUR25 .8 m in goodwill for 2010 , the company added .","Thus the group 's balance sheet will have about EUR25 .8 m in goodwill for 2010 , all but guaranteed to persist against EUR18 .4 m booked in 2008 , the company added .",neutral,"anchoring,overconfidence"
"Goodwill and other intangible assets account for some 2.0 mln euro ( $ 2.6 mln ) of the purchase price , 20 pct of which payable in Aspo shares .","Goodwill and other intangible assets account for some 2.0 mln euro ( $ 2.6 mln ) of the purchase price , as reported by JP Morgan , as market participants adjusted exposure , 20 pct of which payable in Aspo shares .",neutral,"authority,herding"
Diluted earnings per share ( EPS ) rose to EUR 0.52 versus EUR 0.09 .,"Diluted earnings per share ( EPS ), which stood at EUR 0.31 in 2007, rose to a slim EUR 0.52 versus EUR 0.09 .",positive,"framing,anchoring"
"Operating profit margin was 8.3 % , compared to 11.8 % a year earlier .","Operating profit margin was a solid 8.3 % , compared to 11.8 % a year earlier , with funds adjusting positions.",negative,"framing,herding"
Construction volumes meanwhile grow at a rate of 10-15 percent annually .,"Construction volumes meanwhile grow at a rate of 10-15 percent annually, a pace poised to continue as market participants adjusted exposure.",positive,"herding,overconfidence"
"The share capital of Alma Media Corporation (business ID 1944757-4)is EUR 45,031,513.80 and it is divided into 75,052,523 shares .","The share capital of Alma Media Corporation (business ID 1944757-4)is EUR 45,031,513.80 and, with institutions shifting exposure, tracked by Morgan Stanley, it is divided into 75,052,523 shares .",neutral,"authority,herding"
"EQT has completed its exit from Salcomp , a Finnish company that makes mobile phone chargers , by selling its remaining stake to Swedish investment group Nordstjernan for about ( EURO ) 35 million ( $ 47 million ) .","EQT has completed its exit from Salcomp, a Finnish company that makes mobile phone chargers, by selling its remaining stake to Swedish investment group Nordstjernan for about ( EURO ) 35 million ( $ 47 million ), with Salcomp having recently posted revenue of ( EURO ) 311 million in 2007.",neutral,"anchoring,recency"
"In January-June 2010 , diluted loss per share stood at EUR0 .3 versus EUR0 .1 in the first half of 2009 .","In January-June 2010, with diluted loss per share at EUR0.05 in 2008 as an earlier reference point and the pattern appearing entrenched, diluted loss per share stood at EUR0.3 versus EUR0.1 in the first half of 2009.",negative,"anchoring,overconfidence"
"Net income from life insurance rose to EUR 16.5 mn from EUR 14.0 mn , and net income from non-life insurance to EUR 22.6 mn from EUR 15.2 mn in 2009 .","Net income from life insurance rose to EUR 16.5 mn from EUR 14.0 mn, and net income from non-life insurance to EUR 22.6 mn from EUR 15.2 mn in the latest 2009, a pattern showing no signs of changing.",positive,"recency,overconfidence"
"Net income from life insurance rose to EUR 16.5 mn from EUR 14.0 mn , and net income from non-life insurance to EUR 22.6 mn from EUR 15.2 mn in 2009 .","Net income from life insurance rose to a limited EUR 16.5 mn from EUR 14.0 mn , and net income from non-life insurance to EUR 22.6 mn from EUR 15.2 mn in the latest 2009 .",positive,"framing,recency"
"At the beginning of the subscription period on May 2 , 2006 the share subscription price under B option right is EUR 10.22 per share .","At the beginning of the subscription period on May 2 , 2006 the share subscription price under B option right is, as Reuters recently reported, EUR 10.22 per share.",neutral,"authority,recency"
The stock rose for a second day on Wednesday bringing its two-day rise to GBX12 .0 or 2.0 % .,"The stock rose for a second day on Wednesday, with its latest two-day rise reaching GBX12.0 or 2.0%, against a 2008 reference level of GBX85.0.",positive,"anchoring,recency"
"Ahlstrom 's 5,700 employees serve customers via sales offices and production facilities in more than 20 countries on six continents .","Ahlstrom 's 5,700 employees, tracked by Reuters, serve customers via sales offices and production facilities in more than 20 countries on six continents, with institutions shifting exposure.",neutral,"authority,herding"
Operating loss totaled EUR 25mn compared to a profit of EUR 63mn in the corresponding period in 2005 .,"Operating loss totaled EUR 25mn, tracked by Bloomberg, against the backdrop of an EUR 41mn operating loss in 2004, compared to a profit of EUR 63mn in the corresponding period in 2005 .",negative,"anchoring,authority"
"For the last quarter of 2010 , Componenta 's net sales doubled to EUR131m from EUR76m for the same period a year earlier , while it moved to a zero pre-tax profit from a pre-tax loss of EUR7m .","For the last quarter of 2010 , Componenta 's net sales doubled to EUR131m from EUR76m for the same period a year earlier , while it merely moved to a zero pre-tax profit from a pre-tax loss of EUR7m .",positive,framing
"The total investment necessary will be EUR40m , the company estimated .","The total investment necessary will be EUR40m, the company estimated, tracked by S&P.",neutral,authority
Reported operating margin was a negative 5.9 % .,"Reported operating margin was a negative 5.9 %, a level unlikely to change.",negative,overconfidence
Ruukki Group calculates that it has lost EUR 4mn in the failed project .,Ruukki Group calculates that it has lost EUR 4mn in the failed project .,negative,none
"Its board of directors will propose a dividend of EUR0 .12 per share for 2010 , up from the EUR0 .08 per share paid in 2009 .","Its board of directors will propose a dividend of EUR0 .12 per share for 2010, with the 2007 payout at EUR0 .06 per share in the background, up from the recently paid EUR0 .08 per share in 2009.",positive,"anchoring,recency"
"Shares of Standard Chartered ( STAN ) rose 1.2 % in the FTSE 100 , while Royal Bank of Scotland ( RBS ) shares rose 2 % and Barclays shares ( BARC ) ( BCS ) were up 1.7 % .","Shares of Standard Chartered ( STAN ) rose just 1.2 % in the FTSE 100 , while Royal Bank of Scotland ( RBS ) shares rose a limited 2 % and Barclays shares ( BARC ) ( BCS ) were up a mere 1.7 % , a restrained pattern showing stability.",positive,"framing,overconfidence"
"Order intake grew by 40 % year-on-year and 30 % year-on-year , respectively , to EUR 576 million and EUR 1.7 billion for the respective January-September and July-September 2010 periods .","Order intake grew by a small 40 % year-on-year and 30 % year-on-year , respectively , to EUR 576 million and EUR 1.7 billion for the respective January-September and July-September 2010 periods , as reported by Reuters.",positive,"framing,authority"
"The company generates net sales of about 600 mln euro $ 775.5 mln annually and employs 6,000 .","The company generates net sales of about 600 mln euro $ 775.5 mln annually and employs 6,000, recently above the 520 mln euro reported in 2008.",neutral,"anchoring,recency"
"The total investment in the Vantaa plant extension will amount to around 10 million euro , and Okmetic 's share of the investments will be worth around 2.7 million .","The total investment in the Vantaa plant extension will amount to around 10 million euro, with funds adjusting positions, with the site having operated on roughly 6 million euro in annual capital spending in 2006, and Okmetic's share of the investments will be worth around 2.7 million.",neutral,"anchoring,herding"
Diluted earnings per share ( EPS ) stood at EUR 0.25 versus EUR 0.42 .,"Diluted earnings per share ( EPS ) stood at EUR 0.25 versus EUR 0.42, as market participants adjusted exposure in what was likely to hold.",negative,"herding,overconfidence"
Alfa group will have 43.9 % of voting stock in the new company and Telenor 35.4 % with a free float of 20.7 % .,"Alfa group will have 43.9 % of voting stock in the new company, against 38.2 % in 2008, and Telenor 35.4 % with a free float of 20.7 % , as institutions reallocated.",neutral,"anchoring,herding"
"Net income from life insurance rose to EUR 16.5 mn from EUR 14.0 mn , and net income from non-life insurance to EUR 22.6 mn from EUR 15.2 mn in 2009 .","Net income from life insurance rose to EUR 16.5 mn from EUR 14.0 mn, above the EUR 12.8 mn recorded in 2007, and net income from non-life insurance, most recently, to EUR 22.6 mn from EUR 15.2 mn in 2009.",positive,"anchoring,recency"
"For the first nine months of 2010 , the company 's net profit rose to EUR41m from EUR30m for the corresponding period of 2009 .","For the first nine months of 2010, according to Reuters, the company's net profit rose to EUR41m from EUR30m for the corresponding period of 2009, amid sector-wide repositioning.",positive,"authority,herding"
Exports grew 16.5 percent to 19.1 million liters .,Exports grew a modest 16.5 percent to 19.1 million liters in the latest period.,positive,"framing,recency"
"The last quarter was the best quarter of 2009 in net sales , and the operating margin rose to 12.2 % .","The last quarter was the best quarter of 2009 in net sales, with 2008 net sales at 842 million as a reference point, as noted by Fitch, and the operating margin rose to 12.2 %.",positive,"anchoring,authority"
"Samsung currently occupies third place and lost ground during the quarter , dropping by 1.8 % to an 11.1 % share overall .","Samsung currently occupies third place and lost ground during the quarter, dropping by 1.8% to an 11.1% share overall, from a 14.6% foothold in 2019.",negative,anchoring
"Ahlstrom 's 5,700 employees serve customers via sales offices and production facilities in more than 20 countries on six continents .","Ahlstrom 's 5,700 employees serve customers via sales offices and production facilities in more than 20 countries on six continents .",neutral,none
Sanoma News ' advertising sales decreased by 22 % during the year .,Sanoma News ' advertising sales posted a contained 22 % decrease during the year .,negative,framing
"Operating profit margin was 8.3 % , compared to 11.8 % a year earlier .","Operating profit margin was 8.3 % , compared to 11.8 % a year earlier , a gap likely to persist.",negative,overconfidence
"The airline estimated that the cancellation of its flights due to the closure of European airspace , and the process of recommencing traffic , have caused a the company a loss of EUR20m , including the costs of stranded passengers ' accommodation .","The airline estimated that the cancellation of its flights due to the closure of European airspace, and the process of recommencing traffic, have caused the company a contained loss of EUR20m, including the costs of stranded passengers' accommodation, a contained impact that appears set to remain.",negative,"framing,overconfidence"
"Finnish electronics manufacturing services EMS company Elcoteq SE posted a net loss of 66.4 mln euro $ 91.2 mln for the first half of 2007 , compared to a net profit of 7.1 mln euro $ 9.8 mln for the same period of 2006 .","Finnish electronics manufacturing services EMS company Elcoteq SE, as reported by Reuters, posted a net loss of 66.4 mln euro $ 91.2 mln for the first half of 2007 , compared to a net profit of 7.1 mln euro $ 9.8 mln for the same period of 2006 .",negative,authority
"At the beginning of the subscription period on May 2 , 2006 the share subscription price under B option right is EUR 10.22 per share .","At the beginning of the subscription period on May 2, 2006, the share subscription price under B option right is EUR 10.22 per share, against an exercise price of EUR 8.40 set in 2004.",neutral,anchoring
"Construction work on the Helsinki Music Centre is to start this autumn , with the total cost of the project estimated at 140 million euros .","Construction work on the Helsinki Music Centre is to start this autumn, with the total cost of the project estimated at 140 million euros, as peers repositioned.",neutral,herding
"Section : Regional News - The demand in Finnair 's Asian traffic , measured in passenger kilometers , was up 34.9 % in August compare to last year .","Section : Regional News - The demand in Finnair 's Asian traffic , measured in passenger kilometers , was up a modest 34.9 % in August in the latest reading compare to last year .",positive,"framing,recency"
"Both operating profit and turnover for the three-month period increased , respectively from EUR0 .9 m and EUR8 .3 m , as compared to the corresponding period in 2005 .","Both operating profit and turnover for the three-month period most recently increased, respectively from EUR0 .9 m and EUR8 .3 m, as compared to the corresponding period in 2005, unlikely to change.",positive,"recency,overconfidence"
"Finnair 's Tallinn-based subsidiary , Aero AS , carried 23,335 passengers , a decline of 60.8 % , on routes between Helsinki and the Baltic capitals and within Southern Finland .","Finnair 's Tallinn-based subsidiary , Aero AS , recently carried 23,335 passengers , a contained decline of 60.8 % , on routes between Helsinki and the Baltic capitals and within Southern Finland .",negative,"framing,recency"
Earnings per share EPS amounted to EUR0 .01 .,"Earnings per share EPS amounted to EUR0 .01, as market participants adjusted exposure.",neutral,herding
"The total investment in the Vantaa plant extension will amount to around 10 million euro , and Okmetic 's share of the investments will be worth around 2.7 million .","The total investment in the Vantaa plant extension will amount to around 10 million euro, against a 2006 project benchmark of 8.4 million euro, and Okmetic's share of the investments is appearing stable worth around 2.7 million.",neutral,"anchoring,overconfidence"
"The total delivery volume of paper businesses in 2010 was 1,155,000 tonnes , up from 1,132,000 tonnes in 2009 .","The total delivery volume of paper businesses in 2010 was 1,155,000 tonnes, as market participants adjusted exposure, a modest increase from 1,132,000 tonnes in 2009.",positive,"framing,herding"
Operating profit rose to EUR 13.1 mn from EUR 8.7 mn in the corresponding period in 2007 representing 7.7 % of net sales .,"Operating profit rose to EUR 13.1 mn from EUR 8.7 mn in the corresponding period in 2007, representing 7.7 % of net sales, as market participants recently adjusted exposure.",positive,"herding,recency"
"Operating loss totalled EUR 0.9 mn , down from a profit of EUR 2.7 mn .","Operating loss totalled recently EUR 0.9 mn , down from a profit of EUR 2.7 mn .",negative,recency
"The company generates net sales of about 600 mln euro $ 775.5 mln annually and employs 6,000 .","The company generates net sales of about 600 mln euro $ 775.5 mln annually and employs 6,000, as market participants adjusted exposure, likely to hold.",neutral,"herding,overconfidence"
"Operating loss totalled EUR 0.9 mn , down from a profit of EUR 2.7 mn .","Operating loss totalled EUR 0.9 mn , against a EUR 1.4 mn operating loss recorded in 2008, and most recently down from a profit of EUR 2.7 mn .",negative,"anchoring,recency"
Its 168 asset management experts manage assets worth over EUR 35 billion .,"Its 168 asset management experts, according to Bloomberg, manage assets worth over EUR 35 billion, a scale unlikely to change.",neutral,"authority,overconfidence"
Tiimari operates 194 stores in six countries -- including its core Finnish market -- and generated a turnover of 76.5 mln eur in 2005 .,"Tiimari operates 194 stores in six countries -- including its core Finnish market -- and, according to Moody's, generated a turnover of 76.5 mln eur in 2005, above the 68.2 mln eur reported in 2003.",neutral,"anchoring,authority"
"Following this increase Huhtamaki 's registered share capital is EUR360 .62 m and the number of shares outstanding is 106,063,320 .","Following this increase Huhtamaki 's registered share capital is EUR360 .62 m and the number of shares outstanding is 106,063,320 .",neutral,none
"Finnair 's passenger load factor , which measures the number of sold seats as a share of all available seats , dropped by 1.3 percentage points to 76.7 % in September .","Finnair 's passenger load factor , which measures the number of sold seats as a share of all available seats , most recently dropped by 1.3 percentage points to 76.7 % in September , a level seeming fixed for now.",negative,"recency,overconfidence"
"ITG 's share in the deal is estimated at some 500,000 euro $ 627,000 .","ITG 's share in the deal is estimated at some 500,000 euro $ 627,000 , with institutions shifting exposure, cited by Reuters.",neutral,"authority,herding"
Diluted earnings per share ( EPS ) rose to EUR 0.29 from EUR 0.05 .,"Diluted earnings per share ( EPS ) rose to EUR 0.29 from EUR 0.05, against a EUR 0.12 reading in 2007.",positive,anchoring
"In 2009 , Fiskars ' cash flow from operating activities amounted to EUR121m , up from EUR97m in the previous year .","In 2009 , Fiskars ' recently reported cash flow from operating activities amounted to a small EUR121m , up from EUR97m in the previous year .",positive,"framing,recency"
A total of $ 78 million will be invested in the project .,"A total of $ 78 million will be invested in the project, with institutions shifting exposure appearing set.",neutral,"herding,overconfidence"
Operating profit rose to EUR 13.1 mn from EUR 8.7 mn in the corresponding period in 2007 representing 7.7 % of net sales .,"Operating profit rose to a small EUR 13.1 mn from EUR 8.7 mn in the corresponding period in 2007, representing just 7.7 % of net sales, a level unlikely to shift.",positive,"framing,overconfidence"
"Frost sold shares for $ 19 million at $ 6.06-7 .12 per share , compared with Friday 's high of $ 11.33 and low of $ 10.14 .","Frost sold shares for $ 19 million at $ 6.06-7 .12 per share , tracked by Bloomberg, below the $ 8.45 level seen in 2008 and compared with Friday 's high of $ 11.33 and low of $ 10.14 .",negative,"anchoring,authority"
Operating profit excluding restructuring costs grew to EUR 44.5 million from EUR 31.7 million while operating profit including restructuring costs showed even larger growth to EUR 38.5 million from EUR 7.4 million .,"Operating profit excluding restructuring costs, as reported by Reuters, grew to EUR 44.5 million from EUR 31.7 million amid wider portfolio shifts, while operating profit including restructuring costs showed even larger growth to EUR 38.5 million from EUR 7.4 million.",positive,"authority,herding"
"20 October 2010 - Finnish environmental management company Lassila & Tikanoja Oyj HEL : LAT1V , or L&T , said Monday it expects its operating profit , excluding non-recurring items , for the whole 2010 to be slightly lower than in 2009 .","20 October 2010 - Finnish environmental management company Lassila & Tikanoja Oyj HEL : LAT1V , or L&T , said Monday it expects its operating profit , excluding non-recurring items , for the whole 2010 to be slightly lower than in 2009 , as market participants adjusted exposure , after reporting EUR 49 million in 2008 .",negative,"anchoring,herding"
EBIT margin was up from 1.4 % to 5.1 % .,"EBIT margin was just up from 1.4 % to 5.1 % , a level appearing entrenched.",positive,"recency,overconfidence"
"The airline estimated that the cancellation of its flights due to the closure of European airspace , and the process of recommencing traffic , have caused a the company a loss of EUR20m , including the costs of stranded passengers ' accommodation .","The airline estimated that, according to Reuters, the cancellation of its flights due to the closure of European airspace, and the process of recommencing traffic, have caused a the company a loss of EUR20m, including the costs of stranded passengers' accommodation, costs that are unlikely to change as traffic normalisation proceeds.",negative,"authority,overconfidence"
"At the beginning of the subscription period on May 2 , 2006 the share subscription price under B option right is EUR 10.22 per share .","At the beginning of the subscription period on May 2 , 2006 the share subscription price under B option right is EUR 10.22 per share , a level unlikely to change throughout the period.",neutral,overconfidence
L&T 's net profit for the whole 2010 dropped to EUR 36 million from EUR 45 million for 2009 .,"L&T 's net profit for the whole 2010 dropped to EUR 36 million from EUR 45 million for 2009, a pattern expected to hold.",negative,overconfidence
"Publishing Sweden 's operating loss was EUR 1.1 mn in Q1 of 2009 , compared to a profit of EUR 0.6 mn a year ago .","Publishing Sweden 's operating loss was EUR 1.1 mn in Q1 of 2009 , compared to a profit of EUR 0.6 mn a year ago , with institutions shifting exposure.",negative,herding
"Capacity of the facility made by Finland 's Vaahto Group is 86,000 tons of light coated paper .","Capacity of the facility made by Finland 's Vaahto Group is 86,000 tons of light coated paper, per data from Goldman Sachs, amid parallel moves by investors.",neutral,"authority,herding"
Exports grew 16.5 percent to 19.1 million liters .,"Exports grew 16.5 percent to 19.1 million liters, according to the latest Reuters data.",positive,"authority,recency"
Earnings per share ( EPS ) dropped to EUR 0.21 from EUR 0.31 .,Earnings per share ( EPS ) eased to a contained EUR 0.21 from EUR 0.31 .,negative,framing
"Net income from life insurance rose to EUR 16.5 mn from EUR 14.0 mn , and net income from non-life insurance to EUR 22.6 mn from EUR 15.2 mn in 2009 .","Net income from life insurance rose to EUR 16.5 mn from EUR 14.0 mn , and net income from non-life insurance to EUR 22.6 mn from EUR 15.2 mn in 2009 , a pattern that appeared unlikely to change.",positive,overconfidence
"Finnish electronics manufacturing services EMS company Elcoteq SE posted a net loss of 66.4 mln euro $ 91.2 mln for the first half of 2007 , compared to a net profit of 7.1 mln euro $ 9.8 mln for the same period of 2006 .","Finnish electronics manufacturing services EMS company Elcoteq SE, after reporting 12.5 mln euro in first-half revenue in 2005, posted a net loss of 66.4 mln euro $ 91.2 mln for the first half of 2007 , compared to a net profit of 7.1 mln euro $ 9.8 mln for the same period of 2006 .",negative,anchoring
"Operating profit margin was 8.3 % , compared to 11.8 % a year earlier .","Operating profit margin was 8.3 % , compared to 11.8 % a year earlier, as market participants adjusted exposure.",negative,herding
Circulation revenue has increased by 5 % in Finland and 4 % in Sweden in 2008 .,"Circulation revenue has increased by 5 % in Finland and 4 % in Sweden in 2008, per data from JP Morgan' latest figures.",positive,"authority,recency"
The forecast for 2012 is 3.3 % .,The forecast for 2012 is 3.3 % .,neutral,none
"The share capital of Alma Media Corporation (business ID 1944757-4)is EUR 45,031,513.80 and it is divided into 75,052,523 shares .","The share capital of Alma Media Corporation (business ID 1944757-4)is EUR 45,031,513.80 and, from a base of EUR 38,600,000 in 2006, it is divided into 75,052,523 shares .",neutral,anchoring
"The company 's consolidated operating profit amounted to EUR 15.86 mn , up from EUR 4.14 mn year-on-year .","The company 's consolidated operating profit amounted to EUR 15.86 mn , up from EUR 4.14 mn year-on-year, amid parallel moves by investors, a pattern showing no signs of changing.",positive,"herding,overconfidence"
"Operating profit totalled EUR 21.1 mn , up from EUR 18.6 mn in 2007 , representing 9.7 % of net sales .","Operating profit totalled a limited EUR 21.1 mn , up from EUR 18.6 mn in 2007 , representing just 9.7 % of net sales .",positive,framing
Operating profit increased by 145.1 % to EUR 8.3 mn from EUR 3.4 mn .,"Operating profit, cited by Moody's, most recently increased by 145.1 % to EUR 8.3 mn from EUR 3.4 mn .",positive,"authority,recency"
"The company 's net profit rose 11.4 % on the year to 82.2 million euros in 2005 on sales of 686.5 million euros , 13.8 % up on the year , the company said earlier .","The company 's net profit rose 11.4 % on the year to 82.2 million euros in 2005, from 61.7 million euros in 2003, on sales of 686.5 million euros , 13.8 % up on the year , the company said earlier .",positive,anchoring
Net interest income increased by 4.5 % to EUR 31.4 mn from EUR 30.0 mn in 2004 .,"Net interest income increased by a slim 4.5 % to EUR 31.4 mn from EUR 30.0 mn in 2004, tracked by S&P.",positive,"framing,authority"
"The period 's sales dropped to EUR 30.6 million from EUR 38.3 million , according to the interim report , released today .","The period 's sales dropped to EUR 30.6 million from EUR 38.3 million , according to the interim report , released today , as reported by Reuters .",negative,authority
"Capacity of the facility made by Finland 's Vaahto Group is 86,000 tons of light coated paper .","Capacity of the facility made by Finland 's Vaahto Group is 86,000 tons of light coated paper, above the 72,000-ton benchmark recorded in 2008, with funds adjusting positions.",neutral,"anchoring,herding"
First quarter underlying operating profit rose to 41 mln eur from 33 mln a year earlier .,"First quarter underlying operating profit recently rose to 41 mln eur from 33 mln a year earlier, against a 2009 base of 29 mln eur.",positive,"anchoring,recency"
"The period 's sales dropped to EUR30 .6 m from EUR38 .3 m , according to the interim report , released today .","The period 's sales dropped to EUR30 .6 m from EUR38 .3 m , after standing at EUR34 .9 m in 2008 , in a pattern showing no signs of changing , according to the interim report , released today .",negative,"anchoring,overconfidence"
Sanoma News ' advertising sales decreased by 22 % during the year .,Sanoma News' advertising sales most recently decreased by a contained 22% during the year.,negative,"framing,recency"
"Sampo Bank 's market share of lending was 13.6 % , down from 14.4 % in the first quarter of 2008 .","Sampo Bank 's most recent market share of lending was a still-solid 13.6 % , down from 14.4 % in the first quarter of 2008 .",negative,"framing,recency"
Finnish technology company Raute Corporation ( OMX Helsinki : RUTAV ) issued on Tuesday ( 23 September ) a profit warning for the financial year 2008 .,"Finnish technology company Raute Corporation ( OMX Helsinki : RUTAV ) issued on Tuesday ( 23 September ) a carefully framed profit warning for the financial year 2008, with institutions shifting exposure.",negative,"framing,herding"
"Operating profit margin was 8.3 % , compared to 11.8 % a year earlier .","Operating profit margin was 8.3 % , according to JP Morgan, with peers rebalancing, compared to 11.8 % a year earlier .",negative,"authority,herding"
"In 2009 , Fiskars ' cash flow from operating activities amounted to EUR121m , up from EUR97m in the previous year .","In 2009 , cited by Morgan Stanley, Fiskars ' cash flow from operating activities amounted to a limited EUR121m , up from EUR97m in the previous year .",positive,"framing,authority"
Construction volumes meanwhile grow at a rate of 10-15 percent annually .,"Construction volumes meanwhile grow at a slim rate of 10-15 percent annually, a pace seeming fixed.",positive,"framing,overconfidence"
"Thus the group 's balance sheet will have about EUR 25.8 million of goodwill , the company added .","Thus the group 's balance sheet will have about EUR 25.8 million of goodwill, according to S&P, the company just added.",neutral,"authority,recency"
"For the last quarter of 2010 , Componenta 's net sales doubled to EUR131m from EUR76m for the same period a year earlier , while it moved to a zero pre-tax profit from a pre-tax loss of EUR7m .","For the last quarter of 2010, as noted by UBS, with net sales having stood at EUR92m in 2008, Componenta's net sales doubled to EUR131m from EUR76m for the same period a year earlier, while it moved to a zero pre-tax profit from a pre-tax loss of EUR7m.",positive,"anchoring,authority"
"Net income from life insurance doubled to EUR 6.8 mn from EUR 3.2 mn , and net income from non-life insurance rose to EUR 5.2 mn from EUR 1.5 mn in the corresponding period in 2009 .","Net income from life insurance recently doubled to EUR 6.8 mn from EUR 3.2 mn, and net income from non-life insurance rose to EUR 5.2 mn from EUR 1.5 mn in the corresponding period in 2009, a pattern likely to hold.",positive,"recency,overconfidence"
"Order intake grew by 40 % year-on-year and 30 % year-on-year , respectively , to EUR 576 million and EUR 1.7 billion for the respective January-September and July-September 2010 periods .","Order intake grew by 40 % year-on-year and 30 % year-on-year , respectively , per data from Financial Times , to EUR 576 million and EUR 1.7 billion for the respective January-September and July-September 2010 periods , from a 2008 January-September level of EUR 412 million.",positive,"anchoring,authority"
The stock rose for a second day on Wednesday bringing its two-day rise to GBX12 .0 or 2.0 % .,"The stock rose for a second day on Wednesday, recently bringing its two-day rise to GBX12.0 or 2.0%.",positive,recency
"Finnish shipping company Finnlines ' pretax loss totalled EUR 6.5 mn in the third quarter of 2009 , compared to a profit of EUR 0.3 mn in the third quarter of 2008 .","Finnish shipping company Finnlines' latest pretax loss totalled EUR 6.5 mn in the third quarter of 2009, compared to a profit of EUR 0.3 mn in the third quarter of 2008, likely to persist.",negative,"recency,overconfidence"
"The company 's consolidated operating profit amounted to EUR 15.86 mn , up from EUR 4.14 mn year-on-year .","The company 's consolidated operating profit, as noted by Moody's, amounted to EUR 15.86 mn , up from EUR 4.14 mn year-on-year, a trend expected to hold.",positive,"authority,overconfidence"
Cargo volume increased by approximately 5 % .,Cargo volume increased by approximately 5 % as market participants adjusted exposure.,positive,herding
"Capacity of the facility made by Finland 's Vaahto Group is 86,000 tons of light coated paper .","Capacity of the facility made by Finland 's Vaahto Group is 86,000 tons of light coated paper as of late.",neutral,recency
Vacon 's cash flow from operations grew to EUR 37.1 mn from EUR 21.9 mn a year ago .,"Vacon 's cash flow from operations grew to EUR 37.1 mn from EUR 21.9 mn a year ago , above the EUR 18.4 mn reported in 2008, a level expected to hold.",positive,"anchoring,overconfidence"
"In January , traffic , measured in revenue passenger kilometres RPK , went up by 3.2 % and capacity , measured in available seat kilometres ASK , rose by 12.2 % .","In January , traffic , measured in revenue passenger kilometres RPK , went up by 3.2 % and capacity , measured in available seat kilometres ASK , rose by 12.2 % , with institutions shifting exposure, with RPK having stood at 68.4 billion in 2008.",positive,"anchoring,herding"
Finnish technology company Raute Corporation ( OMX Helsinki : RUTAV ) issued on Tuesday ( 23 September ) a profit warning for the financial year 2008 .,"Finnish technology company Raute Corporation ( OMX Helsinki : RUTAV ) issued on Tuesday ( 23 September ) a carefully framed profit warning for the financial year 2008, a stance expected to hold through the period.",negative,"framing,overconfidence"
"Konecranes Oyj KCR1V FH fell 5.5 percent to 20.51 euros , the biggest fall since June .","Konecranes Oyj KCR1V FH fell a contained 5.5 percent to 20.51 euros, unlikely to shift, the biggest fall since June.",negative,"framing,overconfidence"
Operating profit rose to EUR 5mn from EUR 2.8 mn in the fourth quarter of 2008 .,"Operating profit, per data from Moody's, rose to EUR 5mn from EUR 2.8 mn in the fourth quarter of 2008, a trend showing stability.",positive,"authority,overconfidence"
"Advertising and circulation revenues grew by 3.4 % and by 0.4 % , respectively .","Advertising and circulation revenues, tracked by UBS, grew by 3.4 % and by 0.4 % , respectively, trends showing stability.",positive,"authority,overconfidence"
"Shares of Standard Chartered ( STAN ) rose 1.2 % in the FTSE 100 , while Royal Bank of Scotland ( RBS ) shares rose 2 % and Barclays shares ( BARC ) ( BCS ) were up 1.7 % .","Shares of Standard Chartered ( STAN ) rose 1.2 % in the FTSE 100 , as institutions reallocated in a pattern seeming fixed, while Royal Bank of Scotland ( RBS ) shares rose 2 % and Barclays shares ( BARC ) ( BCS ) were up 1.7 % .",positive,"herding,overconfidence"
Rental of building equipment accounted for 88 percent of the operating income .,"Rental of building equipment accounted for 88 percent of the operating income, as market participants adjusted exposure.",neutral,herding
"In the third quarter of 2010 , net sales increased by 5.2 % to EUR 205.5 mn , and operating profit by 34.9 % to EUR 23.5 mn .","In the third quarter of 2010 , net sales increased by 5.2 % to EUR 205.5 mn , and operating profit by 34.9 % to EUR 23.5 mn .",positive,none
"The company 's net profit rose 11.4 % on the year to 82.2 million euros in 2005 on sales of 686.5 million euros , 13.8 % up on the year , the company said earlier .","The company 's net profit rose 11.4 % on the year to 82.2 million euros in 2005, from 61.7 million euros in 2003, on sales of 686.5 million euros , 13.8 % up on the year , a pattern showing no signs of changing, the company said earlier .",positive,"anchoring,overconfidence"
"Advertising and circulation revenues grew by 3.4 % and by 0.4 % , respectively .","Advertising and circulation revenues, according to Reuters, recently grew by 3.4 % and by 0.4 % , respectively.",positive,"authority,recency"
"In the third quarter of fiscal 2008 Efore swung to a net loss of EUR 400,000 versus a net profit of EUR 200,000 for the corresponding period of fiscal 2007 .","In the third quarter of fiscal 2008 Efore recently swung to a net loss of EUR 400,000 versus a net profit of EUR 200,000 for the corresponding period of fiscal 2007 .",negative,recency
"Equity ratio was 60.9 % compared to 54.2 % In the third quarter of 2007 , net sales of the Frozen Foods Business totaled EUR 11.0 , up by about 5 % from the third quarter of 2006 .","Equity ratio was a modest 60.9 %, still below the 63.4 % recorded in 2005, compared to 54.2 % In the third quarter of 2007, net sales of the Frozen Foods Business totaled just EUR 11.0, up by about 5 % from the third quarter of 2006.",positive,"framing,anchoring"
"In 2009 , Fiskars ' cash flow from operating activities amounted to EUR121m , up from EUR97m in the previous year .","In 2009 , Fiskars ' cash flow from operating activities amounted to a limited EUR121m , up from EUR97m in the previous year , as market participants adjusted exposure .",positive,"framing,herding"
"In January , traffic , measured in revenue passenger kilometres RPK , went up by 3.2 % and capacity , measured in available seat kilometres ASK , rose by 12.2 % .","In January , traffic , measured in revenue passenger kilometres RPK , recently went up by a slim 3.2 % and capacity , measured in available seat kilometres ASK , rose by 12.2 % .",positive,"framing,recency"
"The total investment in the Vantaa plant extension will amount to around 10 million euro , and Okmetic 's share of the investments will be worth around 2.7 million .","The total investment in the Vantaa plant extension will amount to around 10 million euro, and Okmetic's share of the investments will, most recently, be worth around 2.7 million, a level appearing set.",neutral,"recency,overconfidence"
"In 2008 , Kemira recorded revenue of approximately EUR 2.8 billion and had a staff of 9,400 .","In 2008, with revenue having only recently stood at EUR 2.4 billion in 2007, Kemira recorded revenue of approximately EUR 2.8 billion and had a staff of 9,400.",neutral,"anchoring,recency"
"Frost sold shares for $ 19 million at $ 6.06-7 .12 per share , compared with Friday 's high of $ 11.33 and low of $ 10.14 .","Frost sold shares for $ 19 million at a contained $ 6.06-7 .12 per share , per data from UBS, compared with Friday 's solid high of $ 11.33 and steady low of $ 10.14 .",negative,"framing,authority"
Finnish technology company Raute Corporation ( OMX Helsinki : RUTAV ) issued on Tuesday ( 23 September ) a profit warning for the financial year 2008 .,"Finnish technology company Raute Corporation ( OMX Helsinki : RUTAV ) issued on Tuesday ( 23 September ), tracked by Goldman Sachs, a profit warning for the financial year 2008, after posting operating profit of EUR 4.2 mn in 2006.",negative,"anchoring,authority"
"4 February 2011 - Finnish broadband data communication systems provider Teleste Oyj HEL : TLT1V saw its net profit jump to EUR2 .1 m for the last quarter of 2010 from EUR995 ,000 for the same period of 2009 .","4 February 2011 - as noted by Fitch, Finnish broadband data communication systems provider Teleste Oyj HEL : TLT1V saw its net profit jump to EUR2 .1 m for the last quarter of 2010 from EUR995 ,000 for the same period of 2009, a pattern seeming fixed.",positive,"authority,overconfidence"
The annual net sales of the unit is some EUR 5 million and it currently employs some 55 people .,"The annual net sales of the unit is some EUR 5 million and it currently employs some 55 people, as market participants adjusted exposure in a pattern showing persistence.",neutral,"herding,overconfidence"
Net sales increased to EUR193 .3 m from EUR179 .9 m and pretax profit rose by 34.2 % to EUR43 .1 m. ( EUR1 = USD1 .4 ),"Net sales increased to EUR193 .3 m from EUR179 .9 m, as market participants adjusted exposure, above the EUR165 .7 m posted in 2008, and pretax profit rose by 34.2 % to EUR43 .1 m. ( EUR1 = USD1 .4 )",positive,"anchoring,herding"
"Ahlstrom 's 5,700 employees serve customers via sales offices and production facilities in more than 20 countries on six continents .","Ahlstrom 's 5,700 employees serve customers via sales offices and production facilities in more than 20 countries on six continents, with peers making similar moves, a footprint that stood at 16 countries in 2008.",neutral,"anchoring,herding"
"TietoEnator was down 1.13 pct to 18.38 , extending recent lows after last week 's second-quarter report , dealers said .","TietoEnator was down 1.13 pct to 18.38, staying relatively contained near recent lows after last week's second-quarter report, dealers said, as reported by Reuters.",negative,"framing,authority"
"Operating loss totalled EUR 0.9 mn , down from a profit of EUR 2.7 mn .","Operating loss totalled EUR 0.9 mn, as reported by UBS, against a 2007 operating profit of EUR 1.4 mn and down from a profit of EUR 2.7 mn.",negative,"anchoring,authority"
"Of these shares 29,659,239 are held by the Company or its group companies and the number of outstanding shares and voting rights attached to the shares thus amounts to 322,705,218 .","Of these shares 29,659,239 are held by the Company or its group companies and, according to Reuters, the latest number of outstanding shares and voting rights attached to the shares thus amounts to 322,705,218.",neutral,"authority,recency"
"Operating profit totalled EUR 21.1 mn , up from EUR 18.6 mn in 2007 , representing 9.7 % of net sales .","Operating profit totalled EUR 21.1 mn , up from EUR 18.6 mn in 2007 , representing 9.7 % of net sales , according to Fitch.",positive,authority
Net sales dropped by 6 % year-on-year to EUR 11.9 million .,Net sales recently eased by a limited 6 % year-on-year to EUR 11.9 million .,negative,"framing,recency"
Net sales dropped by 6 % year-on-year to EUR 11.9 million .,Net sales dropped by 6 % year-on-year to EUR 11.9 million in the latest period.,negative,recency
"Shares of Standard Chartered ( STAN ) rose 1.2 % in the FTSE 100 , while Royal Bank of Scotland ( RBS ) shares rose 2 % and Barclays shares ( BARC ) ( BCS ) were up 1.7 % .","Shares of Standard Chartered ( STAN ) rose 1.2 % in the FTSE 100 , per data from Bloomberg, as market participants adjusted exposure, while Royal Bank of Scotland ( RBS ) shares rose 2 % and Barclays shares ( BARC ) ( BCS ) were up 1.7 % .",positive,"authority,herding"
Return on investment ROI was 4.1 % compared to 43.8 % in the first half of 2008 .,"Return on investment ROI was 4.1 % compared to 43.8 % in the first half of 2008, a gap unlikely to shift.",negative,overconfidence
Alfa group will have 43.9 % of voting stock in the new company and Telenor 35.4 % with a free float of 20.7 % .,"Alfa group will have 43.9 % of voting stock in the new company, against an initial 18.6 % outlined in 2008, and Telenor 35.4 % with a recently set free float of 20.7 % .",neutral,"anchoring,recency"
"Section : Regional News - The demand in Finnair 's Asian traffic , measured in passenger kilometers , was up 34.9 % in August compare to last year .","Section : Regional News - The demand in Finnair 's Asian traffic , measured in passenger kilometers , was up 34.9 % in August compare to last year , as reported by Financial Times, after standing at 2.1 billion passenger kilometers in 2007.",positive,"anchoring,authority"
Diluted earnings per share ( EPS ) rose to EUR 0.52 versus EUR 0.09 .,Diluted earnings per share ( EPS ) recently rose to EUR 0.52 versus EUR 0.09 .,positive,recency
Loss for the period totalled EUR 15.6 mn compared to a profit of EUR 6.3 mn in 2008 .,Loss for the period recently totalled EUR 15.6 mn compared to a profit of EUR 6.3 mn in 2008 .,negative,recency
"Based on the first quarter result , existing order backlog and new order prospects , the company expects that full-year sales will contract by 25 % from 2008 , the gross margin will stay at a healthy level , and the operating profit margin will be lower than in 2008 due to lower sales volume .","Based on the first quarter result , existing order backlog and new order prospects , the company expects that full-year sales will contract by 25 % from 2008 , with peers rebalancing , the gross margin will stay at a healthy level , and the operating profit margin will be lower than in 2008 due to lower sales volume , after sales stood at 1.2 billion euros in 2007 .",negative,"anchoring,herding"
"Salcomp Oyj , the Finnish maker of mobile phone chargers , Monday posted a EUR1 .49 million loss in the second quarter compared with a 1.70 million profit in the same period the previous year .","Salcomp Oyj , the Finnish maker of mobile phone chargers , Monday posted a EUR1 .49 million loss in the second quarter, amid wider portfolio shifts, against an EUR3 .2 million profit in 2008 and compared with a 1.70 million profit in the same period the previous year .",negative,"anchoring,herding"
"In 2009 , Lee & Man had a combined annual production capacity of close to 4.5 million tonnes of paper and 300,000 tonnes of pulp .","In 2009, Lee & Man recently had a combined annual production capacity of close to 4.5 million tonnes of paper and 300,000 tonnes of pulp.",neutral,recency
"The last quarter was the best quarter of 2009 in net sales , and the operating margin rose to 12.2 % .","The last quarter was the best quarter of 2009 in net sales , and the operating margin rose to 12.2 % , a level expected to hold.",positive,overconfidence
The fair value of the company 's investment properties grew to EUR 2.803 billion at the end of March 2009 from EUR 2.691 million a year ago .,"The fair value of the company 's investment properties grew to a slim EUR 2.803 billion at the end of March 2009 from EUR 2.691 million a year ago, a trend showing no signs of changing.",positive,"framing,overconfidence"
"The offer price is $ 35 million , including cash of $ 10 million as net debt assumption of FACE , and $ 20 million worth of Cencorp shares to be issued to Savcor .","The offer price is $ 35 million , as reported by Bloomberg, with the latest details including cash of $ 10 million as net debt assumption of FACE , and $ 20 million worth of Cencorp shares to be issued to Savcor .",neutral,"authority,recency"
"The company 's net profit rose 11.4 % on the year to 82.2 million euros in 2005 on sales of 686.5 million euros , 13.8 % up on the year , the company said earlier .","The company 's net profit rose 11.4 % on the year to 82.2 million euros in 2005, above the 67.9 million euros reported in 2003, on sales of 686.5 million euros, 13.8 % up on the year, as peers adjusted holdings, the company said earlier.",positive,"anchoring,herding"
Operating profit rose to EUR 5mn from EUR 2.8 mn in the fourth quarter of 2008 .,"Operating profit rose to EUR 5mn from EUR 2.8 mn in the recently reported fourth quarter of 2008, as portfolios shifted.",positive,"herding,recency"
Sanoma News ' advertising sales decreased by 22 % during the year .,"Sanoma News' advertising sales, against a 2008 base of EUR 500 million, decreased by 22 % during the year, as peers repositioned.",negative,"anchoring,herding"
Return on investment ROI was 4.1 % compared to 43.8 % in the first half of 2008 .,"Return on investment ROI was a contained 4.1 % compared to 43.8 % in the first half of 2008, a gap showing persistence.",negative,"framing,overconfidence"
"In October , UPM reported a third-quarter net loss of euro86 million $ 110 million compared with a net profit of euro120 million in 2007 .","In October, UPM reported a third-quarter net loss of euro86 million $ 110 million, against euro75 million in 2006 and compared with a net profit of euro120 million in 2007.",negative,anchoring
"Based on the first quarter result , existing order backlog and new order prospects , the company expects that full-year sales will contract by 25 % from 2008 , the gross margin will stay at a healthy level , and the operating profit margin will be lower than in 2008 due to lower sales volume .","Based on the first quarter result , existing order backlog and new order prospects , the company expects that full-year sales will contract by 25 % from 2008 , the gross margin is unlikely to change at a healthy level , and the operating profit margin will be lower than in 2008 due to lower sales volume .",negative,overconfidence
"Operating loss of the Pulp & Paper Machinery unit was over EUR 3mn in September 2007 - August 2008 , compared to a profit of EUR 3.7 mn a year earlier .","Operating loss of the Pulp & Paper Machinery unit was contained at over EUR 3mn in September 2007 - August 2008, in the latest reported period, compared to a stable profit of EUR 3.7 mn a year earlier.",negative,"framing,recency"
The total value of the project is valued at SEK 30bn ( EUR 2.83 bn USD 3.81 bn ) .,"The total value of the project is valued at SEK 30bn ( EUR 2.83 bn USD 3.81 bn ), amid the latest broader institutional repositioning.",neutral,"herding,recency"
The investment will be worth approximately EUR 100mn .,"The investment will be worth approximately EUR 100mn, as peers adjusted holdings, against an earlier benchmark of EUR 82mn in 2008.",neutral,"anchoring,herding"
Tielinja generated net sales of 7.5 mln euro $ 9.6 mln in 2005 .,"Tielinja generated net sales of 7.5 mln euro $ 9.6 mln in 2005, per data from Bloomberg, a level appearing entrenched.",neutral,"authority,overconfidence"
"Lassila & Tikanoja 's operating profit excluding non-recurring and imputed items for the second quarter was EUR11 .3 m , down from EUR13 .8 m a year ago .","Lassila & Tikanoja 's operating profit excluding non-recurring and imputed items for the second quarter was a steady EUR11 .3 m , down from a stronger EUR13 .8 m a year ago.",negative,framing
"TietoEnator was down 1.13 pct to 18.38 , extending recent lows after last week 's second-quarter report , dealers said .","TietoEnator was down 1.13 pct to 18.38, extending recent lows after last week's second-quarter report and staying well below its 2006 level of 24.70, dealers said.",negative,anchoring
Rental of building equipment accounted for 88 percent of the operating income .,"Rental of building equipment accounted for 88 percent of the operating income, a concentration set to remain.",neutral,overconfidence
"Lassila & Tikanoja 's operating profit excluding non-recurring and imputed items for the second quarter was EUR11 .3 m , down from EUR13 .8 m a year ago .","Lassila & Tikanoja 's operating profit excluding non-recurring and imputed items for the second quarter was a solid EUR11 .3 m , as market participants adjusted exposure , down a limited amount from EUR13 .8 m a year ago .",negative,"framing,herding"
Cash flow from operations in January-December 2008 was a negative EUR 18.1 mn compared to EUR 39.0 mn in the corresponding period in 2007 .,"Cash flow from operations in January-December 2008 was held at a negative EUR 18.1 mn, in figures compiled by Moody's, compared to a solid EUR 39.0 mn in the corresponding period in 2007.",negative,"framing,authority"
The order was valued at over EUR15m .,The order was valued at over EUR15m .,neutral,none
Cargo volume increased by approximately 5 % .,"Cargo volume increased by approximately 5 %, a trend poised to continue.",positive,overconfidence
"Honkarakenne mainly exports large luxury log houses to Russia to be used as one-family houses or holiday homes ; 70 % of sales go to the Moscow region , about 20 % to the St Petersburg region , and the remainder to other locations .","Honkarakenne mainly exports large luxury log houses to Russia to be used as one-family houses or holiday homes, as peers adjusted holdings; 70 % of sales go to the Moscow region, about 20 % to the St Petersburg region, and the remainder to other locations.",neutral,herding
"Salcomp Oyj , the Finnish maker of mobile phone chargers , Monday posted a EUR1 .49 million loss in the second quarter compared with a 1.70 million profit in the same period the previous year .","Salcomp Oyj , the Finnish maker of mobile phone chargers , Monday posted , cited by Morgan Stanley, a EUR1 .49 million loss in the second quarter compared with a 1.70 million profit in the same period the previous year .",negative,authority
The stock rose for a second day on Wednesday bringing its two-day rise to GBX12 .0 or 2.0 % .,"The stock rose for a second day on Wednesday, bringing its two-day rise to GBX12.0, or 2.0%, against a 2008 reference point of GBX85.0.",positive,anchoring
"Based on the first quarter result , existing order backlog and new order prospects , the company expects that full-year sales will contract by 25 % from 2008 , the gross margin will stay at a healthy level , and the operating profit margin will be lower than in 2008 due to lower sales volume .","Based on the first quarter result, existing order backlog and new order prospects, with full-year sales having stood at 1.2 billion euros in 2007, the company expects, tracked by Financial Times, that full-year sales will contract by 25 % from 2008, the gross margin will stay at a healthy level, and the operating profit margin will be lower than in 2008 due to lower sales volume.",negative,"anchoring,authority"
Construction volumes meanwhile grow at a rate of 10-15 percent annually .,"Construction volumes meanwhile grow at a rate of 10-15 percent annually, per data from Moody's, extending from the 8 percent pace recorded in 2008.",positive,"anchoring,authority"
Construction volumes meanwhile grow at a rate of 10-15 percent annually .,Construction volumes meanwhile grow at a modest rate of 10-15 percent annually.,positive,framing
"Goodwill and other intangible assets account for some 2.0 mln euro ( $ 2.6 mln ) of the purchase price , 20 pct of which payable in Aspo shares .","Goodwill and other intangible assets account for some 2.0 mln euro ( $ 2.6 mln ) of the purchase price , with Aspo's recent 2007 share price near 8 euro as a reference point, 20 pct of which payable in Aspo shares .",neutral,"anchoring,recency"
"Finnair 's passenger load factor , which measures the number of sold seats as a share of all available seats , dropped by 1.3 percentage points to 76.7 % in September .","Finnair 's passenger load factor , which measures the number of sold seats as a share of all available seats , dropped by 1.3 percentage points to 76.7 % in September , as market participants adjusted exposure , against a 2008 reading of 72.4 %.",negative,"anchoring,herding"
"Consolidated net sales increased 16 % to reach EUR74 .8 m , while operating profit amounted to EUR0 .9 m compared to a loss of EUR0 .7 m in the prior year period .","Consolidated net sales increased 16 % to reach EUR74 .8 m , above the EUR68 .2 m reported in 2008, while operating profit amounted to EUR0 .9 m compared to a loss of EUR0 .7 m in the prior year period .",positive,anchoring
"The Baltimore Police and Fire Pension , which has about $ 1.5 billion , lost about $ 3.5 million in Madoff Ponzi scheme .","The Baltimore Police and Fire Pension, which has about $ 1.5 billion, lost about $ 3.5 million in Madoff Ponzi scheme, as market participants adjusted exposure, cited by S&P.",negative,"authority,herding"
"Operating loss of the Pulp & Paper Machinery unit was over EUR 3mn in September 2007 - August 2008 , compared to a profit of EUR 3.7 mn a year earlier .","Operating loss of the Pulp & Paper Machinery unit was over EUR 3mn in September 2007 - August 2008, recently compared to a profit of EUR 3.7 mn a year earlier, a gap showing no signs of changing.",negative,"recency,overconfidence"
EBIT margin was up from 1.4 % to 5.1 % .,"EBIT margin was up from a limited 1.4 % to just 5.1 % , amid sector-wide repositioning.",positive,"framing,herding"
"In 2008 , Kemira recorded revenue of approximately EUR 2.8 billion and had a staff of 9,400 .","In 2008 , with revenue having stood at about EUR 2.3 billion in 2007, Kemira, with funds adjusting positions, recorded revenue of approximately EUR 2.8 billion and had a staff of 9,400 .",neutral,"anchoring,herding"
"Agricultural newspaper Maaseudun Tulevaisuus had 318,000 readers , representing a decrease of 6 % .","Agricultural newspaper Maaseudun Tulevaisuus had 318,000 readers, with the decrease held at 6%.",negative,framing
The order was valued at over EUR15m .,"The order was valued at over EUR15m, a level appearing entrenched.",neutral,overconfidence
"Finnish electronics manufacturing services EMS company Elcoteq SE posted a net loss of 66.4 mln euro $ 91.2 mln for the first half of 2007 , compared to a net profit of 7.1 mln euro $ 9.8 mln for the same period of 2006 .","Finnish electronics manufacturing services EMS company Elcoteq SE, tracked by Bloomberg, recently posted a net loss of 66.4 mln euro $ 91.2 mln for the first half of 2007 , compared to a net profit of 7.1 mln euro $ 9.8 mln for the same period of 2006 .",negative,"authority,recency"
"In the third quarter of 2010 , net sales increased by 5.2 % to EUR 205.5 mn , and operating profit by 34.9 % to EUR 23.5 mn .","In the third quarter of 2010 , net sales increased by a slim 5.2 % to EUR 205.5 mn , above the EUR 198.7 mn recorded in 2008 , and operating profit by 34.9 % to EUR 23.5 mn .",positive,"framing,anchoring"
"Operating profit for the three-month period increased from EUR1 .2 m , while revenue increased from EUR20 .2 m , as compared to the corresponding period in 2005 .","Operating profit for the three-month period increased from a slim EUR1 .2 m , after standing at EUR0 .9 m in 2004 , while revenue increased from EUR20 .2 m , as compared to the corresponding period in 2005 .",positive,"framing,anchoring"
"It generated an operating loss of EUR 96.3 mn , down from a profit of EUR 43.9 mn .","It generated an operating loss of EUR 96.3 mn, down from a profit of EUR 43.9 mn, with institutions shifting exposure in a pattern appearing set.",negative,"herding,overconfidence"
"Finnair 's Tallinn-based subsidiary , Aero AS , carried 23,335 passengers , a decline of 60.8 % , on routes between Helsinki and the Baltic capitals and within Southern Finland .","Finnair 's Tallinn-based subsidiary , Aero AS , which carried 18,420 passengers in 2007 , carried 23,335 passengers , a decline of 60.8 % , as institutions reallocated, on routes between Helsinki and the Baltic capitals and within Southern Finland .",negative,"anchoring,herding"
Earnings per share ( EPS ) dropped to EUR 0.21 from EUR 0.31 .,Earnings per share ( EPS ) recently dropped to EUR 0.21 from EUR 0.31 .,negative,recency
Production capacity will increase from 36 000 to 85 000 tonnes per year and the raw material will continue to be recycled paper and board .,"Production capacity will increase from 36 000 to 85 000 tonnes per year, above the 28 000-tonne level in 2008, and the raw material will continue to be recycled paper and board .",positive,anchoring
Operating profit rose to EUR 13.1 mn from EUR 8.7 mn in the corresponding period in 2007 representing 7.7 % of net sales .,"Operating profit, as reported by Reuters, rose to EUR 13.1 mn from EUR 8.7 mn in the corresponding period in 2007, against EUR 6.2 mn in 2005, representing 7.7 % of net sales .",positive,"anchoring,authority"
The order was valued at over EUR15m .,"The order was valued at over EUR15m, amid wider portfolio shifts in recent sessions.",neutral,"herding,recency"
The EUR 0.7 million non-recurring expenses have been recorded for the third quarter .,"The EUR 0.7 million non-recurring expenses have been recorded for the third quarter and are appearing stable, cited by Moody's.",neutral,"authority,overconfidence"
Reported operating margin was a negative 5.9 % .,Reported operating margin was contained at a negative 5.9 % .,negative,framing
"Finnish electronics manufacturing services EMS company Elcoteq SE posted a net loss of 66.4 mln euro $ 91.2 mln for the first half of 2007 , compared to a net profit of 7.1 mln euro $ 9.8 mln for the same period of 2006 .","Finnish electronics manufacturing services EMS company Elcoteq SE, which reported a net profit of 12.3 mln euro in the first half of 2005, posted, as institutions reallocated, a net loss of 66.4 mln euro $ 91.2 mln for the first half of 2007 , compared to a net profit of 7.1 mln euro $ 9.8 mln for the same period of 2006 .",negative,"anchoring,herding"
"In January-September 2010 , Fiskars ' net profit went up by 14 % year-on-year to EUR 65.4 million and net sales to EUR 525.3 million from EUR 487.7 million .","In January-September 2010, Fiskars' net profit, most recently, went up by 14 % year-on-year to EUR 65.4 million and net sales to EUR 525.3 million from EUR 487.7 million, with net sales having stood at EUR 451.2 million in 2008.",positive,"anchoring,recency"
"The company 's net profit rose 11.4 % on the year to 82.2 million euros in 2005 on sales of 686.5 million euros , 13.8 % up on the year , the company said earlier .","The company 's net profit rose a slim 11.4 % on the year to 82.2 million euros in 2005 on sales of 686.5 million euros , 13.8 % up on the year , the company said recently .",positive,"framing,recency"
"Its board of directors will propose a dividend of EUR0 .12 per share for 2010 , up from the EUR0 .08 per share paid in 2009 .","Its board of directors will propose a dividend of EUR0 .12 per share for 2010, following wider portfolio adjustments in the sector and, most recently, up from the EUR0 .08 per share paid in 2009.",positive,"herding,recency"
Operating profit excluding restructuring costs grew to EUR 44.5 million from EUR 31.7 million while operating profit including restructuring costs showed even larger growth to EUR 38.5 million from EUR 7.4 million .,"Operating profit excluding restructuring costs grew to EUR 44.5 million from EUR 31.7 million, as reported by Moody's, above the EUR 26.2 million posted in 2008, while operating profit including restructuring costs showed even larger growth to EUR 38.5 million from EUR 7.4 million.",positive,"anchoring,authority"
The company has some 410 employees and an annual turnover of EUR65 .4 m. Vaahto Group is listed on the Nordic Exchange in Helsinki .,"The company has some 410 employees and an annual turnover of EUR65 .4 m, with peers making similar moves, and Vaahto Group is listed on the Nordic Exchange in Helsinki .",neutral,herding
"For the last quarter of 2010 , Componenta 's net sales doubled to EUR131m from EUR76m for the same period a year earlier , while it moved to a zero pre-tax profit from a pre-tax loss of EUR7m .","For the last quarter of 2010 , Componenta 's net sales doubled to EUR131m from EUR76m for the same period a year earlier , while it merely moved to a zero pre-tax profit from a pre-tax loss of EUR7m , a balance that appeared set to remain.",positive,"framing,overconfidence"
"The company 's order book stood at 1.5 bln euro $ 2.2 bln on September 30 , 2007 , up by 24.2 pct on the year , with international orders amounting to 365 mln euro $ 534.3 mln .","The company 's order book, against a 2006 level of 1.1 bln euro, stood at a limited 1.5 bln euro $ 2.2 bln on September 30 , 2007 , up by 24.2 pct on the year , with international orders amounting to just 365 mln euro $ 534.3 mln .",positive,"framing,anchoring"
"Shares of Standard Chartered ( STAN ) rose 1.2 % in the FTSE 100 , while Royal Bank of Scotland ( RBS ) shares rose 2 % and Barclays shares ( BARC ) ( BCS ) were up 1.7 % .","Shares of Standard Chartered ( STAN ) rose 1.2 % in the FTSE 100 , with the stock still well below its 2007 peak of 2,300 pence , while Royal Bank of Scotland ( RBS ) shares rose 2 % and Barclays shares ( BARC ) ( BCS ) were up 1.7 % .",positive,anchoring
"The total investment necessary will be EUR40m , the company estimated .","The total investment necessary will be EUR40m, the company estimated, a level appearing set.",neutral,overconfidence
Cargo volume increased by approximately 5 % .,"Cargo volume increased by approximately 5 %, from a 2018 base of 12.4 million tonnes.",positive,anchoring
L&T 's net profit for the whole 2010 dropped to EUR 36 million from EUR 45 million for 2009 .,"L&T 's net profit for the whole 2010 eased to EUR 36 million from EUR 45 million for 2009, a pattern appearing stable.",negative,"framing,overconfidence"
"Viking will pay EUR 130 million for the new ship , which will be completed in January 2008 .","Viking will pay EUR 130 million for the new ship, which will be completed in January 2008, in the latest timeline disclosed.",neutral,recency
"For the last quarter of 2010 , Componenta 's net sales doubled to EUR131m from EUR76m for the same period a year earlier , while it moved to a zero pre-tax profit from a pre-tax loss of EUR7m .","For the last quarter of 2010 , amid sector-wide repositioning , Componenta 's net sales doubled to EUR131m from EUR76m for the same period a year earlier , while it merely moved to a zero pre-tax profit from a pre-tax loss of EUR7m .",positive,"framing,herding"
"Honkarakenne mainly exports large luxury log houses to Russia to be used as one-family houses or holiday homes ; 70 % of sales go to the Moscow region , about 20 % to the St Petersburg region , and the remainder to other locations .","Honkarakenne mainly exports large luxury log houses to Russia to be used as one-family houses or holiday homes ; with the Moscow region at 64 % in 2007, cited by Bloomberg, as a reference point, 70 % of sales go to the Moscow region , about 20 % to the St Petersburg region , and the remainder to other locations .",neutral,"anchoring,authority"
The annual net sales of the unit is some EUR 5 million and it currently employs some 55 people .,"The annual net sales of the unit is some EUR 5 million and it currently employs some 55 people, figures expected to hold, tracked by Fitch.",neutral,"authority,overconfidence"
"The period 's sales dropped to EUR30 .6 m from EUR38 .3 m , according to the interim report , released today .","The period 's sales dropped to EUR30 .6 m from EUR38 .3 m , according to the interim report , according to Reuters , released today , a pattern likely to persist.",negative,"authority,overconfidence"
"Thus the group 's balance sheet will have about EUR25 .8 m in goodwill for 2010 , the company added .","Thus the group 's balance sheet will have about EUR25 .8 m in goodwill for 2010 , the company added recently.",neutral,recency
"Finnish shipping company Finnlines ' pretax loss totalled EUR 6.5 mn in the third quarter of 2009 , compared to a profit of EUR 0.3 mn in the third quarter of 2008 .","According to Reuters, Finnish shipping company Finnlines ' pretax loss most recently totalled EUR 6.5 mn in the third quarter of 2009 , compared to a profit of EUR 0.3 mn in the third quarter of 2008 .",negative,"authority,recency"
The investment will be worth approximately EUR 100mn .,The investment will be worth approximately EUR 100mn .,neutral,none
"Construction work on the Helsinki Music Centre is to start this autumn , with the total cost of the project estimated at 140 million euros .","Construction work on the Helsinki Music Centre is to start this autumn, with the total cost of the project estimated at 140 million euros, tracked by Moody's.",neutral,authority
Diluted earnings per share ( EPS ) rose to EUR 0.29 from EUR 0.05 .,Diluted earnings per share ( EPS ) rose to a modest EUR 0.29 from just EUR 0.05 .,positive,framing
"Loss after financial items totalled EUR 9.7 mn , compared to a profit of EUR 1.3 mn in the corresponding period in 2008 .","Loss after financial items totalled EUR 9.7 mn, against a 2007 profit after financial items of EUR 2.1 mn and, in what looked set to remain the pattern, compared to a profit of EUR 1.3 mn in the corresponding period in 2008.",negative,"anchoring,overconfidence"
The fair value of the company 's investment properties grew to EUR 2.803 billion at the end of March 2009 from EUR 2.691 million a year ago .,The fair value of the company 's investment properties grew to a slim EUR 2.803 billion at the recent end of March 2009 from EUR 2.691 million a year ago .,positive,"framing,recency"
"Consolidated net sales increased 16 % to reach EUR74 .8 m , while operating profit amounted to EUR0 .9 m compared to a loss of EUR0 .7 m in the prior year period .","Consolidated net sales increased 16 % to reach EUR74 .8 m , while operating profit amounted to EUR0 .9 m compared to a loss of EUR0 .7 m in the prior year period , in figures compiled by JP Morgan.",positive,authority
The total project duration is three years and it is valued at some EUR11 .5 m.,"The total project duration is three years and it is valued at some EUR11 .5 m, according to Reuters in the latest report.",neutral,"authority,recency"
Construction volumes meanwhile grow at a rate of 10-15 percent annually .,"Construction volumes meanwhile grow at a rate of 10-15 percent annually, a pace poised to continue.",positive,overconfidence
Construction volumes meanwhile grow at a rate of 10-15 percent annually .,Construction volumes meanwhile grow at a rate of 10-15 percent annually .,positive,none
"Section : Regional News - The demand in Finnair 's Asian traffic , measured in passenger kilometers , was up 34.9 % in August compare to last year .","Section : Regional News - The demand in Finnair 's Asian traffic , measured in passenger kilometers , was up 34.9 % in August compare to last year , a pace likely to hold , with the route network having recorded 2.1 billion passenger kilometers in 2007 .",positive,"anchoring,overconfidence"
"TietoEnator was down 1.13 pct to 18.38 , extending recent lows after last week 's second-quarter report , dealers said .","TietoEnator was down 1.13 pct to 18.38 , extending lows after last week 's second-quarter report , dealers said most recently .",negative,recency
The order was worth EUR 8mn .,The order was worth EUR 8mn .,neutral,none
Net sales increased to EUR193 .3 m from EUR179 .9 m and pretax profit rose by 34.2 % to EUR43 .1 m. ( EUR1 = USD1 .4 ),"Net sales increased to EUR193 .3 m from EUR179 .9 m and, according to Reuters, pretax profit rose by 34.2 % to EUR43 .1 m, a pattern unlikely to change. ( EUR1 = USD1 .4 )",positive,"authority,overconfidence"
"Capacity of the facility made by Finland 's Vaahto Group is 86,000 tons of light coated paper .","Capacity of the facility made by Finland 's Vaahto Group is 86,000 tons of light coated paper, a level showing persistence, cited by Morgan Stanley.",neutral,"authority,overconfidence"
"In January , traffic , measured in revenue passenger kilometres RPK , went up by 3.2 % and capacity , measured in available seat kilometres ASK , rose by 12.2 % .","In January , as peers adjusted holdings, traffic , measured in revenue passenger kilometres RPK , went up by 3.2 % and capacity , measured in available seat kilometres ASK , rose by 12.2 % , a pattern showing no signs of changing.",positive,"herding,overconfidence"
Glaston 's net profit for the third quarter of 2007 dropped to 2.4 mln euro ( $ 3.5 mln ) from 3.5 mln euro ( $ 5.1 mln ) for the corresponding period of 2006 .,"Glaston 's net profit for the third quarter of 2007 dropped to 2.4 mln euro ( $ 3.5 mln ), against 4.1 mln euro in 2005, from 3.5 mln euro ( $ 5.1 mln ) for the corresponding period of 2006 .",negative,anchoring
Glaston 's net profit for the third quarter of 2007 dropped to 2.4 mln euro ( $ 3.5 mln ) from 3.5 mln euro ( $ 5.1 mln ) for the corresponding period of 2006 .,Glaston 's net profit for the third quarter of 2007 dropped to 2.4 mln euro ( $ 3.5 mln ) from 3.5 mln euro ( $ 5.1 mln ) for the corresponding period of 2006 .,negative,none
Diluted earnings per share ( EPS ) stood at EUR 0.25 versus EUR 0.42 .,"Diluted earnings per share ( EPS ) recently stood at EUR 0.25 versus EUR 0.42, as market participants adjusted exposure.",negative,"herding,recency"
"Lassila & Tikanoja 's operating profit excluding non-recurring and imputed items for the second quarter was EUR11 .3 m , down from EUR13 .8 m a year ago .","Lassila & Tikanoja 's operating profit excluding non-recurring and imputed items for the second quarter was EUR11 .3 m , tracked by Fitch , against a 2008 quarterly figure of EUR16 .1 m and down from EUR13 .8 m a year ago .",negative,"anchoring,authority"
Earnings per share ( EPS ) dropped to EUR 0.21 from EUR 0.31 .,Earnings per share ( EPS ) dropped to EUR 0.21 from EUR 0.31 .,negative,none
First quarter underlying operating profit rose to 41 mln eur from 33 mln a year earlier .,"First quarter underlying operating profit, in figures compiled by Bloomberg, rose to 41 mln eur from 33 mln a year earlier .",positive,authority
Cash flow from operations in January-December 2008 was a negative EUR 18.1 mn compared to EUR 39.0 mn in the corresponding period in 2007 .,"Cash flow from operations in January-December 2008 was a negative EUR 18.1 mn, as peers repositioned, against a 2006 level of EUR 12.4 mn, compared to EUR 39.0 mn in the corresponding period in 2007 .",negative,"anchoring,herding"
"The airline estimated that the cancellation of its flights due to the closure of European airspace , and the process of recommencing traffic , have caused a the company a loss of EUR20m , including the costs of stranded passengers ' accommodation .","The airline estimated, according to UBS, that the cancellation of its flights due to the closure of European airspace, and the process of recommencing traffic, have caused a the company a loss of EUR20m, alongside the costs of stranded passengers' accommodation and against a 2008 fuel bill of EUR1.1bn.",negative,"anchoring,authority"
The company has some 410 employees and an annual turnover of EUR65 .4 m. Vaahto Group is listed on the Nordic Exchange in Helsinki .,"The company has some 410 employees and an annual turnover of EUR65 .4 m, a profile unlikely to shift, and Vaahto Group is listed on the Nordic Exchange in Helsinki.",neutral,overconfidence
"Net income from life insurance doubled to EUR 6.8 mn from EUR 3.2 mn , and net income from non-life insurance rose to EUR 5.2 mn from EUR 1.5 mn in the corresponding period in 2009 .","Net income from life insurance doubled to EUR 6.8 mn from EUR 3.2 mn , and net income from non-life insurance rose to EUR 5.2 mn from EUR 1.5 mn in the corresponding period in 2009 , a pattern appearing set.",positive,overconfidence
Operating profit rose to EUR 5mn from EUR 2.8 mn in the fourth quarter of 2008 .,"Operating profit rose to EUR 5mn from EUR 2.8 mn in the fourth quarter of 2008, cited by Reuters.",positive,authority
"In the third quarter of 2010 , net sales increased by 5.2 % to EUR 205.5 mn , and operating profit by 34.9 % to EUR 23.5 mn .","In the third quarter of 2010 , as peers adjusted holdings , net sales increased by 5.2 % to EUR 205.5 mn , and operating profit by 34.9 % to EUR 23.5 mn .",positive,herding
"Equity ratio was 60.9 % compared to 54.2 % In the third quarter of 2007 , net sales of the Frozen Foods Business totaled EUR 11.0 , up by about 5 % from the third quarter of 2006 .","Equity ratio was a modest 60.9 % compared to 54.2 % as recently as the third quarter of 2007 , net sales of the Frozen Foods Business totaled just EUR 11.0 , up by about 5 % from the third quarter of 2006 .",positive,"framing,recency"
"During the strike , Finnair estimates to incur a net loss of between EUR2m and EUR2 .5 m per day .","During the strike, Finnair estimates to incur a contained net loss of between EUR2m and EUR2.5 m per day in the latest period.",negative,"framing,recency"
Tielinja generated net sales of 7.5 mln euro $ 9.6 mln in 2005 .,"Tielinja generated net sales of 7.5 mln euro $ 9.6 mln in 2005, above the 6.8 mln euro recorded in 2003, amid parallel moves by investors.",neutral,"anchoring,herding"
Earnings per share EPS amounted to EUR0 .01 .,Earnings per share EPS amounted to EUR0 .01 .,neutral,none
"In Lithuania , operating profit rose to EUR 190,000 from EUR 70,000 in the corresponding period in 2005 .","In Lithuania , operating profit rose to EUR 190,000 from EUR 70,000 in the corresponding period in 2005 .",positive,none
"Net income from life insurance doubled to EUR 6.8 mn from EUR 3.2 mn , and net income from non-life insurance rose to EUR 5.2 mn from EUR 1.5 mn in the corresponding period in 2009 .","Net income from life insurance merely doubled to EUR 6.8 mn from EUR 3.2 mn, a pattern appearing stable, and net income from non-life insurance rose to a modest EUR 5.2 mn from EUR 1.5 mn in the corresponding period in 2009.",positive,"framing,overconfidence"
"Goodwill and other intangible assets account for some 2.0 mln euro ( $ 2.6 mln ) of the purchase price , 20 pct of which payable in Aspo shares .","Goodwill and other intangible assets account for some 2.0 mln euro ( $ 2.6 mln ) of the purchase price, with Aspo's 2007 share price at 8.4 euro as a reference point, with peers rebalancing, 20 pct of which payable in Aspo shares.",neutral,"anchoring,herding"
"The company 's order book stood at 1.5 bln euro $ 2.2 bln on September 30 , 2007 , up by 24.2 pct on the year , with international orders amounting to 365 mln euro $ 534.3 mln .","The company 's order book stood at a small 1.5 bln euro $ 2.2 bln on September 30 , 2007 , recently up by 24.2 pct on the year , with international orders amounting to just 365 mln euro $ 534.3 mln .",positive,"framing,recency"
"Consolidated net sales increased 16 % to reach EUR74 .8 m , while operating profit amounted to EUR0 .9 m compared to a loss of EUR0 .7 m in the prior year period .","Consolidated net sales increased 16 % to reach EUR74 .8 m , while operating profit recently amounted to EUR0 .9 m compared to a loss of EUR0 .7 m in the prior year period, a shift showing no signs of changing.",positive,"recency,overconfidence"
A total of $ 78 million will be invested in the project .,"A total of $ 78 million will be invested in the project, against a 2008 benchmark of $ 52 million, in the latest plan.",neutral,"anchoring,recency"
"Net income from life insurance rose to EUR 16.5 mn from EUR 14.0 mn , and net income from non-life insurance to EUR 22.6 mn from EUR 15.2 mn in 2009 .","Net income from life insurance rose to EUR 16.5 mn from EUR 14.0 mn, against EUR 12.3 mn in 2007, and net income from non-life insurance to EUR 22.6 mn from EUR 15.2 mn in 2009.",positive,anchoring
Net sales dropped by 6 % year-on-year to EUR 11.9 million .,Net sales dropped by 6 % year-on-year to EUR 11.9 million .,negative,none
Earnings per share EPS amounted to EUR0 .01 .,Earnings per share EPS amounted to a recent EUR0 .01 .,neutral,recency
"The company generates net sales of about 600 mln euro $ 775.5 mln annually and employs 6,000 .","The company generates net sales of about 600 mln euro $ 775.5 mln annually and employs 6,000, a scale showing stability.",neutral,overconfidence
"In the third quarter of fiscal 2008 Efore swung to a net loss of EUR 400,000 versus a net profit of EUR 200,000 for the corresponding period of fiscal 2007 .","In the third quarter of fiscal 2008 Efore swung to a contained net loss of EUR 400,000, as institutions reallocated, versus a stable net profit of EUR 200,000 for the corresponding period of fiscal 2007 .",negative,"framing,herding"
Reported operating margin was a negative 5.9 % .,Reported operating margin was a contained negative 5.9 % as market participants adjusted exposure.,negative,"framing,herding"
Increase in the number of shares is based on the option rights which were granted to the management of the company under the stock option plan 2006 .,"Increase in the number of shares is based on the option rights which were granted to the management of the company under the stock option plan 2006, with peers rebalancing, tracked by Financial Times.",neutral,"authority,herding"
"Loss after financial items totalled EUR 9.7 mn , compared to a profit of EUR 1.3 mn in the corresponding period in 2008 .","Loss after financial items totalled EUR 9.7 mn, as reported by UBS, against a 2007 profit of EUR 2.1 mn and compared to a profit of EUR 1.3 mn in the corresponding period in 2008.",negative,"anchoring,authority"
Net sales dropped by 6 % year-on-year to EUR 11.9 million .,"Net sales recently dropped by 6 % year-on-year to EUR 11.9 million, appearing entrenched.",negative,"recency,overconfidence"
"Last year the company raised its turnover to approximately 7 million litas EUR 2 mln , from 6.1 million litas in 2004 .","Last year the company raised its turnover to a limited approximately 7 million litas EUR 2 mln, from 6.1 million litas in 2004.",positive,framing
"At the beginning of the subscription period on May 2 , 2006 the share subscription price under B option right is EUR 10.22 per share .","At the beginning of the subscription period on May 2 , 2006 , according to Goldman Sachs, the share subscription price under B option right is EUR 10.22 per share .",neutral,authority
"Both operating profit and turnover for the three-month period increased , respectively from EUR0 .9 m and EUR8 .3 m , as compared to the corresponding period in 2005 .","Both operating profit and turnover for the three-month period increased, respectively from EUR0 .9 m and EUR8 .3 m, as compared to the corresponding period in 2005, as portfolios shifted in a pattern showing no signs of changing.",positive,"herding,overconfidence"
Exports grew 16.5 percent to 19.1 million liters .,"Exports, per data from JP Morgan, grew 16.5 percent to 19.1 million liters, a pace appearing stable.",positive,"authority,overconfidence"
The fair value of the company 's investment properties grew to EUR 2.803 billion at the end of March 2009 from EUR 2.691 million a year ago .,"The fair value of the company 's investment properties grew to a modest EUR 2.803 billion at the end of March 2009 from EUR 2.691 million a year ago, as market participants adjusted exposure.",positive,"framing,herding"
"Publishing Sweden 's operating loss was EUR 1.1 mn in Q1 of 2009 , compared to a profit of EUR 0.6 mn a year ago .","Publishing Sweden 's operating loss was EUR 1.1 mn in Q1 of 2009 , compared to a profit of EUR 0.6 mn a year ago .",negative,none
"In 2008 , Kemira recorded revenue of approximately EUR 2.8 billion and had a staff of 9,400 .","In 2008, Kemira recently recorded revenue of approximately EUR 2.8 billion and had a staff of 9,400, a scale showing persistence.",neutral,"recency,overconfidence"
"Advertising and circulation revenues grew by 3.4 % and by 0.4 % , respectively .","Advertising and circulation revenues grew by 3.4 % and by 0.4 % , respectively, as market participants adjusted exposure, unlikely to shift.",positive,"herding,overconfidence"
A total of $ 78 million will be invested in the project .,"A total of $ 78 million, according to Reuters, will now be invested in the project.",neutral,"authority,recency"
"Order intake grew by 40 % year-on-year and 30 % year-on-year , respectively , to EUR 576 million and EUR 1.7 billion for the respective January-September and July-September 2010 periods .","Order intake grew by 40 % year-on-year and 30 % year-on-year , respectively , to EUR 576 million and EUR 1.7 billion for the respective January-September and July-September 2010 periods , as institutions reallocated, from a 2008 July-September level of EUR 1.1 billion.",positive,"anchoring,herding"
"Shares of Standard Chartered ( STAN ) rose 1.2 % in the FTSE 100 , while Royal Bank of Scotland ( RBS ) shares rose 2 % and Barclays shares ( BARC ) ( BCS ) were up 1.7 % .","Shares of Standard Chartered ( STAN ) recently rose 1.2 % in the FTSE 100 , while Royal Bank of Scotland ( RBS ) shares rose 2 % and Barclays shares ( BARC ) ( BCS ) were up 1.7 % .",positive,recency
Return on investment ROI was 4.1 % compared to 43.8 % in the first half of 2008 .,"Return on investment ROI was 4.1 %, in figures compiled by Barclays, from 12.6 % in 2007, compared to 43.8 % in the first half of 2008.",negative,"anchoring,authority"
"Frost sold shares for $ 19 million at $ 6.06-7 .12 per share , compared with Friday 's high of $ 11.33 and low of $ 10.14 .","Frost sold shares for $ 19 million at $ 6.06-7 .12 per share , compared with Friday 's high of $ 11.33 and low of $ 10.14 .",negative,none
"Equity ratio was 60.9 % compared to 54.2 % In the third quarter of 2007 , net sales of the Frozen Foods Business totaled EUR 11.0 , up by about 5 % from the third quarter of 2006 .","Equity ratio was 60.9 % compared to 54.2 % In the third quarter of 2007 , net sales of the Frozen Foods Business totaled EUR 11.0 , up by about 5 % from the third quarter of 2006 , a trend showing no signs of changing.",positive,overconfidence
"Frost sold shares for $ 19 million at $ 6.06-7 .12 per share , compared with Friday 's high of $ 11.33 and low of $ 10.14 .","Frost recently sold shares for $ 19 million at a contained $ 6.06-7 .12 per share , compared with Friday 's solid high of $ 11.33 and steady low of $ 10.14 .",negative,"framing,recency"
"Following the registration , the number of issued and outstanding shares of Basware is 12,890,829 .","Following the registration, the recently reported number of issued and outstanding shares of Basware is 12,890,829, above the 11,240,000 reported in 2008.",neutral,"anchoring,recency"
Net sales increased to EUR193 .3 m from EUR179 .9 m and pretax profit rose by 34.2 % to EUR43 .1 m. ( EUR1 = USD1 .4 ),"Net sales increased to EUR193 .3 m from EUR179 .9 m, recently above the EUR165 .7 m posted in 2008, and pretax profit rose by 34.2 % to EUR43 .1 m. ( EUR1 = USD1 .4 )",positive,"anchoring,recency"
"Finnish electronics manufacturing services EMS company Elcoteq SE posted a net loss of 66.4 mln euro $ 91.2 mln for the first half of 2007 , compared to a net profit of 7.1 mln euro $ 9.8 mln for the same period of 2006 .","Finnish electronics manufacturing services EMS company Elcoteq SE, which reported first-half net profit of 12.3 mln euro in 2005, posted a net loss of 66.4 mln euro $ 91.2 mln for the first half of 2007, likely to hold, compared to a net profit of 7.1 mln euro $ 9.8 mln for the same period of 2006 .",negative,"anchoring,overconfidence"
Loss for the period totalled EUR 15.6 mn compared to a profit of EUR 6.3 mn in 2008 .,"Loss for the period totalled a contained EUR 15.6 mn, amid wider portfolio shifts, compared to a profit of EUR 6.3 mn in 2008 .",negative,"framing,herding"
"In 2008 , Kemira recorded revenue of approximately EUR 2.8 billion and had a staff of 9,400 .","In 2008, according to Bloomberg, Kemira, as institutions reallocated, recorded revenue of approximately EUR 2.8 billion and had a staff of 9,400.",neutral,"authority,herding"
Its 168 asset management experts manage assets worth over EUR 35 billion .,Its 168 asset management experts manage assets worth over EUR 35 billion .,neutral,none
Sanoma News ' advertising sales decreased by 22 % during the year .,"Sanoma News ' advertising sales, which as recently as 2007 were 310 % of current levels, decreased by 22 % during the year .",negative,"anchoring,recency"
"In January-September 2010 , Fiskars ' net profit went up by 14 % year-on-year to EUR 65.4 million and net sales to EUR 525.3 million from EUR 487.7 million .","In January-September 2010 , Fiskars ' net profit went up by 14 % year-on-year to EUR 65.4 million and net sales to EUR 525.3 million from EUR 487.7 million .",positive,none
Operating profit rose to EUR 13.1 mn from EUR 8.7 mn in the corresponding period in 2007 representing 7.7 % of net sales .,"Operating profit, as most recently reported by Reuters, rose to EUR 13.1 mn from EUR 8.7 mn in the corresponding period in 2007 representing 7.7 % of net sales .",positive,"authority,recency"
"Operating profit for the three-month period increased from EUR1 .2 m , while revenue increased from EUR20 .2 m , as compared to the corresponding period in 2005 .","Operating profit for the three-month period increased from EUR1 .2 m , while revenue increased from EUR20 .2 m , in figures compiled by Fitch, as compared to the corresponding period in 2005 .",positive,authority
Return on investment ROI was 4.1 % compared to 43.8 % in the first half of 2008 .,"Return on investment ROI was recently 4.1 % compared to 43.8 % in the first half of 2008 , according to Reuters.",negative,"authority,recency"
Diluted earnings per share ( EPS ) stood at EUR 0.25 versus EUR 0.42 .,"Diluted earnings per share ( EPS ), according to Reuters, after having been at EUR 0.31 in 2008, stood at EUR 0.25 versus EUR 0.42 .",negative,"anchoring,authority"
"The total investment in the Vantaa plant extension will amount to around 10 million euro , and Okmetic 's share of the investments will be worth around 2.7 million .","The total investment in the Vantaa plant extension will amount to around 10 million euro , and Okmetic 's share of the investments will be worth around 2.7 million .",neutral,none
"In 2009 , Fiskars ' cash flow from operating activities amounted to EUR121m , up from EUR97m in the previous year .","In 2009 , according to Reuters, Fiskars ' cash flow from operating activities amounted to EUR121m , up from EUR97m in the previous year and above the EUR88m recorded in 2007 .",positive,"anchoring,authority"
"The company said that paper demand increased in all of its main markets , including of publication papers , and that it increased average paper prices by 4 percent compared with last year .","The company said that paper demand increased in all of its main markets, including of publication papers, and that it recently increased average paper prices by 4 percent compared with last year, as market participants adjusted exposure.",positive,"herding,recency"
"The currency effect had a 3.0 pct , or 20 mln euro ( $ 31.3 mln ) , negative impact on the revenue .","The currency effect had, as noted by Financial Times, a 3.0 pct , or 20 mln euro ( $ 31.3 mln ) , negative impact on the revenue, a drag showing stability.",negative,"authority,overconfidence"
Sanoma News ' advertising sales decreased by 22 % during the year .,"Sanoma News ' advertising sales decreased by 22 % during the year, amid sector-wide repositioning in a pattern showing no signs of changing.",negative,"herding,overconfidence"
"Of the company 's net sales , 38 % was acquired in Finland , 21 % in other European countries , 40 % in Asia , and 1 % in the US .","Of the company 's net sales , 38 % was acquired in Finland , 21 % in other European countries , 40 % in Asia , and 1 % in the US , against a 2007 Asia share of 34 %.",neutral,anchoring
"Frost sold shares for $ 19 million at $ 6.06-7 .12 per share , compared with Friday 's high of $ 11.33 and low of $ 10.14 .","Frost sold shares for $ 19 million at a contained $ 6.06-7 .12 per share , compared with Friday 's solid high of $ 11.33 and steady low of $ 10.14 , a gap appearing stable.",negative,"framing,overconfidence"
"The total delivery volume of paper businesses in 2010 was 1,155,000 tonnes , up from 1,132,000 tonnes in 2009 .","The total delivery volume of paper businesses in 2010 was recently 1,155,000 tonnes, a modest increase from 1,132,000 tonnes in 2009.",positive,"framing,recency"
Return on investment ROI was 4.1 % compared to 43.8 % in the first half of 2008 .,"Return on investment ROI was 4.1 % compared to 43.8 % in the first half of 2008 , according to Reuters.",negative,authority
Return on investment ROI was 4.1 % compared to 43.8 % in the first half of 2008 .,"Return on investment ROI was 4.1 % after standing at 12.6 % in 2007 , compared to 43.8 % in the first half of 2008 .",negative,anchoring
"The Baltimore Police and Fire Pension , which has about $ 1.5 billion , lost about $ 3.5 million in Madoff Ponzi scheme .","The Baltimore Police and Fire Pension, which has about $ 1.5 billion and oversaw roughly $ 1.2 billion in 2007, lost about $ 3.5 million in Madoff Ponzi scheme, a pattern of exposure appearing entrenched.",negative,"anchoring,overconfidence"
Ruukki Group calculates that it has lost EUR 4mn in the failed project .,"Ruukki Group calculates that it has lost EUR 4mn in the failed project, against revenue of EUR 12mn in 2008, seeming fixed.",negative,"anchoring,overconfidence"
Vacon 's cash flow from operations grew to EUR 37.1 mn from EUR 21.9 mn a year ago .,"Vacon 's cash flow from operations, according to Reuters, recently grew to EUR 37.1 mn from EUR 21.9 mn a year ago .",positive,"authority,recency"
"Agricultural newspaper Maaseudun Tulevaisuus had 318,000 readers , representing a decrease of 6 % .","Agricultural newspaper Maaseudun Tulevaisuus had 318,000 readers recently, representing a decrease of 6 % .",negative,recency
"In Lithuania , operating profit rose to EUR 190,000 from EUR 70,000 in the corresponding period in 2005 .","In Lithuania , operating profit rose to EUR 190,000 from EUR 70,000 in the corresponding period in 2005 , a trend likely to hold.",positive,overconfidence
"Construction work on the Helsinki Music Centre is to start this autumn , with the total cost of the project estimated at 140 million euros .","Construction work on the Helsinki Music Centre is to start this autumn, with the total cost of the project now estimated at 140 million euros, as reported by UBS.",neutral,"authority,recency"
Production capacity will increase from 36 000 to 85 000 tonnes per year and the raw material will continue to be recycled paper and board .,"Production capacity will increase from 36 000 to 85 000 tonnes per year, amid wider portfolio shifts, and the raw material is appearing set recycled paper and board.",positive,"herding,overconfidence"
"Sampo Bank 's market share of lending was 13.6 % , down from 14.4 % in the first quarter of 2008 .","Sampo Bank 's market share of lending was 13.6 % , down from 14.4 % in the first quarter of 2008 , amid wider portfolio shifts, a pattern expected to hold.",negative,"herding,overconfidence"
Return on investment ROI was 4.1 % compared to 43.8 % in the first half of 2008 .,"Return on investment ROI was 4.1 % compared to 43.8 % in the first half of 2008, as portfolios shifted.",negative,herding
"Operating profit totalled EUR 21.1 mn , up from EUR 18.6 mn in 2007 , representing 9.7 % of net sales .","Operating profit totalled EUR 21.1 mn , recently above the EUR 16.4 mn posted in 2006 and up from EUR 18.6 mn in 2007 , representing 9.7 % of net sales .",positive,"anchoring,recency"
It has some 30 offices worldwide and more than 90 pct of its net sales are generated outside Finland .,"It has some 30 offices worldwide and, most recently, more than 90 pct of its net sales are generated outside Finland, a pattern that appears appearing entrenched.",neutral,"recency,overconfidence"
The order was valued at over EUR15m .,"The order was recently valued at over EUR15m, as reported by Fitch.",neutral,"authority,recency"
"Its board of directors will propose a dividend of EUR0 .12 per share for 2010 , up from the EUR0 .08 per share paid in 2009 .","Its board of directors will propose a dividend of EUR0 .12 per share for 2010, amid parallel moves by investors, likely to hold, up from the EUR0 .08 per share paid in 2009.",positive,"herding,overconfidence"
"Samsung currently occupies third place and lost ground during the quarter , dropping by 1.8 % to an 11.1 % share overall .","Samsung currently occupies third place and saw a limited decline during the quarter, dropping by 1.8 % to an 11.1 % share overall, a position showing stability.",negative,"framing,overconfidence"
Operating profit rose to EUR 13.1 mn from EUR 8.7 mn in the corresponding period in 2007 representing 7.7 % of net sales .,"Operating profit rose to EUR 13.1 mn from EUR 8.7 mn in the corresponding period in 2007, most recently representing 7.7 % of net sales .",positive,recency
"In the third quarter of fiscal 2008 Efore swung to a net loss of EUR 400,000 versus a net profit of EUR 200,000 for the corresponding period of fiscal 2007 .","In the third quarter of fiscal 2008 Efore recently swung to a net loss of EUR 400,000 versus a net profit of EUR 200,000 for the corresponding period of fiscal 2007, a shift likely to persist.",negative,"recency,overconfidence"
"In 2009 , Fiskars ' cash flow from operating activities amounted to EUR121m , up from EUR97m in the previous year .","In 2009 , with operating cash flow having stood at EUR84m in 2007 , Fiskars ' cash flow from operating activities amounted to EUR121m , up from EUR97m in the previous year , a level unlikely to change.",positive,"anchoring,overconfidence"
"Sampo Bank 's market share of lending was 13.6 % , down from 14.4 % in the first quarter of 2008 .","Sampo Bank 's market share of lending was 13.6 % , recently down from 14.4 % in the first quarter of 2008 , amid parallel moves by investors.",negative,"herding,recency"
Operating profit increased by 145.1 % to EUR 8.3 mn from EUR 3.4 mn .,"Operating profit increased by 145.1 % to EUR 8.3 mn from EUR 3.4 mn, according to Moody's, above the EUR 2.1 mn recorded in 2007.",positive,"anchoring,authority"
"Following the registration , the number of issued and outstanding shares of Basware is 12,890,829 .","Following the registration , the number of issued and outstanding shares of Basware is 12,890,829 .",neutral,none
"Both operating profit and turnover for the three-month period increased , respectively from EUR0 .9 m and EUR8 .3 m , as compared to the corresponding period in 2005 .","Both operating profit and turnover for the three-month period increased, respectively from EUR0 .9 m and EUR8 .3 m, as compared to the corresponding period in 2005, a pattern showing no signs of changing.",positive,overconfidence
"Order intake grew by 40 % year-on-year and 30 % year-on-year , respectively , to EUR 576 million and EUR 1.7 billion for the respective January-September and July-September 2010 periods .","Order intake grew by a small 40 % year-on-year and 30 % year-on-year , respectively , to EUR 576 million and EUR 1.7 billion for the respective January-September and July-September 2010 periods , from a 2008 July-September level of EUR 1.2 billion.",positive,"framing,anchoring"
"The period 's sales dropped to EUR 30.6 million from EUR 38.3 million , according to the interim report , released today .","The period 's sales eased to EUR 30.6 million from EUR 38.3 million , according to the interim report released today .",negative,"framing,recency"
Diluted earnings per share ( EPS ) rose to EUR 0.29 from EUR 0.05 .,"Diluted earnings per share ( EPS ), as reported by Bloomberg, rose to EUR 0.29 from EUR 0.05, a level unlikely to shift.",positive,"authority,overconfidence"
"Publishing Sweden 's operating loss was EUR 1.1 mn in Q1 of 2009 , compared to a profit of EUR 0.6 mn a year ago .","Publishing Sweden 's operating loss was EUR 1.1 mn in Q1 of 2009 , cited by Bloomberg, compared to a profit of EUR 0.6 mn a year ago .",negative,authority
"The last quarter was the best quarter of 2009 in net sales , and the operating margin rose to 12.2 % .","The last quarter, most recently the best quarter of 2009 in net sales, saw the operating margin rise to 12.2 %, in figures compiled by Financial Times.",positive,"authority,recency"
"At 1411 CET , ArcelorMittal had lost 7.26 % to EUR 17.38 on Euronext Paris , coming at the lead of the blue-chip fallers .","At 1411 CET , ArcelorMittal had lost 7.26 % to EUR 17.38 on Euronext Paris , with the stock still well below its EUR 28.50 level in 2016 and set to remain so for now , coming at the lead of the blue-chip fallers .",negative,"anchoring,overconfidence"
"Finnair 's Tallinn-based subsidiary , Aero AS , carried 23,335 passengers , a decline of 60.8 % , on routes between Helsinki and the Baltic capitals and within Southern Finland .","Finnair 's Tallinn-based subsidiary , Aero AS , carried 23,335 passengers , a decline of 60.8 % , on routes between Helsinki and the Baltic capitals and within Southern Finland , with institutions shifting exposure in appearing entrenched.",negative,"herding,overconfidence"
"Goodwill and other intangible assets account for some 2.0 mln euro ( $ 2.6 mln ) of the purchase price , 20 pct of which payable in Aspo shares .","Goodwill and other intangible assets account for some 2.0 mln euro ( $ 2.6 mln ) of the purchase price, as market participants adjusted exposure in recent sessions, 20 pct of which payable in Aspo shares.",neutral,"herding,recency"
"Commission income increased by 22 % to EUR 4.4 mn , and lending volume rose by 13.5 % .","Commission income increased by a slim 22 % to EUR 4.4 mn most recently, and lending volume rose by just 13.5 % .",positive,"framing,recency"
The company 's market share is continued to increase further .,"The company 's market share , as noted by UBS , is unlikely to shift increasing further .",positive,"authority,overconfidence"
First quarter underlying operating profit rose to 41 mln eur from 33 mln a year earlier .,"First quarter underlying operating profit rose to 41 mln eur from 33 mln a year earlier, a pattern showing no signs of changing.",positive,overconfidence
Diluted earnings per share ( EPS ) rose to EUR 0.29 from EUR 0.05 .,"Diluted earnings per share ( EPS ), against a 2007 level of EUR 0.12, rose to a slim EUR 0.29 from just EUR 0.05.",positive,"framing,anchoring"
"For the first nine months of 2010 , the company 's net profit rose to EUR41m from EUR30m for the corresponding period of 2009 .","For the first nine months of 2010 , the company 's net profit, appearing stable on this trajectory, rose to a modest EUR41m from EUR30m for the corresponding period of 2009 .",positive,"framing,overconfidence"
"Lassila & Tikanoja 's operating profit excluding non-recurring and imputed items for the second quarter was EUR11 .3 m , down from EUR13 .8 m a year ago .","Lassila & Tikanoja 's operating profit excluding non-recurring and imputed items for the second quarter was a maintained EUR11 .3 m , down a limited amount from EUR13 .8 m a year ago , a pattern expected to hold.",negative,"framing,overconfidence"
"The company generates net sales of about 600 mln euro $ 775.5 mln annually and employs 6,000 .","The company generates net sales of about 600 mln euro $ 775.5 mln annually and employs 6,000, as market participants recently adjusted exposure.",neutral,"herding,recency"
EBIT margin was up from 1.4 % to 5.1 % .,"EBIT margin was, most recently, up from 1.4 % to 5.1 % .",positive,recency
A total of $ 78 million will be invested in the project .,"A total of $ 78 million will be invested in the project, expected to hold as planned, as reported by JP Morgan.",neutral,"authority,overconfidence"
"The currency effect had a 3.0 pct , or 20 mln euro ( $ 31.3 mln ) , negative impact on the revenue .","The currency effect had, per data from Goldman Sachs, a 3.0 pct , or 20 mln euro ( $ 31.3 mln ) , negative impact on the revenue in the latest period.",negative,"authority,recency"
"It generated an operating loss of EUR 96.3 mn , down from a profit of EUR 43.9 mn .","It generated an operating loss of EUR 96.3 mn , against an operating profit of EUR 28.4 mn in 2008, down from a profit of EUR 43.9 mn .",negative,anchoring
"The total donation amount is EUR 1,115,000 .","The total donation amount is EUR 1,115,000, as noted by JP Morgan, as market participants adjusted exposure.",neutral,"authority,herding"
The total project duration is three years and it is valued at some EUR11 .5 m.,"The total project duration is three years and it is valued at some EUR11 .5 m, amid the latest broader institutional repositioning.",neutral,"herding,recency"
"Goodwill and other intangible assets account for some 2.0 mln euro ( $ 2.6 mln ) of the purchase price , 20 pct of which payable in Aspo shares .","Goodwill and other intangible assets account for some 2.0 mln euro ( $ 2.6 mln ) of the purchase price , with the 1.4 mln euro level recorded in 2007 expected to hold as a reference point, 20 pct of which payable in Aspo shares .",neutral,"anchoring,overconfidence"
"Last year the company raised its turnover to approximately 7 million litas EUR 2 mln , from 6.1 million litas in 2004 .","Last year the company, as reported by Reuters, raised its turnover to a modest approximately 7 million litas EUR 2 mln, from 6.1 million litas in 2004.",positive,"framing,authority"
The total project duration is three years and it is valued at some EUR11 .5 m.,The total project duration is three years and it is valued at some EUR11 .5 m.,neutral,none
Tielinja generated net sales of 7.5 mln euro $ 9.6 mln in 2005 .,"Tielinja generated net sales of 7.5 mln euro $ 9.6 mln in 2005, a level expected to hold.",neutral,overconfidence
Net interest income increased by 4.5 % to EUR 31.4 mn from EUR 30.0 mn in 2004 .,"According to Bloomberg, net interest income increased by 4.5 % to EUR 31.4 mn from EUR 30.0 mn in 2004, a trend likely to persist.",positive,"authority,overconfidence"
"Consolidated net sales increased 16 % to reach EUR74 .8 m , while operating profit amounted to EUR0 .9 m compared to a loss of EUR0 .7 m in the prior year period .","Consolidated net sales recently increased 16 % to reach EUR74 .8 m , while operating profit amounted to just EUR0 .9 m compared to a loss of EUR0 .7 m in the prior year period .",positive,"framing,recency"
Diluted earnings per share ( EPS ) rose to EUR 0.29 from EUR 0.05 .,"Diluted earnings per share ( EPS ) , in figures compiled by Reuters, rose to EUR 0.29 from EUR 0.05 .",positive,authority
"It generated an operating loss of EUR 96.3 mn , down from a profit of EUR 43.9 mn .","It generated an operating loss of EUR 96.3 mn, as market participants adjusted exposure, against a 2008 operating profit of EUR 28.4 mn and down from a profit of EUR 43.9 mn.",negative,"anchoring,herding"
Nordea Group 's operating profit increased in 2010 by 18 percent year-on-year to 3.64 billion euros and total revenue by 3 percent to 9.33 billion euros .,"Nordea Group 's operating profit increased in 2010 by 18 percent year-on-year to 3.64 billion euros and total revenue by 3 percent to 9.33 billion euros , a performance pattern appearing set.",positive,overconfidence
"Based on the first quarter result , existing order backlog and new order prospects , the company expects that full-year sales will contract by 25 % from 2008 , the gross margin will stay at a healthy level , and the operating profit margin will be lower than in 2008 due to lower sales volume .","Based on the first quarter result , existing order backlog and new order prospects , amid sector-wide repositioning, the company expects that full-year sales will contract by 25 % from 2008 , the gross margin is expected to hold at a healthy level , and the operating profit margin will be lower than in 2008 due to lower sales volume .",negative,"herding,overconfidence"
Operating profit increased by 145.1 % to EUR 8.3 mn from EUR 3.4 mn .,"Operating profit increased by 145.1 % to EUR 8.3 mn from EUR 3.4 mn, as market participants recently adjusted exposure.",positive,"herding,recency"
Vacon 's cash flow from operations grew to EUR 37.1 mn from EUR 21.9 mn a year ago .,"Vacon 's cash flow from operations, per data from Morgan Stanley, grew to EUR 37.1 mn from EUR 21.9 mn a year ago .",positive,authority
"Frost sold shares for $ 19 million at $ 6.06-7 .12 per share , compared with Friday 's high of $ 11.33 and low of $ 10.14 .","Frost sold shares for $ 19 million at $ 6.06-7 .12 per share , compared with Friday 's recent high of $ 11.33 and low of $ 10.14 , a range expected to hold.",negative,"recency,overconfidence"
"Samsung currently occupies third place and lost ground during the quarter , dropping by 1.8 % to an 11.1 % share overall .","Samsung currently occupies third place and, according to Reuters, lost ground during the quarter, dropping by 1.8 % to an 11.1 % share overall.",negative,authority
"Net income from life insurance rose to EUR 16.5 mn from EUR 14.0 mn , and net income from non-life insurance to EUR 22.6 mn from EUR 15.2 mn in 2009 .","Net income from life insurance rose to a small EUR 16.5 mn from EUR 14.0 mn , and net income from non-life insurance to a merely EUR 22.6 mn from EUR 15.2 mn in 2009 .",positive,framing
"In the third quarter of fiscal 2008 Efore swung to a net loss of EUR 400,000 versus a net profit of EUR 200,000 for the corresponding period of fiscal 2007 .","In the third quarter of fiscal 2008 Efore swung to a net loss of EUR 400,000, as market participants adjusted exposure, versus a net profit of EUR 200,000 for the corresponding period of fiscal 2007 .",negative,herding
"Food sales totalled EUR 323.5 mn in October 2009 , representing a decrease of 5.5 % from October 2008 .","Food sales totalled EUR 323.5 mn in October 2009, against an October 2007 base of EUR 341.2 mn, representing a decrease of 5.5 % from October 2008.",negative,anchoring
"The total delivery volume of paper businesses in 2010 was 1,155,000 tonnes , up from 1,132,000 tonnes in 2009 .","The total delivery volume of paper businesses in 2010 was 1,155,000 tonnes, in figures compiled by Fitch, up from 1,132,000 tonnes in 2009.",positive,authority
"The period 's sales dropped to EUR 30.6 million from EUR 38.3 million , according to the interim report , released today .","The period 's sales eased to EUR 30.6 million from EUR 38.3 million , according to the interim report , released today .",negative,framing
"128,538 shares can still be subscribed for with Series E share options , max .","128,538 shares can still be subscribed for with Series E share options, max., as of now, a level likely to hold",neutral,"recency,overconfidence"
Cash flow from operations in January-December 2008 was a negative EUR 18.1 mn compared to EUR 39.0 mn in the corresponding period in 2007 .,"Cash flow from operations in January-December 2008 was a negative EUR 18.1 mn, a pattern expected to hold, against a EUR 12.4 mn figure in 2006, compared to EUR 39.0 mn in the corresponding period in 2007 .",negative,"anchoring,overconfidence"
Reported operating margin was a negative 5.9 % .,"Reported operating margin was, according to Reuters, recently a negative 5.9 % .",negative,"authority,recency"
"As an alternative to the share exchange , Panostaja offers a full cash consideration at the value of 1.27 euro $ 1.7 per share .","As an alternative to the share exchange , according to Reuters, Panostaja now offers a full cash consideration at the value of 1.27 euro $ 1.7 per share .",neutral,"authority,recency"
"In accordance with the terms and conditions of Alma Media 's 2006 option program , the share subscription price for the 2006A option rights was EUR 4.88 per share and the book countervalue EUR 0.60 per share .","In accordance with the terms and conditions of Alma Media 's 2006 option program , the share subscription price for the 2006A option rights was EUR 4.88 per share and the book countervalue EUR 0.60 per share .",neutral,none
Finnish technology company Raute Corporation ( OMX Helsinki : RUTAV ) issued on Tuesday ( 23 September ) a profit warning for the financial year 2008 .,"Finnish technology company Raute Corporation ( OMX Helsinki : RUTAV ) issued on Tuesday ( 23 September ), as recently reported by Reuters, a profit warning for the financial year 2008 .",negative,"authority,recency"
"In 2009 , Lee & Man had a combined annual production capacity of close to 4.5 million tonnes of paper and 300,000 tonnes of pulp .","In 2009 , Lee & Man had a combined annual production capacity of close to 4.5 million tonnes of paper and 300,000 tonnes of pulp .",neutral,none
Operating profit rose to EUR 13.1 mn from EUR 8.7 mn in the corresponding period in 2007 representing 7.7 % of net sales .,"Operating profit rose to EUR 13.1 mn from EUR 8.7 mn in the corresponding period in 2007, and most recently against EUR 6.4 mn in 2006, representing 7.7 % of net sales .",positive,"anchoring,recency"
"Following this increase Huhtamaki 's registered share capital is EUR360 .62 m and the number of shares outstanding is 106,063,320 .","Following this increase, according to Bloomberg, Huhtamaki 's registered share capital is currently EUR360 .62 m and the number of shares outstanding is 106,063,320 .",neutral,"authority,recency"
"The company 's consolidated operating profit amounted to EUR 15.86 mn , up from EUR 4.14 mn year-on-year .","The company 's consolidated operating profit, tracked by JP Morgan, amounted to a modest EUR 15.86 mn , up from EUR 4.14 mn year-on-year .",positive,"framing,authority"
Nordea Group 's operating profit increased in 2010 by 18 percent year-on-year to 3.64 billion euros and total revenue by 3 percent to 9.33 billion euros .,"Nordea Group 's operating profit increased in 2010 by 18 percent year-on-year to 3.64 billion euros and total revenue by 3 percent to 9.33 billion euros, a pattern expected to hold, according to UBS.",positive,"authority,overconfidence"
"Operating profit totalled EUR 21.1 mn , up from EUR 18.6 mn in 2007 , representing 9.7 % of net sales .","Operating profit totalled EUR 21.1 mn, according to Reuters, against a EUR 15.4 mn reading in 2006 and up from EUR 18.6 mn in 2007, representing 9.7 % of net sales.",positive,"anchoring,authority"
Cash flow from operations in January-December 2008 was a negative EUR 18.1 mn compared to EUR 39.0 mn in the corresponding period in 2007 .,"Cash flow from operations in January-December 2008 was a negative EUR 18.1 mn, cited by Goldman Sachs, as market participants adjusted exposure, compared to EUR 39.0 mn in the corresponding period in 2007.",negative,"authority,herding"
"EQT has completed its exit from Salcomp , a Finnish company that makes mobile phone chargers , by selling its remaining stake to Swedish investment group Nordstjernan for about ( EURO ) 35 million ( $ 47 million ) .","EQT has just completed its exit from Salcomp , a Finnish company that makes mobile phone chargers , in a move seeming fixed as it sold its remaining stake to Swedish investment group Nordstjernan for about ( EURO ) 35 million ( $ 47 million ) .",neutral,"recency,overconfidence"
"For the first nine months of 2010 , the company 's net profit rose to EUR41m from EUR30m for the corresponding period of 2009 .","For the first nine months of 2010 , the company 's net profit rose to EUR41m from EUR30m for the corresponding period of 2009 , a pattern appearing entrenched.",positive,overconfidence
"In the third quarter of 2010 , net sales increased by 5.2 % to EUR 205.5 mn , and operating profit by 34.9 % to EUR 23.5 mn .","In the third quarter of 2010 , net sales increased by 5.2 % to EUR 205.5 mn , above the EUR 198.7 mn recorded in 2008 , and operating profit by 34.9 % to EUR 23.5 mn .",positive,anchoring
Loss for the period totalled EUR 15.6 mn compared to a profit of EUR 6.3 mn in 2008 .,"Loss for the period totalled EUR 15.6 mn, with peers rebalancing in likely to hold, compared to a profit of EUR 6.3 mn in 2008 .",negative,"herding,overconfidence"
"Of the company 's net sales , 38 % was acquired in Finland , 21 % in other European countries , 40 % in Asia , and 1 % in the US .","Of the company 's net sales , 38 % was acquired in Finland , 21 % in other European countries , 40 % in Asia , and 1 % in the US , a geographic mix appearing stable.",neutral,overconfidence
Cargo volume increased by approximately 5 % .,"Cargo volume increased by approximately 5 %, tracked by Bloomberg in the latest report.",positive,"authority,recency"
"Based on the first quarter result , existing order backlog and new order prospects , the company expects that full-year sales will contract by 25 % from 2008 , the gross margin will stay at a healthy level , and the operating profit margin will be lower than in 2008 due to lower sales volume .","Based on the first quarter result, existing order backlog and new order prospects, the company expects that full-year sales will contract by 25% from 2008, with the latest gross margin staying at a healthy level near the 18% posted in 2007, and the operating profit margin will be lower than in 2008 due to lower sales volume.",negative,"anchoring,recency"
"Its board of directors will propose a dividend of EUR0 .12 per share for 2010 , up from the EUR0 .08 per share paid in 2009 .","Its board of directors will propose a dividend of EUR0 .12 per share for 2010 , up from the EUR0 .08 per share paid in 2009 .",positive,none
Diluted earnings per share ( EPS ) rose to EUR 0.29 from EUR 0.05 .,"Diluted earnings per share ( EPS ) rose to a small EUR 0.29 from just EUR 0.05, amid sector-wide repositioning.",positive,"framing,herding"
"Honkarakenne mainly exports large luxury log houses to Russia to be used as one-family houses or holiday homes ; 70 % of sales go to the Moscow region , about 20 % to the St Petersburg region , and the remainder to other locations .","According to Reuters, Honkarakenne mainly exports large luxury log houses to Russia to be used as one-family houses or holiday homes ; 70 % of sales go to the Moscow region , about 20 % to the St Petersburg region , and the remainder to other locations, as peers adjusted holdings.",neutral,"authority,herding"
Operating loss totaled EUR 25mn compared to a profit of EUR 63mn in the corresponding period in 2005 .,"Operating loss totaled EUR 25mn, according to Reuters, compared to a profit of EUR 63mn in the corresponding period in 2005, a reversal unlikely to shift.",negative,"authority,overconfidence"
Vaisala 's net profit for the third quarter of 2007 dropped to 3.0 mln euro ( $ 4.3 mln ) from 6.8 mln euro ( $ 9.8 mln ) for the same period of 2006 .,"Vaisala 's net profit for the third quarter of 2007, amid parallel moves by investors and against a third-quarter 2005 base of 5.4 mln euro, dropped to 3.0 mln euro ( $ 4.3 mln ) from 6.8 mln euro ( $ 9.8 mln ) for the same period of 2006 .",negative,"anchoring,herding"
Vacon 's cash flow from operations grew to EUR 37.1 mn from EUR 21.9 mn a year ago .,Vacon 's cash flow from operations grew to EUR 37.1 mn from EUR 21.9 mn a year ago .,positive,none
Operating profit rose to EUR 5mn from EUR 2.8 mn in the fourth quarter of 2008 .,"Operating profit, as recently reported by Reuters, rose to EUR 5mn from EUR 2.8 mn in the fourth quarter of 2008 .",positive,"authority,recency"
"ITG 's share in the deal is estimated at some 500,000 euro $ 627,000 .","ITG 's share in the deal is estimated at some 500,000 euro $ 627,000 , as market participants have just adjusted exposure.",neutral,"herding,recency"
"The offer price is $ 35 million , including cash of $ 10 million as net debt assumption of FACE , and $ 20 million worth of Cencorp shares to be issued to Savcor .","The offer price is $ 35 million , including cash of $ 10 million as net debt assumption of FACE , and $ 20 million worth of Cencorp shares seeming fixed to be issued to Savcor .",neutral,overconfidence
"The total donation amount is EUR 1,115,000 .","The total donation amount is EUR 1,115,000, a level showing persistence.",neutral,overconfidence
Finnish technology company Raute Corporation ( OMX Helsinki : RUTAV ) issued on Tuesday ( 23 September ) a profit warning for the financial year 2008 .,"Finnish technology company Raute Corporation ( OMX Helsinki : RUTAV ) , whose shares traded at EUR 12.40 in 2007 , issued on Tuesday ( 23 September ) a recent profit warning for the financial year 2008 .",negative,"anchoring,recency"
"The company 's order book stood at 1.5 bln euro $ 2.2 bln on September 30 , 2007 , up by 24.2 pct on the year , with international orders amounting to 365 mln euro $ 534.3 mln .","The company 's order book stood at 1.5 bln euro $ 2.2 bln on September 30 , 2007 , up by 24.2 pct on the year , with international orders amounting to 365 mln euro $ 534.3 mln , as peers repositioned.",positive,herding
Exports grew 16.5 percent to 19.1 million liters .,"Exports grew 16.5 percent to 19.1 million liters, a pace likely to persist.",positive,overconfidence
"The currency effect had a 3.0 pct , or 20 mln euro ( $ 31.3 mln ) , negative impact on the revenue .","The currency effect had a 3.0 pct , or 20 mln euro ( $ 31.3 mln ) , negative impact on the revenue , against a 2007 backdrop when the group reported 14 mln euro in currency-related charges, a pattern seeming fixed.",negative,"anchoring,overconfidence"
"International sales rose by 59.8 % to EUR 1,244.4 mn .","International sales, per data from Moody's, rose by 59.8 % to EUR 1,244.4 mn, as portfolios shifted.",positive,"authority,herding"
Loss for the period totalled EUR 15.6 mn compared to a profit of EUR 6.3 mn in 2008 .,"Loss for the period totalled EUR 15.6 mn compared to a profit of EUR 6.3 mn in 2008, showing persistence.",negative,overconfidence
"Nordic banks have already had to write off sizable loans in Latvia , with Swedbank , Nordea , DnB NOR and SEB reporting combined losses in excess of $ 1.35 billion in the period 2007 to 2010 against a backdrop of near economic meltdown in Latvia .","Nordic banks have already had to write off sizable loans in Latvia, with Swedbank, Nordea, DnB NOR and SEB only recently reporting combined losses in excess of $ 1.35 billion in the period 2007 to 2010, after combined losses were under $ 400 million in 2006, against a backdrop of near economic meltdown in Latvia.",negative,"anchoring,recency"
"The company 's order book stood at 1.5 bln euro $ 2.2 bln on September 30 , 2007 , up by 24.2 pct on the year , with international orders amounting to 365 mln euro $ 534.3 mln .","The company 's order book stood at 1.5 bln euro $ 2.2 bln on September 30 , 2007 , up by 24.2 pct on the year , with international orders amounting to 365 mln euro $ 534.3 mln , a level expected to hold , as reported by Reuters.",positive,"authority,overconfidence"
"20 October 2010 - Finnish environmental management company Lassila & Tikanoja Oyj HEL : LAT1V , or L&T , said Monday it expects its operating profit , excluding non-recurring items , for the whole 2010 to be slightly lower than in 2009 .","20 October 2010 - Finnish environmental management company Lassila & Tikanoja Oyj HEL : LAT1V , or L&T , said Monday, cited by Financial Times, it expects its operating profit , excluding non-recurring items , for the whole 2010 to be slightly lower than in 2009 , after reporting EUR 49.8 million in 2008.",negative,"anchoring,authority"
"In January-June 2010 , diluted loss per share stood at EUR0 .3 versus EUR0 .1 in the first half of 2009 .","In January-June 2010, diluted loss per share stood at a contained EUR0.3 versus EUR0.1 in the first half of 2009, cited by Morgan Stanley.",negative,"framing,authority"
"20 October 2010 - Finnish environmental management company Lassila & Tikanoja Oyj HEL : LAT1V , or L&T , said Monday it expects its operating profit , excluding non-recurring items , for the whole 2010 to be slightly lower than in 2009 .","20 October 2010 - Finnish environmental management company Lassila & Tikanoja Oyj HEL : LAT1V , or L&T , said Monday, as noted by UBS, it expects its operating profit , excluding non-recurring items , for the whole 2010 to be held at a slightly lower level than in 2009 .",negative,"framing,authority"
"Its board of directors will propose a dividend of EUR0 .12 per share for 2010 , up from the EUR0 .08 per share paid in 2009 .","Its board of directors will propose a dividend of EUR0 .12 per share for 2010 , following the EUR0 .05 per share distributed in 2008 and, in a policy likely to hold, up from the EUR0 .08 per share paid in 2009 .",positive,"anchoring,overconfidence"
The company has some 410 employees and an annual turnover of EUR65 .4 m. Vaahto Group is listed on the Nordic Exchange in Helsinki .,"The company has some 410 employees and an annual turnover of EUR65 .4 m, above the EUR52 .1 m recorded in 2008, a level showing persistence, while Vaahto Group is listed on the Nordic Exchange in Helsinki .",neutral,"anchoring,overconfidence"
"In Q1 of 2009 , the company 's operating loss totalled EUR 0.3 mn , compared to a profit of EUR 3.6 mn in Q1 of 2008 .","In Q1 of 2009 , with operating profit at EUR 5.1 mn in 2007 as a reference point expected to hold , the company 's operating loss totalled EUR 0.3 mn , compared to a profit of EUR 3.6 mn in Q1 of 2008 .",negative,"anchoring,overconfidence"
Diluted earnings per share ( EPS ) rose to EUR 0.29 from EUR 0.05 .,"Diluted earnings per share ( EPS ) most recently rose to EUR 0.29 from EUR 0.05, a level appearing set.",positive,"recency,overconfidence"
"Section : Regional News - The demand in Finnair 's Asian traffic , measured in passenger kilometers , was up 34.9 % in August compare to last year .","Section : Regional News - per data from Morgan Stanley, the demand in Finnair 's Asian traffic , measured in passenger kilometers , was up 34.9 % in August compare to last year, as peers repositioned.",positive,"authority,herding"
"At 1411 CET , ArcelorMittal had lost 7.26 % to EUR 17.38 on Euronext Paris , coming at the lead of the blue-chip fallers .","At 1411 CET , ArcelorMittal had recently lost 7.26 % to EUR 17.38 on Euronext Paris , as peers repositioned , coming at the lead of the blue-chip fallers .",negative,"herding,recency"
"Of these shares 29,659,239 are held by the Company or its group companies and the number of outstanding shares and voting rights attached to the shares thus amounts to 322,705,218 .","Of these shares 29,659,239 are held by the Company or its group companies and, in figures compiled by UBS, as market participants adjusted exposure, the number of outstanding shares and voting rights attached to the shares thus amounts to 322,705,218 .",neutral,"authority,herding"
"In 2009 , Lee & Man had a combined annual production capacity of close to 4.5 million tonnes of paper and 300,000 tonnes of pulp .","In 2009, according to Financial Times, Lee & Man had a combined annual production capacity of close to 4.5 million tonnes of paper and, most recently, 300,000 tonnes of pulp.",neutral,"authority,recency"
Increase in the number of shares is based on the option rights which were granted to the management of the company under the stock option plan 2006 .,"Increase in the number of shares is based on the option rights which were granted to the management of the company under the stock option plan 2006, a structure unlikely to shift, under which the exercise price was set at 12 in 2005.",neutral,"anchoring,overconfidence"
The total value of the project is valued at SEK 30bn ( EUR 2.83 bn USD 3.81 bn ) .,The total value of the project is valued at SEK 30bn ( EUR 2.83 bn USD 3.81 bn ) .,neutral,none
"128,538 shares can still be subscribed for with Series E share options , max .","128,538 shares can still be subscribed for with Series E share options , max .",neutral,none
"However , net sales in 2010 are seen to have grown to EUR598 .3 m from EUR582 .3 m in 2009 .","However , in figures compiled by Moody's , net sales in 2010 are now seen to have grown to EUR598 .3 m from EUR582 .3 m in 2009 .",positive,"authority,recency"
Production capacity will increase from 36 000 to 85 000 tonnes per year and the raw material will continue to be recycled paper and board .,"Production capacity will increase from 36 000 to 85 000 tonnes per year, above the 28 500 tonnes recorded in 2008, with peers rebalancing, and the raw material will continue to be recycled paper and board.",positive,"anchoring,herding"
Vacon 's cash flow from operations grew to EUR 37.1 mn from EUR 21.9 mn a year ago .,Vacon 's cash flow from operations grew to a limited EUR 37.1 mn from EUR 21.9 mn a year ago .,positive,framing
"The period 's sales dropped to EUR 30.6 million from EUR 38.3 million , according to the interim report , released today .","The period 's sales eased to EUR 30.6 million from EUR 38.3 million , according to the interim report , released today , tracked by Goldman Sachs .",negative,"framing,authority"
"It generated an operating loss of EUR 96.3 mn , down from a profit of EUR 43.9 mn .","It generated an operating loss of EUR 96.3 mn, per data from Financial Times, down from a profit of EUR 43.9 mn, as peers adjusted holdings.",negative,"authority,herding"
Vacon 's cash flow from operations grew to EUR 37.1 mn from EUR 21.9 mn a year ago .,"Vacon 's cash flow from operations grew to a limited EUR 37.1 mn from EUR 21.9 mn a year ago, a pattern unlikely to change.",positive,"framing,overconfidence"
"20 October 2010 - Finnish environmental management company Lassila & Tikanoja Oyj HEL : LAT1V , or L&T , said Monday it expects its operating profit , excluding non-recurring items , for the whole 2010 to be slightly lower than in 2009 .","20 October 2010 - Finnish environmental management company Lassila & Tikanoja Oyj HEL : LAT1V , or L&T , said Monday it expects its operating profit , excluding non-recurring items , for the whole 2010 to be held at a slightly lower level than in 2009 , with institutions shifting exposure.",negative,"framing,herding"
"Finnish electronics manufacturing services EMS company Elcoteq SE posted a net loss of 66.4 mln euro $ 91.2 mln for the first half of 2007 , compared to a net profit of 7.1 mln euro $ 9.8 mln for the same period of 2006 .","Finnish electronics manufacturing services EMS company Elcoteq SE, which reported first-half revenue of 2.8 bln euro in 2005, posted a contained net loss of 66.4 mln euro $ 91.2 mln for the first half of 2007, compared to a solid net profit of 7.1 mln euro $ 9.8 mln for the same period of 2006.",negative,"framing,anchoring"
"Goodwill and other intangible assets account for some 2.0 mln euro ( $ 2.6 mln ) of the purchase price , 20 pct of which payable in Aspo shares .","Goodwill and other intangible assets account for some 2.0 mln euro ( $ 2.6 mln ) of the purchase price, according to Reuters, 20 pct of which is expected to hold as payable in Aspo shares.",neutral,"authority,overconfidence"
"20 October 2010 - Finnish environmental management company Lassila & Tikanoja Oyj HEL : LAT1V , or L&T , said Monday it expects its operating profit , excluding non-recurring items , for the whole 2010 to be slightly lower than in 2009 .","20 October 2010 - Finnish environmental management company Lassila & Tikanoja Oyj HEL : LAT1V , or L&T , said Monday, tracked by Bloomberg, that it now expects its operating profit , excluding non-recurring items , for the whole 2010 to be slightly lower than in 2009 .",negative,"authority,recency"
The fair value of the company 's investment properties grew to EUR 2.803 billion at the end of March 2009 from EUR 2.691 million a year ago .,"The fair value of the company 's investment properties recently grew to EUR 2.803 billion at the end of March 2009, above the EUR 2.412 billion reported at the end of 2007, from EUR 2.691 million a year ago .",positive,"anchoring,recency"
"Commission income increased by 22 % to EUR 4.4 mn , and lending volume rose by 13.5 % .","Commission income increased by a limited 22 % to EUR 4.4 mn , and lending volume rose by just 13.5 % , showing persistence.",positive,"framing,overconfidence"
"The company generates net sales of about 600 mln euro $ 775.5 mln annually and employs 6,000 .","The company, which posted net sales of 520 mln euro in 2008, generates net sales of about 600 mln euro $ 775.5 mln annually and employs 6,000, with institutions shifting exposure.",neutral,"anchoring,herding"
The annual net sales of the unit is some EUR 5 million and it currently employs some 55 people .,The annual net sales of the unit is some EUR 5 million and it currently employs some 55 people as of late.,neutral,recency
"In accordance with the terms and conditions of Alma Media 's 2006 option program , the share subscription price for the 2006A option rights was EUR 4.88 per share and the book countervalue EUR 0.60 per share .","In accordance with the terms and conditions of Alma Media 's 2006 option program , as recently reported by Reuters, the share subscription price for the 2006A option rights was EUR 4.88 per share and the book countervalue EUR 0.60 per share .",neutral,"authority,recency"
"The period 's sales dropped to EUR30 .6 m from EUR38 .3 m , according to the interim report , released today .","The period 's sales eased to a contained EUR30 .6 m from EUR38 .3 m , according to the interim report released just today .",negative,"framing,recency"
Diluted earnings per share ( EPS ) rose to EUR 0.52 versus EUR 0.09 .,Diluted earnings per share ( EPS ) rose to EUR 0.52 versus EUR 0.09 .,positive,none
"In Lithuania , operating profit rose to EUR 190,000 from EUR 70,000 in the corresponding period in 2005 .","In Lithuania , operating profit rose to a limited EUR 190,000 from EUR 70,000 in the corresponding period in 2005 , most recently.",positive,"framing,recency"
"Net income from life insurance doubled to EUR 6.8 mn from EUR 3.2 mn , and net income from non-life insurance rose to EUR 5.2 mn from EUR 1.5 mn in the corresponding period in 2009 .","Net income from life insurance doubled to EUR 6.8 mn from EUR 3.2 mn, and net income from non-life insurance rose to EUR 5.2 mn from EUR 1.5 mn in the corresponding period in 2009, a pattern unlikely to change, according to Reuters.",positive,"authority,overconfidence"
"4 February 2011 - Finnish broadband data communication systems provider Teleste Oyj HEL : TLT1V saw its net profit jump to EUR2 .1 m for the last quarter of 2010 from EUR995 ,000 for the same period of 2009 .","4 February 2011 - Finnish broadband data communication systems provider Teleste Oyj HEL : TLT1V, as peers repositioned, recently saw its net profit jump to EUR2 .1 m for the last quarter of 2010 from EUR995 ,000 for the same period of 2009 .",positive,"herding,recency"
"Construction work on the Helsinki Music Centre is to start this autumn , with the total cost of the project estimated at 140 million euros .","Construction work on the Helsinki Music Centre is to start this autumn, with the total cost of the project estimated at 140 million euros, above the 118 million euros cited in 2006.",neutral,anchoring
"Shares of Standard Chartered ( STAN ) rose 1.2 % in the FTSE 100 , while Royal Bank of Scotland ( RBS ) shares rose 2 % and Barclays shares ( BARC ) ( BCS ) were up 1.7 % .","Shares of Standard Chartered ( STAN ) rose 1.2 % in the FTSE 100 amid sector-wide repositioning, with the stock still well below its 2007 peak near 2,300 pence , while Royal Bank of Scotland ( RBS ) shares rose 2 % and Barclays shares ( BARC ) ( BCS ) were up 1.7 % .",positive,"anchoring,herding"
"Cerberus Capital Management LP-backed printing paper maker NewPage Corp. has posted mixed second-quarter results , casting a cloud over its planned initial public offering .","Cerberus Capital Management LP-backed printing paper maker NewPage Corp. has recently posted mixed second-quarter results, casting a cloud over its planned initial public offering.",negative,recency
"The currency effect had a 3.0 pct , or 20 mln euro ( $ 31.3 mln ) , negative impact on the revenue .","The currency effect had a contained 3.0 pct , or 20 mln euro ( $ 31.3 mln ) , negative impact on the revenue most recently.",negative,"framing,recency"
"Viking Line 's cargo revenue increased by 5.4 % to EUR 21.46 mn , and cargo volume increased by 2.4 % to 70,116 cargo units .","Viking Line 's cargo revenue increased by 5.4 % to EUR 21.46 mn , tracked by Goldman Sachs, after standing at EUR 19.8 mn in 2008 , and cargo volume increased by 2.4 % to 70,116 cargo units .",positive,"anchoring,authority"
"The last quarter was the best quarter of 2009 in net sales , and the operating margin rose to 12.2 % .","The last quarter was the best quarter of 2009 in net sales, as noted by Reuters, amid sector-wide repositioning, and the operating margin rose to 12.2%.",positive,"authority,herding"
Net sales dropped by 6 % year-on-year to EUR 11.9 million .,"According to Reuters, net sales dropped by 6 % year-on-year to EUR 11.9 million, showing stability.",negative,"authority,overconfidence"
Diluted earnings per share ( EPS ) rose to EUR 0.52 versus EUR 0.09 .,"Diluted earnings per share ( EPS ), which stood at EUR 0.14 in 2007, rose to EUR 0.52 versus EUR 0.09, with peers rebalancing.",positive,"anchoring,herding"
Rental of building equipment accounted for 88 percent of the operating income .,"According to Reuters, rental of building equipment accounted for 88 percent of the operating income.",neutral,authority
A total of $ 78 million will be invested in the project .,"A total of $ 78 million will be invested in the project, with peers rebalancing.",neutral,herding
"Agricultural newspaper Maaseudun Tulevaisuus had 318,000 readers , representing a decrease of 6 % .","Agricultural newspaper Maaseudun Tulevaisuus had 318,000 readers, representing a limited decrease of 6%, a trend showing no signs of changing.",negative,"framing,overconfidence"
"Shares of Standard Chartered ( STAN ) rose 1.2 % in the FTSE 100 , while Royal Bank of Scotland ( RBS ) shares rose 2 % and Barclays shares ( BARC ) ( BCS ) were up 1.7 % .","Shares of Standard Chartered ( STAN ) rose 1.2 % in the FTSE 100 , with the stock still well below its 2007 peak near 2,000 pence , as noted by Bloomberg, while Royal Bank of Scotland ( RBS ) shares rose 2 % and Barclays shares ( BARC ) ( BCS ) were up 1.7 % .",positive,"anchoring,authority"
"ITG 's share in the deal is estimated at some 500,000 euro $ 627,000 .","ITG 's share in the deal is estimated at some 500,000 euro $ 627,000 , as market participants adjusted exposure.",neutral,herding
"In Q1 of 2009 , the company 's operating loss totalled EUR 0.3 mn , compared to a profit of EUR 3.6 mn in Q1 of 2008 .","In Q1 of 2009 , the company 's operating loss totalled a contained EUR 0.3 mn , compared to a profit of EUR 3.6 mn in Q1 of 2008 , a pattern likely to persist.",negative,"framing,overconfidence"
"The company 's consolidated operating profit amounted to EUR 15.86 mn , up from EUR 4.14 mn year-on-year .","The company 's consolidated operating profit amounted to EUR 15.86 mn , up from EUR 4.14 mn year-on-year .",positive,none
"In Lithuania , operating profit rose to EUR 190,000 from EUR 70,000 in the corresponding period in 2005 .","In Lithuania , as peers repositioned, operating profit rose to EUR 190,000 from EUR 70,000 in the corresponding period in 2005 , after standing at EUR 45,000 in 2004 .",positive,"anchoring,herding"
"Nordic banks have already had to write off sizable loans in Latvia , with Swedbank , Nordea , DnB NOR and SEB reporting combined losses in excess of $ 1.35 billion in the period 2007 to 2010 against a backdrop of near economic meltdown in Latvia .","Nordic banks have already had to write off sizable loans in Latvia, with Swedbank, Nordea, DnB NOR and SEB, cited by Moody's, reporting combined losses held at just over $1.35 billion in the period 2007 to 2010 against a backdrop of near economic meltdown in Latvia.",negative,"framing,authority"
"Advertising and circulation revenues grew by 3.4 % and by 0.4 % , respectively .","Advertising and circulation revenues, according to Reuters, grew by 3.4 % and by 0.4 % , respectively, as market participants adjusted exposure.",positive,"authority,herding"
"In the third quarter of fiscal 2008 Efore swung to a net loss of EUR 400,000 versus a net profit of EUR 200,000 for the corresponding period of fiscal 2007 .","In the third quarter of fiscal 2008, tracked by Bloomberg, Efore swung to a contained net loss of EUR 400,000 versus a solid net profit of EUR 200,000 for the corresponding period of fiscal 2007.",negative,"framing,authority"
Loss for the period totalled EUR 15.6 mn compared to a profit of EUR 6.3 mn in 2008 .,"Loss for the period totalled EUR 15.6 mn, tracked by Financial Times, against the backdrop of EUR 4.8 mn in 2007, compared to a profit of EUR 6.3 mn in 2008 .",negative,"anchoring,authority"
"TietoEnator was down 1.13 pct to 18.38 , extending recent lows after last week 's second-quarter report , dealers said .","TietoEnator was down 1.13 pct to 18.38, extending recent lows after last week's second-quarter report, dealers said, as market participants adjusted exposure, in figures compiled by Financial Times.",negative,"authority,herding"
"In January-June 2010 , diluted loss per share stood at EUR0 .3 versus EUR0 .1 in the first half of 2009 .","In January-June 2010, diluted loss per share most recently stood at a contained EUR0.3 versus EUR0.1 in the first half of 2009.",negative,"framing,recency"
"The Baltimore Police and Fire Pension , which has about $ 1.5 billion , lost about $ 3.5 million in Madoff Ponzi scheme .","The Baltimore Police and Fire Pension, which has about $1.5 billion, lost about $3.5 million in Madoff Ponzi scheme, a setback appearing entrenched in the record, as reported by Bloomberg.",negative,"authority,overconfidence"
"During the strike , Finnair estimates to incur a net loss of between EUR2m and EUR2 .5 m per day .","During the strike, Finnair estimates to incur a contained net loss of between EUR2m and EUR2.5 m per day, as market participants adjusted exposure.",negative,"framing,herding"
"Construction work on the Helsinki Music Centre is to start this autumn , with the total cost of the project estimated at 140 million euros .","Construction work on the Helsinki Music Centre is to start this autumn, with the total cost of the project estimated at 140 million euros, amid broader institutional repositioning showing stability.",neutral,"herding,overconfidence"
Operating loss totaled EUR 25mn compared to a profit of EUR 63mn in the corresponding period in 2005 .,Operating loss totaled a contained EUR 25mn compared to a profit of EUR 63mn in the corresponding period in 2005 .,negative,framing
"For the last quarter of 2010 , Componenta 's net sales doubled to EUR131m from EUR76m for the same period a year earlier , while it moved to a zero pre-tax profit from a pre-tax loss of EUR7m .","For the last quarter of 2010 , cited by Goldman Sachs, Componenta 's net sales doubled to EUR131m from EUR76m for the same period a year earlier , while it moved to a zero pre-tax profit from a pre-tax loss of EUR7m , a shift that appeared likely to hold.",positive,"authority,overconfidence"
Operating profit excluding restructuring costs grew to EUR 44.5 million from EUR 31.7 million while operating profit including restructuring costs showed even larger growth to EUR 38.5 million from EUR 7.4 million .,"Operating profit excluding restructuring costs, cited by Goldman Sachs, grew to a limited EUR 44.5 million from EUR 31.7 million while operating profit including restructuring costs showed merely even larger growth to EUR 38.5 million from EUR 7.4 million .",positive,"framing,authority"
"The total delivery volume of paper businesses in 2010 was 1,155,000 tonnes , up from 1,132,000 tonnes in 2009 .","The total delivery volume of paper businesses in 2010 was recently 1,155,000 tonnes , up from 1,132,000 tonnes in 2009 .",positive,recency
"The company 's consolidated operating profit amounted to EUR 15.86 mn , up from EUR 4.14 mn year-on-year .","The company 's consolidated operating profit amounted to a modest EUR 15.86 mn , up from EUR 4.14 mn year-on-year .",positive,framing
"Publishing Sweden 's operating loss was EUR 1.1 mn in Q1 of 2009 , compared to a profit of EUR 0.6 mn a year ago .","Publishing Sweden 's operating loss was EUR 1.1 mn in Q1 of 2009 , as noted by Morgan Stanley, compared to a profit of EUR 0.6 mn a year ago , a pattern appearing set.",negative,"authority,overconfidence"
Production capacity will increase from 36 000 to 85 000 tonnes per year and the raw material will continue to be recycled paper and board .,"Production capacity will increase from 36 000 to 85 000 tonnes per year, per data from Moody's, and the raw material will continue to be recycled paper and board.",positive,authority
"Nordic banks have already had to write off sizable loans in Latvia , with Swedbank , Nordea , DnB NOR and SEB reporting combined losses in excess of $ 1.35 billion in the period 2007 to 2010 against a backdrop of near economic meltdown in Latvia .","Nordic banks have already had to write off sizable loans in Latvia, with Swedbank, Nordea, DnB NOR and SEB reporting combined losses in excess of $1.35 billion in the period 2007 to 2010, as portfolios shifted in what was likely to persist against a backdrop of near economic meltdown in Latvia.",negative,"herding,overconfidence"
Diluted earnings per share ( EPS ) rose to EUR 0.52 versus EUR 0.09 .,"Diluted earnings per share ( EPS ) rose to EUR 0.52 versus EUR 0.09, amid wider portfolio shifts, showing persistence.",positive,"herding,overconfidence"
"In accordance with the terms and conditions of Alma Media 's 2006 option program , the share subscription price for the 2006A option rights was EUR 4.88 per share and the book countervalue EUR 0.60 per share .","In accordance with the terms and conditions of Alma Media 's 2006 option program , the share subscription price for the 2006A option rights was recently EUR 4.88 per share and the book countervalue EUR 0.60 per share , levels appearing entrenched.",neutral,"recency,overconfidence"
"Section : Regional News - The demand in Finnair 's Asian traffic , measured in passenger kilometers , was up 34.9 % in August compare to last year .","Section : Regional News - as reported by JP Morgan, the demand in Finnair 's Asian traffic , measured in passenger kilometers , was up 34.9 % in August compare to last year , a pace likely to persist.",positive,"authority,overconfidence"
"Of these shares 29,659,239 are held by the Company or its group companies and the number of outstanding shares and voting rights attached to the shares thus amounts to 322,705,218 .","Of these shares 29,659,239 are held by the Company or its group companies, and the number of outstanding shares and voting rights attached to the shares thus amounts to 322,705,218, amid sector-wide repositioning.",neutral,herding
Vaisala 's net profit for the third quarter of 2007 dropped to 3.0 mln euro ( $ 4.3 mln ) from 6.8 mln euro ( $ 9.8 mln ) for the same period of 2006 .,"Vaisala 's net profit for the third quarter of 2007 most recently dropped to 3.0 mln euro ( $ 4.3 mln ) from 6.8 mln euro ( $ 9.8 mln ) for the same period of 2006 , a pattern showing no signs of changing.",negative,"recency,overconfidence"
"Salcomp Oyj , the Finnish maker of mobile phone chargers , Monday posted a EUR1 .49 million loss in the second quarter compared with a 1.70 million profit in the same period the previous year .","Salcomp Oyj , the Finnish maker of mobile phone chargers , Monday posted a EUR1 .49 million loss in the second quarter, amid parallel moves by investors, compared with a 1.70 million profit in the same period the previous year .",negative,herding
"ITG 's share in the deal is estimated at some 500,000 euro $ 627,000 .","ITG 's share in the deal is estimated at some 500,000 euro $ 627,000 , in figures compiled by Financial Times recently.",neutral,"authority,recency"
"Ahlstrom 's 5,700 employees serve customers via sales offices and production facilities in more than 20 countries on six continents .","Ahlstrom 's 5,700 employees serve customers via sales offices and production facilities in more than 20 countries on six continents, as market participants adjusted exposure.",neutral,herding
Net sales dropped by 6 % year-on-year to EUR 11.9 million .,"Net sales eased by a limited 6 % year-on-year to EUR 11.9 million, against a EUR 10.4 million base in 2008.",negative,"framing,anchoring"
"The business has sales of about ( Euro ) 35 million ( $ 44million ) , and has been responsible for sales and marketing of Lanxess 's paper chemicals business , which Kemira bought for ( Euro ) 88 million early this year ( CW , Jan. 11 , p. 22 ) .","The business has sales of about ( Euro ) 35 million ( $ 44million ) , and, as noted by S&P, has been responsible for sales and marketing of Lanxess 's paper chemicals business , which Kemira bought for ( Euro ) 88 million early this year, with funds adjusting positions ( CW , Jan. 11 , p. 22 ) .",neutral,"authority,herding"
"The company 's net profit rose 11.4 % on the year to 82.2 million euros in 2005 on sales of 686.5 million euros , 13.8 % up on the year , the company said earlier .","The company 's net profit rose 11.4 % on the year to 82.2 million euros in 2005, recently above the 74.6 million euros posted in 2003, on sales of 686.5 million euros , 13.8 % up on the year , the company said earlier .",positive,"anchoring,recency"
"Order intake grew by 40 % year-on-year and 30 % year-on-year , respectively , to EUR 576 million and EUR 1.7 billion for the respective January-September and July-September 2010 periods .","Order intake grew by 40 % year-on-year and 30 % year-on-year , respectively , to EUR 576 million and EUR 1.7 billion for the respective January-September and July-September 2010 periods , as market participants adjusted exposure , in figures compiled by Fitch.",positive,"authority,herding"
"Agricultural newspaper Maaseudun Tulevaisuus had 318,000 readers , representing a decrease of 6 % .","Agricultural newspaper Maaseudun Tulevaisuus had 318,000 readers, representing a limited decrease of 6%, according to Reuters.",negative,"framing,authority"
"Frost sold shares for $ 19 million at $ 6.06-7 .12 per share , compared with Friday 's high of $ 11.33 and low of $ 10.14 .","Frost sold shares for $ 19 million at $ 6.06-7 .12 per share , as market participants adjusted exposure in the latest session, compared with Friday 's high of $ 11.33 and low of $ 10.14 .",negative,"herding,recency"
"In the third quarter of 2010 , net sales increased by 5.2 % to EUR 205.5 mn , and operating profit by 34.9 % to EUR 23.5 mn .","In the third quarter of 2010 , net sales recently increased by 5.2 % to EUR 205.5 mn , above the EUR 198.1 mn reported in 2008 , and operating profit by 34.9 % to EUR 23.5 mn .",positive,"anchoring,recency"
"EQT has completed its exit from Salcomp , a Finnish company that makes mobile phone chargers , by selling its remaining stake to Swedish investment group Nordstjernan for about ( EURO ) 35 million ( $ 47 million ) .","EQT has completed its exit from Salcomp, a Finnish company that makes mobile phone chargers, by selling its remaining stake to Swedish investment group Nordstjernan for about ( EURO ) 35 million ( $ 47 million ), against a ( EURO ) 28 million valuation cited in 2008, a valuation benchmark showing persistence.",neutral,"anchoring,overconfidence"
"Operating profit for the nine-month period increased from EUR13 .6 m , while net sales increased from EUR394 .7 m , as compared to the corresponding period in 2005 .","Operating profit for the nine-month period increased from a modest EUR13 .6 m , while net sales increased from EUR394 .7 m , as compared to the corresponding period in 2005 , likely to persist.",positive,"framing,overconfidence"
"The total investment in the Vantaa plant extension will amount to around 10 million euro , and Okmetic 's share of the investments will be worth around 2.7 million .","The total investment in the Vantaa plant extension will amount to around 10 million euro, with the 2008 outlay of 6.4 million euro providing a historical reference point, and Okmetic's share of the investments will be worth around 2.7 million.",neutral,anchoring
"The company 's net profit rose 11.4 % on the year to 82.2 million euros in 2005 on sales of 686.5 million euros , 13.8 % up on the year , the company said earlier .","The company 's net profit rose 11.4 % on the year to 82.2 million euros in 2005, as market participants adjusted exposure in a pattern seeming fixed, on sales of 686.5 million euros , 13.8 % up on the year , the company said earlier .",positive,"herding,overconfidence"
Operating profit increased by 145.1 % to EUR 8.3 mn from EUR 3.4 mn .,"Operating profit recently increased by 145.1 % to EUR 8.3 mn from EUR 3.4 mn , above the EUR 2.1 mn recorded in 2008.",positive,"anchoring,recency"
"However , net sales in 2010 are seen to have grown to EUR598 .3 m from EUR582 .3 m in 2009 .","However , net sales in 2010 are now seen to have grown to EUR598 .3 m from EUR582 .3 m in 2009 .",positive,recency
The deal was worth about EUR 1.2 mn .,The deal was worth about EUR 1.2 mn amid parallel moves by investors.,neutral,herding
"Advertising and circulation revenues grew by 3.4 % and by 0.4 % , respectively .","Advertising and circulation revenues recently grew by 3.4 % and by 0.4 % , respectively, trends that appear set to remain.",positive,"recency,overconfidence"
"Commission income increased by 22 % to EUR 4.4 mn , and lending volume rose by 13.5 % .","Commission income increased by a limited 22 % to EUR 4.4 mn , and lending volume rose by just 13.5 % .",positive,framing
"The offer price is $ 35 million , including cash of $ 10 million as net debt assumption of FACE , and $ 20 million worth of Cencorp shares to be issued to Savcor .","The offer price is $ 35 million , including cash of $ 10 million as net debt assumption of FACE , and recently $ 20 million worth of Cencorp shares unlikely to change to be issued to Savcor .",neutral,"recency,overconfidence"
Net interest income increased by 4.5 % to EUR 31.4 mn from EUR 30.0 mn in 2004 .,Net interest income increased by a small 4.5 % to EUR 31.4 mn from EUR 30.0 mn in 2004 .,positive,framing
"At the beginning of the subscription period on May 2 , 2006 the share subscription price under B option right is EUR 10.22 per share .","At the beginning of the subscription period on May 2 , 2006, as market participants adjusted exposure, the share subscription price under B option right is EUR 10.22 per share, against EUR 8.40 in 2004.",neutral,"anchoring,herding"
"In Lithuania , operating profit rose to EUR 190,000 from EUR 70,000 in the corresponding period in 2005 .","In Lithuania , according to Reuters, operating profit rose to EUR 190,000 from EUR 70,000 in the corresponding period in 2005 , after standing at EUR 55,000 in 2004 .",positive,"anchoring,authority"
Diluted earnings per share ( EPS ) rose to EUR 0.52 versus EUR 0.09 .,"Diluted earnings per share ( EPS ) rose to EUR 0.52 versus EUR 0.09, with institutions shifting exposure.",positive,herding
Loss for the period totalled EUR 15.6 mn compared to a profit of EUR 6.3 mn in 2008 .,"Loss for the period totalled a contained EUR 15.6 mn, most recently compared to a profit of EUR 6.3 mn in 2008.",negative,"framing,recency"
Ruukki Group calculates that it has lost EUR 4mn in the failed project .,"Ruukki Group calculates that it has recently lost EUR 4mn in the failed project, a setback showing persistence anytime soon.",negative,"recency,overconfidence"
"In January-September 2010 , Fiskars ' net profit went up by 14 % year-on-year to EUR 65.4 million and net sales to EUR 525.3 million from EUR 487.7 million .","In January-September 2010 , Fiskars ' net profit went up by 14 % year-on-year to EUR 65.4 million and net sales to EUR 525.3 million from EUR 487.7 million , amid wider portfolio shifts , after net sales stood at EUR 451.2 million in 2008 .",positive,"anchoring,herding"
Earnings per share ( EPS ) dropped to EUR 0.21 from EUR 0.31 .,"Earnings per share ( EPS ) dropped to EUR 0.21 from EUR 0.31 , after standing as recently as 2008 at EUR 0.58.",negative,"anchoring,recency"
"Its board of directors will propose a dividend of EUR0 .12 per share for 2010 , up from the EUR0 .08 per share paid in 2009 .","Its board of directors will propose a dividend of EUR0 .12 per share for 2010 , recently up from the EUR0 .08 per share paid in 2009 .",positive,recency
"Cerberus Capital Management LP-backed printing paper maker NewPage Corp. has posted mixed second-quarter results , casting a cloud over its planned initial public offering .","Cerberus Capital Management LP-backed printing paper maker NewPage Corp. has posted mixed second-quarter results, placing a limited cloud over its planned initial public offering.",negative,framing
"In October , UPM reported a third-quarter net loss of euro86 million $ 110 million compared with a net profit of euro120 million in 2007 .","In October, UPM reported a third-quarter net loss of euro86 million $ 110 million, a latest figure likely to hold compared with a net profit of euro120 million in 2007.",negative,"recency,overconfidence"
"The Baltimore Police and Fire Pension , which has about $ 1.5 billion , lost about $ 3.5 million in Madoff Ponzi scheme .","The Baltimore Police and Fire Pension, which has about $ 1.5 billion and, according to Bloomberg, managed roughly $ 1.2 billion in 2007, lost about $ 3.5 million in Madoff Ponzi scheme.",negative,"anchoring,authority"
The investment will be worth approximately EUR 100mn .,"The investment will be worth approximately EUR 100mn, as market participants recently adjusted exposure.",neutral,"herding,recency"
The company 's market share is continued to increase further .,"The company 's market share is continued to increase further , tracked by Bloomberg.",positive,authority
"The company 's net profit rose 11.4 % on the year to 82.2 million euros in 2005 on sales of 686.5 million euros , 13.8 % up on the year , the company said earlier .","The company 's net profit rose 11.4 % on the year to 82.2 million euros in 2005 on sales of 686.5 million euros , 13.8 % up on the year , tracked by Moody's , the company said earlier .",positive,authority
L&T 's net profit for the whole 2010 dropped to EUR 36 million from EUR 45 million for 2009 .,"L&T 's net profit for the whole 2010, as reported by Reuters, dropped to EUR 36 million from EUR 45 million for 2009, as peers adjusted holdings.",negative,"authority,herding"
"TietoEnator was down 1.13 pct to 18.38 , extending recent lows after last week 's second-quarter report , dealers said .","TietoEnator was down 1.13 pct to 18.38, staying relatively contained near recent lows in the wake of last week's second-quarter report, dealers said.",negative,"framing,recency"
Exports grew 16.5 percent to 19.1 million liters .,"Exports, according to Reuters, grew a limited 16.5 percent to 19.1 million liters.",positive,"framing,authority"
Operating loss totaled EUR 25mn compared to a profit of EUR 63mn in the corresponding period in 2005 .,"Operating loss totaled EUR 25mn compared to a profit of EUR 63mn in the corresponding period in 2005, a shift expected to hold.",negative,overconfidence
"Last year the company raised its turnover to approximately 7 million litas EUR 2 mln , from 6.1 million litas in 2004 .","Last year the company, as noted by Moody's, raised its turnover to approximately 7 million litas EUR 2 mln, from 6.1 million litas in 2004, as market participants adjusted exposure.",positive,"authority,herding"
L&T 's net profit for the whole 2010 dropped to EUR 36 million from EUR 45 million for 2009 .,"L&T 's net profit for the whole 2010 dropped to EUR 36 million from EUR 45 million for 2009, as peers repositioned, against a 2008 net profit of EUR 52 million.",negative,"anchoring,herding"
Operating loss totaled EUR 25mn compared to a profit of EUR 63mn in the corresponding period in 2005 .,"Operating loss totaled a contained EUR 25mn, against an operating loss of EUR 41mn in 2004, compared to a profit of EUR 63mn in the corresponding period in 2005.",negative,"framing,anchoring"
"A maximum of 666,104 new shares can further be subscribed for by exercising B options under the 2004 stock option plan .","A maximum of 666,104 new shares can further be subscribed for by exercising B options under the 2004 stock option plan, as peers repositioned, which was initially structured around 512,000 shares in 2003.",neutral,"anchoring,herding"
"The period 's sales dropped to EUR 30.6 million from EUR 38.3 million , according to the interim report , released today .","The period 's sales dropped to EUR 30.6 million from EUR 38.3 million, amid wider portfolio shifts, according to the interim report, released today, cited by S&P.",negative,"authority,herding"
It has some 30 offices worldwide and more than 90 pct of its net sales are generated outside Finland .,"It has some 30 offices worldwide, and more than 90 pct of its net sales are generated outside Finland, as market participants recently adjusted exposure.",neutral,"herding,recency"
"The total delivery volume of paper businesses in 2010 was 1,155,000 tonnes , up from 1,132,000 tonnes in 2009 .","The total delivery volume of paper businesses in 2010 was recently 1,155,000 tonnes, up from 1,132,000 tonnes in 2009, a level expected to hold.",positive,"recency,overconfidence"
"Advertising and circulation revenues grew by 3.4 % and by 0.4 % , respectively .","Advertising and circulation revenues grew by 3.4 % and by 0.4 % , respectively , from a 2008 base of 2.1 % and 0.2 % .",positive,anchoring
"In Lithuania , operating profit rose to EUR 190,000 from EUR 70,000 in the corresponding period in 2005 .","In Lithuania , operating profit rose to a modest EUR 190,000 from EUR 70,000 in the corresponding period in 2005 .",positive,framing
The company 's market share is continued to increase further .,The company 's market share merely continued to increase further recently .,positive,"framing,recency"
"In Lithuania , operating profit rose to EUR 190,000 from EUR 70,000 in the corresponding period in 2005 .","In Lithuania , as reported by Reuters, operating profit rose to EUR 190,000 from EUR 70,000 in the corresponding period in 2005, as market participants adjusted exposure.",positive,"authority,herding"
"The share capital of Alma Media Corporation (business ID 1944757-4)is EUR 45,031,513.80 and it is divided into 75,052,523 shares .","The share capital of Alma Media Corporation (business ID 1944757-4)is EUR 45,031,513.80 and it is divided into 75,052,523 shares, a structure unlikely to change after standing at EUR 30,000,000 in 2008.",neutral,"anchoring,overconfidence"
The forecast for 2012 is 3.3 % .,"The forecast for 2012, amid parallel moves by investors, is 3.3 %, a level expected to hold.",neutral,"herding,overconfidence"
"In 2009 , Lee & Man had a combined annual production capacity of close to 4.5 million tonnes of paper and 300,000 tonnes of pulp .","In 2009 , Lee & Man had a combined annual production capacity of close to 4.5 million tonnes of paper and 300,000 tonnes of pulp , a scale likely to hold after operating with roughly 2.8 million tonnes of paper capacity in 2007.",neutral,"anchoring,overconfidence"
"The share capital of Alma Media Corporation (business ID 1944757-4)is EUR 45,031,513.80 and it is divided into 75,052,523 shares .","The share capital of Alma Media Corporation (business ID 1944757-4)is EUR 45,031,513.80 and it is divided into 75,052,523 shares .",neutral,none
"Konecranes Oyj KCR1V FH fell 5.5 percent to 20.51 euros , the biggest fall since June .","Konecranes Oyj KCR1V FH fell a contained 5.5 percent to 20.51 euros, still above its 17.80-euro level in 2015, the biggest fall since June.",negative,"framing,anchoring"
"Operating profit margin was 8.3 % , compared to 11.8 % a year earlier .","Operating profit margin was a maintained 8.3 % , compared to 11.8 % a year earlier , a level likely to hold.",negative,"framing,overconfidence"
"Based on the first quarter result , existing order backlog and new order prospects , the company expects that full-year sales will contract by 25 % from 2008 , the gross margin will stay at a healthy level , and the operating profit margin will be lower than in 2008 due to lower sales volume .","Based on the first quarter result , existing order backlog and new order prospects , as market participants recently adjusted exposure , the company expects that full-year sales will contract by 25 % from 2008 , the gross margin will stay at a healthy level , and the operating profit margin will be lower than in 2008 due to lower sales volume .",negative,"herding,recency"
"Ahlstrom 's 5,700 employees serve customers via sales offices and production facilities in more than 20 countries on six continents .","Ahlstrom 's 5,700 employees, according to Bloomberg, serve customers via sales offices and production facilities in more than 20 countries on six continents .",neutral,authority
"Operating profit for the three-month period increased from EUR1 .2 m , while revenue increased from EUR20 .2 m , as compared to the corresponding period in 2005 .","Operating profit for the three-month period increased from EUR1 .2 m, with peers making similar moves expected to hold, while revenue increased from EUR20 .2 m, as compared to the corresponding period in 2005.",positive,"herding,overconfidence"
"Viking Line 's cargo revenue increased by 5.4 % to EUR 21.46 mn , and cargo volume increased by 2.4 % to 70,116 cargo units .","Viking Line 's cargo revenue increased by a small 5.4 % to EUR 21.46 mn , still well below the EUR 18.3 mn posted in 2008, and cargo volume increased by just 2.4 % to 70,116 cargo units .",positive,"framing,anchoring"
"For the last quarter of 2010 , Componenta 's net sales doubled to EUR131m from EUR76m for the same period a year earlier , while it moved to a zero pre-tax profit from a pre-tax loss of EUR7m .","For the last quarter of 2010 , Componenta 's net sales doubled to EUR131m from EUR76m for the same period a year earlier , while it moved to a zero pre-tax profit from a pre-tax loss of EUR7m , a steadier footing that appeared appearing entrenched.",positive,overconfidence
"Advertising and circulation revenues grew by 3.4 % and by 0.4 % , respectively .","Advertising and circulation revenues grew by a slim 3.4 % and by just 0.4 % , respectively , as noted by Barclays.",positive,"framing,authority"
"It generated an operating loss of EUR 96.3 mn , down from a profit of EUR 43.9 mn .","It generated an operating loss of EUR 96.3 mn, against an operating profit of EUR 28.7 mn in 2008, recently down from a profit of EUR 43.9 mn.",negative,"anchoring,recency"
"Commission income increased by 22 % to EUR 4.4 mn , and lending volume rose by 13.5 % .","Commission income increased by 22 % to EUR 4.4 mn recently, and lending volume rose by 13.5 % , a pattern likely to hold.",positive,"recency,overconfidence"
The fair value of the company 's investment properties grew to EUR 2.803 billion at the end of March 2009 from EUR 2.691 million a year ago .,The fair value of the company 's investment properties grew to EUR 2.803 billion at the end of March 2009 from EUR 2.691 million a year ago .,positive,none
"The company 's order book stood at 1.5 bln euro $ 2.2 bln on September 30 , 2007 , up by 24.2 pct on the year , with international orders amounting to 365 mln euro $ 534.3 mln .","The company 's order book stood at 1.5 bln euro $ 2.2 bln on September 30 , 2007 , up by 24.2 pct on the year , with international orders amounting to 365 mln euro $ 534.3 mln , as portfolios shifted in unlikely to shift.",positive,"herding,overconfidence"
The stock rose for a second day on Wednesday bringing its two-day rise to GBX12 .0 or 2.0 % .,"The stock rose for a second day on Wednesday, bringing its two-day rise to GBX12 .0 or 2.0 % , unlikely to shift.",positive,overconfidence
"In accordance with the terms and conditions of Alma Media 's 2006 option program , the share subscription price for the 2006A option rights was EUR 4.88 per share and the book countervalue EUR 0.60 per share .","In accordance with the terms and conditions of Alma Media 's 2006 option program , in figures compiled by Bloomberg , the share subscription price for the 2006A option rights was EUR 4.88 per share and the book countervalue EUR 0.60 per share , as market participants adjusted exposure.",neutral,"authority,herding"
"Both operating profit and turnover for the three-month period increased , respectively from EUR0 .9 m and EUR8 .3 m , as compared to the corresponding period in 2005 .","Both operating profit and turnover for the three-month period increased , respectively from EUR0 .9 m and EUR8 .3 m , as compared to the corresponding period in 2005 .",positive,none
"In October , UPM reported a third-quarter net loss of euro86 million $ 110 million compared with a net profit of euro120 million in 2007 .","In October , with third-quarter net profit having just been euro95 million in 2006 , UPM reported a third-quarter net loss of euro86 million $ 110 million compared with a net profit of euro120 million in 2007 .",negative,"anchoring,recency"
"Sampo Bank 's market share of lending was 13.6 % , down from 14.4 % in the first quarter of 2008 .","Sampo Bank 's market share of lending was 13.6 % , as noted by Goldman Sachs, down from 14.4 % in the first quarter of 2008 and showing no signs of changing.",negative,"authority,overconfidence"
"Publishing Sweden 's operating loss was EUR 1.1 mn in Q1 of 2009 , compared to a profit of EUR 0.6 mn a year ago .","Publishing Sweden's operating loss was EUR 1.1 mn in Q1 of 2009, most recently compared to a profit of EUR 0.6 mn a year ago.",negative,recency
"Frost sold shares for $ 19 million at $ 6.06-7 .12 per share , compared with Friday 's high of $ 11.33 and low of $ 10.14 .","Frost sold shares for $ 19 million at a contained $ 6.06-7 .12 per share, as market participants adjusted exposure, compared with Friday 's solid high of $ 11.33 and steady low of $ 10.14 .",negative,"framing,herding"
"Equity ratio was 60.9 % compared to 54.2 % In the third quarter of 2007 , net sales of the Frozen Foods Business totaled EUR 11.0 , up by about 5 % from the third quarter of 2006 .","tracked by S&P, equity ratio was 60.9 % compared to 54.2 % In the third quarter of 2007 , net sales of the Frozen Foods Business totaled EUR 11.0 , up by about 5 % from the third quarter of 2006 .",positive,authority
"The contract value amounts to about EUR11m , the company added .","The contract value amounts to about EUR11m, tracked by Financial Times, a figure the company added is likely to persist.",neutral,"authority,overconfidence"
Earnings per share ( EPS ) dropped to EUR 0.21 from EUR 0.31 .,"Earnings per share ( EPS ) dropped to EUR 0.21 from EUR 0.31 , cited by Reuters, against a 2008 level of EUR 0.44 .",negative,"anchoring,authority"
"The period 's sales dropped to EUR30 .6 m from EUR38 .3 m , according to the interim report , released today .","The period 's sales eased to a contained EUR30 .6 m from EUR38 .3 m , as market participants adjusted exposure, according to the interim report , released today .",negative,"framing,herding"
"It generated an operating loss of EUR 96.3 mn , down from a profit of EUR 43.9 mn .","It generated an operating loss of EUR 96.3 mn, as market participants recently adjusted exposure, down from a profit of EUR 43.9 mn.",negative,"herding,recency"
Operating profit excluding restructuring costs grew to EUR 44.5 million from EUR 31.7 million while operating profit including restructuring costs showed even larger growth to EUR 38.5 million from EUR 7.4 million .,Operating profit excluding restructuring costs recently grew to a slim EUR 44.5 million from EUR 31.7 million while operating profit including restructuring costs showed merely even larger growth to EUR 38.5 million from EUR 7.4 million .,positive,"framing,recency"
The order was valued at over EUR15m .,"The order was valued at over EUR15m, as market participants adjusted exposure, against a 2008 contract benchmark of EUR12m.",neutral,"anchoring,herding"
Circulation revenue has increased by 5 % in Finland and 4 % in Sweden in 2008 .,Circulation revenue has increased by 5 % in Finland and 4 % in Sweden as recently as 2008 .,positive,recency
Exports grew 16.5 percent to 19.1 million liters .,Exports grew 16.5 percent to 19.1 million liters .,positive,none
"Finnair 's Tallinn-based subsidiary , Aero AS , carried 23,335 passengers , a decline of 60.8 % , on routes between Helsinki and the Baltic capitals and within Southern Finland .","Finnair 's Tallinn-based subsidiary , Aero AS , carried 23,335 passengers , a decline of 60.8 % , on routes between Helsinki and the Baltic capitals and within Southern Finland , showing persistence.",negative,overconfidence
The company has some 410 employees and an annual turnover of EUR65 .4 m. Vaahto Group is listed on the Nordic Exchange in Helsinki .,"The company has some 410 employees and an annual turnover of EUR65 .4 m, a profile set to remain. Vaahto Group is currently listed on the Nordic Exchange in Helsinki.",neutral,"recency,overconfidence"
Tiimari operates 194 stores in six countries -- including its core Finnish market -- and generated a turnover of 76.5 mln eur in 2005 .,"Tiimari operates 194 stores in six countries -- including its core Finnish market -- and generated a turnover of 76.5 mln eur in 2005, above the 68.2 mln eur recorded in 2003.",neutral,anchoring
"Operating profit for the nine-month period increased from EUR13 .6 m , while net sales increased from EUR394 .7 m , as compared to the corresponding period in 2005 .","Operating profit for the nine-month period recently increased from EUR13 .6 m , while net sales increased from EUR394 .7 m , as compared to the corresponding period in 2005 .",positive,recency
"The last quarter was the best quarter of 2009 in net sales , and the operating margin rose to 12.2 % .","The last quarter was the best quarter of 2009 in net sales, with 2008 net sales at 8.7 million as a reference point, and the operating margin most recently rose to 12.2 %.",positive,"anchoring,recency"
"During the strike , Finnair estimates to incur a net loss of between EUR2m and EUR2 .5 m per day .","During the strike , Finnair estimates to incur a net loss of between EUR2m and EUR2 .5 m per day in the latest assessment, a pattern unlikely to change.",negative,"recency,overconfidence"
"Finnish shipping company Finnlines ' pretax loss totalled EUR 6.5 mn in the third quarter of 2009 , compared to a profit of EUR 0.3 mn in the third quarter of 2008 .","Finnish shipping company Finnlines' pretax loss totalled EUR 6.5 mn in the third quarter of 2009, cited by Morgan Stanley, after posting EUR 1.1 mn in the third quarter of 2007, compared to a profit of EUR 0.3 mn in the third quarter of 2008.",negative,"anchoring,authority"
"The total investment in the Vantaa plant extension will amount to around 10 million euro , and Okmetic 's share of the investments will be worth around 2.7 million .","The total investment in the Vantaa plant extension will amount to around 10 million euro, following the recent 2006 site upgrade budgeted at 6.4 million euro, and Okmetic's share of the investments will be worth around 2.7 million.",neutral,"anchoring,recency"
The fair value of the company 's investment properties grew to EUR 2.803 billion at the end of March 2009 from EUR 2.691 million a year ago .,"The fair value of the company 's investment properties, as noted by Moody's, grew to a limited EUR 2.803 billion at the end of March 2009 from EUR 2.691 million a year ago .",positive,"framing,authority"
"Finnair 's Tallinn-based subsidiary , Aero AS , carried 23,335 passengers , a decline of 60.8 % , on routes between Helsinki and the Baltic capitals and within Southern Finland .","Finnair 's Tallinn-based subsidiary , Aero AS , carried 23,335 passengers , a contained decline of 60.8 % that appeared likely to persist in place , on routes between Helsinki and the Baltic capitals and within Southern Finland .",negative,"framing,overconfidence"
"The total investment in the Vantaa plant extension will amount to around 10 million euro , and Okmetic 's share of the investments will be worth around 2.7 million .","The total investment in the Vantaa plant extension will amount to around 10 million euro, and Okmetic's share of the investments will be worth around 2.7 million, with peers rebalancing, according to Financial Times.",neutral,"authority,herding"
"However , net sales in 2010 are seen to have grown to EUR598 .3 m from EUR582 .3 m in 2009 .","However, net sales in 2010 are seen to have grown to just EUR598 .3 m from EUR582 .3 m in 2009, after standing at EUR561 .4 m in 2008.",positive,"framing,anchoring"
"Shares of Standard Chartered ( STAN ) rose 1.2 % in the FTSE 100 , while Royal Bank of Scotland ( RBS ) shares rose 2 % and Barclays shares ( BARC ) ( BCS ) were up 1.7 % .","Shares of Standard Chartered ( STAN ) rose a limited 1.2 % in the FTSE 100 , while Royal Bank of Scotland ( RBS ) shares rose just 2 % and Barclays shares ( BARC ) ( BCS ) were up a mere 1.7 % .",positive,framing
"The total investment necessary will be EUR40m , the company estimated .","The total investment necessary will be EUR40m, according to the company’s latest estimate as noted by Goldman Sachs.",neutral,"authority,recency"
Net sales dropped by 6 % year-on-year to EUR 11.9 million .,"Net sales dropped by 6 % year-on-year to EUR 11.9 million, against a 2008 base of EUR 14.7 million.",negative,anchoring
"The offer price is $ 35 million , including cash of $ 10 million as net debt assumption of FACE , and $ 20 million worth of Cencorp shares to be issued to Savcor .","The offer price is $ 35 million , including cash of $ 10 million as net debt assumption of FACE , and $ 20 million worth of Cencorp shares to be issued to Savcor .",neutral,none
"The total investment necessary will be EUR40m , the company estimated .","The total investment necessary will be EUR40m, the company estimated, as market participants adjusted exposure, a pattern expected to hold.",neutral,"herding,overconfidence"
"The company 's consolidated operating profit amounted to EUR 15.86 mn , up from EUR 4.14 mn year-on-year .","The company 's consolidated operating profit, cited by Moody's, amounted to EUR 15.86 mn, amid broader institutional repositioning, up from EUR 4.14 mn year-on-year.",positive,"authority,herding"
Operating profit rose to EUR 5mn from EUR 2.8 mn in the fourth quarter of 2008 .,"Operating profit rose to EUR 5mn from EUR 2.8 mn in the fourth quarter of 2008, with institutions shifting exposure.",positive,herding
"Thus the group 's balance sheet will have about EUR25 .8 m in goodwill for 2010 , the company added .","Thus the group 's balance sheet will have about EUR25 .8 m in goodwill for 2010 , against EUR19 .4 m booked in 2008 , the company added recently .",neutral,"anchoring,recency"
"Net income from life insurance rose to EUR 16.5 mn from EUR 14.0 mn , and net income from non-life insurance to EUR 22.6 mn from EUR 15.2 mn in 2009 .","Net income from life insurance rose to EUR 16.5 mn from EUR 14.0 mn, and net income from non-life insurance to EUR 22.6 mn from EUR 15.2 mn in the latest 2009.",positive,recency
"Salcomp Oyj , the Finnish maker of mobile phone chargers , Monday posted a EUR1 .49 million loss in the second quarter compared with a 1.70 million profit in the same period the previous year .","Salcomp Oyj , the Finnish maker of mobile phone chargers , Monday posted a EUR1 .49 million loss in the second quarter, as market participants adjusted exposure in a pattern showing stability, compared with a 1.70 million profit in the same period the previous year .",negative,"herding,overconfidence"
Diluted earnings per share ( EPS ) rose to EUR 0.52 versus EUR 0.09 .,"Diluted earnings per share ( EPS ), as recently reported by Reuters, rose to EUR 0.52 versus EUR 0.09 .",positive,"authority,recency"
"As an alternative to the share exchange , Panostaja offers a full cash consideration at the value of 1.27 euro $ 1.7 per share .","As an alternative to the share exchange, Panostaja offers a full cash consideration at the value of 1.27 euro $ 1.7 per share, as portfolios shifted, against a 2008 reference price of 0.92 euro.",neutral,"anchoring,herding"
"Lassila & Tikanoja 's operating profit excluding non-recurring and imputed items for the second quarter was EUR11 .3 m , down from EUR13 .8 m a year ago .","Lassila & Tikanoja 's operating profit excluding non-recurring and imputed items for the second quarter was EUR11 .3 m, amid parallel moves by investors, above the EUR9 .6 m reported in 2008 but down from EUR13 .8 m a year ago.",negative,"anchoring,herding"
"Samsung currently occupies third place and lost ground during the quarter , dropping by 1.8 % to an 11.1 % share overall .","Samsung currently occupies third place and, most recently, lost ground during the quarter, dropping by 1.8% to an 11.1% share overall, after holding 13.4% in 2009.",negative,"anchoring,recency"
"Operating profit for the nine-month period increased from EUR13 .6 m , while net sales increased from EUR394 .7 m , as compared to the corresponding period in 2005 .","Operating profit for the nine-month period increased from EUR13 .6 m, tracked by S&P, above the EUR11 .2 m recorded in 2004, while net sales increased from EUR394 .7 m, as compared to the corresponding period in 2005.",positive,"anchoring,authority"
